{
	"credit": "Made with Blockbench",
	"texture_size": [32, 32],
	"textures": {
		"0": "createdieselgenerators:block/gas_burner",
		"1": "create:block/axis_top",
		"2": "create:block/axis",
		"particle": "createdieselgenerators:block/gas_burner"
	},
	"elements": [
		{
			"from": [2, 0, 2],
			"to": [14, 4, 14],
			"faces": {
				"north": {"uv": [9, 8, 15, 10], "texture": "#0"},
				"east": {"uv": [9, 8, 15, 10], "texture": "#0"},
				"south": {"uv": [9, 8, 15, 10], "texture": "#0"},
				"west": {"uv": [9, 8, 15, 10], "texture": "#0"},
				"up": {"uv": [9, 1, 15, 7], "texture": "#0"},
				"down": {"uv": [9, 10, 15, 16], "texture": "#0"}
			}
		},
		{
			"from": [4, 4, 4],
			"to": [12, 11, 12],
			"rotation": {"angle": 0, "axis": "y", "origin": [-2, 4, -2]},
			"faces": {
				"east": {"uv": [5, 12.5, 9, 16], "texture": "#0"},
				"west": {"uv": [5, 12.5, 9, 16], "texture": "#0"},
				"up": {"uv": [10, 2, 14, 6], "texture": "#0"}
			}
		},
		{
			"from": [3.95, 3.95, 0.95],
			"to": [12.05, 12.05, 4.05],
			"rotation": {"angle": 0, "axis": "y", "origin": [-2, 4, -2]},
			"faces": {
				"north": {"uv": [1, 12, 5, 16], "texture": "#0"},
				"east": {"uv": [1, 10.5, 5, 12], "rotation": 90, "texture": "#0"},
				"south": {"uv": [1, 12, 5, 16], "texture": "#0"},
				"west": {"uv": [1, 10.5, 5, 12], "rotation": 90, "texture": "#0"},
				"up": {"uv": [1, 10.5, 5, 12], "rotation": 180, "texture": "#0"},
				"down": {"uv": [1, 10.5, 5, 12], "texture": "#0"}
			}
		},
		{
			"from": [3.95, 3.95, 11.95],
			"to": [12.05, 12.05, 15.05],
			"rotation": {"angle": 0, "axis": "y", "origin": [-2, 4, -2]},
			"faces": {
				"north": {"uv": [1, 12, 5, 16], "texture": "#0"},
				"east": {"uv": [1, 10.5, 5, 12], "rotation": 90, "texture": "#0"},
				"south": {"uv": [1, 12, 5, 16], "texture": "#0"},
				"west": {"uv": [1, 10.5, 5, 12], "rotation": 90, "texture": "#0"},
				"up": {"uv": [1, 10.5, 5, 12], "rotation": 180, "texture": "#0"},
				"down": {"uv": [1, 10.5, 5, 12], "texture": "#0"}
			}
		},
		{
			"from": [0, 0, 0],
			"to": [2.82, 5, 0],
			"rotation": {"angle": -45, "axis": "y", "origin": [0, 0, 0]},
			"faces": {
				"north": {"uv": [14.5, 8, 16, 10.5], "texture": "#0"},
				"south": {"uv": [16, 8, 14.5, 10.5], "texture": "#0"}
			}
		},
		{
			"from": [16, 0, 13.18],
			"to": [16, 5, 16],
			"rotation": {"angle": 45, "axis": "y", "origin": [16, 0, 16]},
			"faces": {
				"east": {"uv": [16, 8, 14.5, 10.5], "texture": "#0"},
				"west": {"uv": [14.5, 8, 16, 10.5], "texture": "#0"}
			}
		},
		{
			"from": [0, 0, 16],
			"to": [2.82, 5, 16],
			"rotation": {"angle": 45, "axis": "y", "origin": [0, 0, 16]},
			"faces": {
				"north": {"uv": [14.5, 8, 16, 10.5], "texture": "#0"},
				"south": {"uv": [16, 8, 14.5, 10.5], "texture": "#0"}
			}
		},
		{
			"from": [16, 0, 0],
			"to": [16, 5, 2.82],
			"rotation": {"angle": -45, "axis": "y", "origin": [16, 0, 0]},
			"faces": {
				"east": {"uv": [14.5, 8, 16, 10.5], "texture": "#0"},
				"west": {"uv": [16, 8, 14.5, 10.5], "texture": "#0"}
			}
		},
		{
			"from": [1, 5, 1],
			"to": [15, 12, 15],
			"rotation": {"angle": 0, "axis": "y", "origin": [1, 5, 1]},
			"faces": {
				"north": {"uv": [0.5, 4, 7.5, 7.5], "texture": "#0"},
				"east": {"uv": [0.5, 4, 7.5, 7.5], "texture": "#0"},
				"south": {"uv": [0.5, 4, 7.5, 7.5], "texture": "#0"},
				"west": {"uv": [0.5, 4, 7.5, 7.5], "texture": "#0"}
			}
		},
		{
			"from": [15, 5, 1],
			"to": [1, 12, 15],
			"rotation": {"angle": 0, "axis": "y", "origin": [15, 5, 1]},
			"faces": {
				"north": {"uv": [0.5, 4, 7.5, 7.5], "texture": "#0"},
				"east": {"uv": [0.5, 4, 7.5, 7.5], "texture": "#0"},
				"south": {"uv": [0.5, 4, 7.5, 7.5], "texture": "#0"},
				"west": {"uv": [0.5, 4, 7.5, 7.5], "texture": "#0"}
			}
		},
		{
			"from": [1, 12, 15],
			"to": [15, 13.41, 15],
			"rotation": {"angle": 45, "axis": "x", "origin": [1, 12, 15]},
			"faces": {
				"north": {"uv": [0.5, 3.5, 7.5, 4], "texture": "#0"},
				"east": {"uv": [0.5, 3.5, 7.5, 4], "texture": "#0"},
				"south": {"uv": [0.5, 3.5, 7.5, 4], "texture": "#0"},
				"west": {"uv": [0.5, 3.5, 7.5, 4], "texture": "#0"}
			}
		},
		{
			"from": [1, 4, 14],
			"to": [15, 5.41, 14],
			"rotation": {"angle": 45, "axis": "x", "origin": [1, 4, 14]},
			"faces": {
				"north": {"uv": [0.5, 3.5, 7.5, 4], "texture": "#0"},
				"east": {"uv": [0.5, 3.5, 7.5, 4], "texture": "#0"},
				"south": {"uv": [0.5, 3.5, 7.5, 4], "texture": "#0"},
				"west": {"uv": [0.5, 3.5, 7.5, 4], "texture": "#0"}
			}
		},
		{
			"from": [1, 12, 1],
			"to": [15, 13.41, 1],
			"rotation": {"angle": -45, "axis": "x", "origin": [1, 12, 1]},
			"faces": {
				"north": {"uv": [0.5, 3.5, 7.5, 4], "texture": "#0"},
				"east": {"uv": [0.5, 3.5, 7.5, 4], "texture": "#0"},
				"south": {"uv": [0.5, 3.5, 7.5, 4], "texture": "#0"},
				"west": {"uv": [0.5, 3.5, 7.5, 4], "texture": "#0"}
			}
		},
		{
			"from": [1, 12, 1],
			"to": [1, 13.41, 15],
			"rotation": {"angle": 45, "axis": "z", "origin": [1, 12, 1]},
			"faces": {
				"north": {"uv": [0.5, 3.5, 7.5, 4], "texture": "#0"},
				"east": {"uv": [0.5, 3.5, 7.5, 4], "texture": "#0"},
				"south": {"uv": [0.5, 3.5, 7.5, 4], "texture": "#0"},
				"west": {"uv": [0.5, 3.5, 7.5, 4], "texture": "#0"}
			}
		},
		{
			"from": [2, 4, 1],
			"to": [2, 5.41, 15],
			"rotation": {"angle": 45, "axis": "z", "origin": [2, 4, 1]},
			"faces": {
				"north": {"uv": [0.5, 3.5, 7.5, 4], "texture": "#0"},
				"east": {"uv": [0.5, 3.5, 7.5, 4], "texture": "#0"},
				"south": {"uv": [0.5, 3.5, 7.5, 4], "texture": "#0"},
				"west": {"uv": [0.5, 3.5, 7.5, 4], "texture": "#0"}
			}
		},
		{
			"from": [15, 12, 1],
			"to": [15, 13.41, 15],
			"rotation": {"angle": -45, "axis": "z", "origin": [15, 12, 1]},
			"faces": {
				"north": {"uv": [0.5, 3.5, 7.5, 4], "texture": "#0"},
				"east": {"uv": [0.5, 3.5, 7.5, 4], "texture": "#0"},
				"south": {"uv": [0.5, 3.5, 7.5, 4], "texture": "#0"},
				"west": {"uv": [0.5, 3.5, 7.5, 4], "texture": "#0"}
			}
		},
		{
			"from": [14, 4, 1],
			"to": [14, 5.41, 15],
			"rotation": {"angle": -45, "axis": "z", "origin": [14, 4, 1]},
			"faces": {
				"north": {"uv": [0.5, 3.5, 7.5, 4], "texture": "#0"},
				"east": {"uv": [0.5, 3.5, 7.5, 4], "texture": "#0"},
				"south": {"uv": [0.5, 3.5, 7.5, 4], "texture": "#0"},
				"west": {"uv": [0.5, 3.5, 7.5, 4], "texture": "#0"}
			}
		},
		{
			"from": [1, 4, 2],
			"to": [15, 5.41, 2],
			"rotation": {"angle": -45, "axis": "x", "origin": [1, 4, 2]},
			"faces": {
				"north": {"uv": [0.5, 3.5, 7.5, 4], "texture": "#0"},
				"east": {"uv": [0.5, 3.5, 7.5, 4], "texture": "#0"},
				"south": {"uv": [0.5, 3.5, 7.5, 4], "texture": "#0"},
				"west": {"uv": [0.5, 3.5, 7.5, 4], "texture": "#0"}
			}
		},
		{
			"from": [6, 6, 0],
			"to": [10, 10, 16],
			"rotation": {"angle": -22.5, "axis": "z", "origin": [8, 8, 8]},
			"faces": {
				"north": {"uv": [6, 6, 10, 10], "texture": "#1"},
				"east": {"uv": [6, 0, 10, 16], "rotation": 90, "texture": "#2"},
				"south": {"uv": [6, 6, 10, 10], "texture": "#1"},
				"west": {"uv": [6, 0, 10, 16], "rotation": 90, "texture": "#2"},
				"up": {"uv": [6, 0, 10, 16], "texture": "#2"},
				"down": {"uv": [6, 0, 10, 16], "texture": "#2"}
			}
		}
	],
	"display": {
		"thirdperson_righthand": {
			"rotation": [75, 45, 0],
			"translation": [0, 2.5, 0],
			"scale": [0.375, 0.375, 0.375]
		},
		"thirdperson_lefthand": {
			"rotation": [75, 45, 0],
			"translation": [0, 2.5, 0],
			"scale": [0.375, 0.375, 0.375]
		},
		"firstperson_righthand": {
			"rotation": [0, 45, 0],
			"scale": [0.4, 0.4, 0.4]
		},
		"firstperson_lefthand": {
			"rotation": [0, 225, 0],
			"scale": [0.4, 0.4, 0.4]
		},
		"ground": {
			"translation": [0, 3, 0],
			"scale": [0.25, 0.25, 0.25]
		},
		"gui": {
			"rotation": [30, 225, 0],
			"scale": [0.7, 0.7, 0.7]
		},
		"fixed": {
			"scale": [0.5, 0.5, 0.5]
		}
	}
}