{
	"credit": "Made with Blockbench",
	"texture_size": [64, 64],
	"textures": {
		"0": "createdieselgenerators:block/distillation_tower/distillation_tank_top_connected",
		"1": "createdieselgenerators:block/distillation_tower/distillation_tank_connected",
		"2": "createdieselgenerators:block/distillation_tower/distillation_tank_pipes_connected",
		"particle": "createdieselgenerators:block/distillation_tower/distillation_tank_top_connected"
	},
	"elements": [
		{
			"from": [0, 0, 0],
			"to": [16, 16, 16],
			"faces": {
				"north": {"uv": [0, 8, 4, 12], "texture": "#2"},
				"east": {"uv": [0, 8, 4, 12], "texture": "#1"},
				"south": {"uv": [0, 8, 4, 12], "texture": "#1"},
				"west": {"uv": [0, 8, 4, 12], "texture": "#1"},
				"up": {"uv": [0, 12, 4, 16], "texture": "#0"},
				"down": {"uv": [0, 12, 4, 16], "texture": "#0"}
			}
		}
	]
}