{
	"format_version": "1.8.0",
	"animations": {
		"reload": {
			"animation_length": 2.875,
			"bones": {
				"right_arm": {
					"rotation": {
						"0.0": {
							"post": [90, 0, -180],
							"lerp_mode": "catmullrom"
						},
						"0.2083": {
							"post": [90, 0, -180],
							"lerp_mode": "catmullrom"
						},
						"0.375": {
							"post": [92.625, 9.84375, -180],
							"lerp_mode": "catmullrom"
						},
						"0.5": {
							"post": [100, 17.5, -180],
							"lerp_mode": "catmullrom"
						},
						"0.5833": {
							"post": [100, 17.5, -180],
							"lerp_mode": "catmullrom"
						},
						"1.0": {
							"post": [100.84, 17.84, -180],
							"lerp_mode": "catmullrom"
						},
						"1.1667": {
							"post": [100.84, 17.84, -180],
							"lerp_mode": "catmullrom"
						},
						"1.3333": {
							"post": [100, 17.5, -180],
							"lerp_mode": "catmullrom"
						},
						"1.4167": {
							"post": [100, 17.5, -180],
							"lerp_mode": "catmullrom"
						},
						"1.5": {
							"post": [93, 17.5, -180],
							"lerp_mode": "catmullrom"
						},
						"1.625": {
							"post": [91, 17.5, -180],
							"lerp_mode": "catmullrom"
						},
						"1.6667": {
							"post": [93, 17.5, -180],
							"lerp_mode": "catmullrom"
						},
						"1.8333": {
							"post": [77.59757, 9.58097, -277.19671],
							"lerp_mode": "catmullrom"
						},
						"1.875": {
							"post": [77.59757, 9.58097, -277.19671],
							"lerp_mode": "catmullrom"
						},
						"2.0": {
							"post": [77.59757, 9.58097, -277.19671],
							"lerp_mode": "catmullrom"
						},
						"2.0833": {
							"post": [77.59757, 9.58097, -277.19671],
							"lerp_mode": "catmullrom"
						},
						"2.25": {
							"post": [77.73143, 4.69626, -276.12051],
							"lerp_mode": "catmullrom"
						},
						"2.5833": {
							"post": [90, 0, -180],
							"lerp_mode": "catmullrom"
						}
					},
					"position": {
						"0.0": {
							"post": [5.8, -2.2, 5.75],
							"lerp_mode": "catmullrom"
						},
						"0.2083": {
							"post": [5.65, -2.2, 5.75],
							"lerp_mode": "catmullrom"
						},
						"0.375": {
							"post": [4.86, -4.93, 2.66],
							"lerp_mode": "catmullrom"
						},
						"0.5": {
							"post": [4.25, -3.8, 0.25],
							"lerp_mode": "catmullrom"
						},
						"0.5833": {
							"post": [4.25, -3.8, 0.25],
							"lerp_mode": "catmullrom"
						},
						"1.0": {
							"post": [4.22, -3.68, 0.16],
							"lerp_mode": "catmullrom"
						},
						"1.1667": {
							"post": [4.22, -3.68, 0.16],
							"lerp_mode": "catmullrom"
						},
						"1.3333": {
							"post": [4.25, -3.8, 0.25],
							"lerp_mode": "catmullrom"
						},
						"1.4167": {
							"post": [4.25, -3.8, 0.25],
							"lerp_mode": "catmullrom"
						},
						"1.5": {
							"post": [4.30222, -4.03481, 1.08439],
							"lerp_mode": "catmullrom"
						},
						"1.625": {
							"post": [4.30222, -4.78481, 0.08439],
							"lerp_mode": "catmullrom"
						},
						"1.6667": {
							"post": [4.30222, -4.78481, 0.08439],
							"lerp_mode": "catmullrom"
						},
						"1.8333": {
							"post": [2.68928, -0.75868, 1.28758],
							"lerp_mode": "catmullrom"
						},
						"1.875": {
							"post": [2.68928, -0.75868, 1.28758],
							"lerp_mode": "catmullrom"
						},
						"2.0": {
							"post": [2.68928, -0.75868, 3.28758],
							"lerp_mode": "catmullrom"
						},
						"2.0833": {
							"post": [2.68928, -0.75868, 3.28758],
							"lerp_mode": "catmullrom"
						},
						"2.25": {
							"post": [2.68928, -2.75868, 4.28758],
							"lerp_mode": "catmullrom"
						},
						"2.5833": {
							"post": [5.8, -2.2, 5.75],
							"lerp_mode": "catmullrom"
						}
					},
					"scale": {
						"0.0": {
							"post": [1, 1.05, 1],
							"lerp_mode": "catmullrom"
						},
						"0.2083": {
							"post": [1, 1.05, 1],
							"lerp_mode": "catmullrom"
						},
						"1.0": {
							"post": [1, 1.05, 1],
							"lerp_mode": "catmullrom"
						},
						"1.1667": {
							"post": [1, 1.05, 1],
							"lerp_mode": "catmullrom"
						},
						"2.5833": {
							"post": [1, 1.05, 1],
							"lerp_mode": "catmullrom"
						}
					}
				},
				"left_arm": {
					"rotation": {
						"0.0": {
							"post": [73.95054, -26.20116, -129.71317],
							"lerp_mode": "catmullrom"
						},
						"2.875": {
							"post": [73.95, -26.2, -129.71],
							"lerp_mode": "catmullrom"
						}
					},
					"position": {
						"0.0": {
							"post": [-3.07463, -5.90305, -4.8227],
							"lerp_mode": "catmullrom"
						},
						"2.875": {
							"post": [-3.07, -5.9, -4.82],
							"lerp_mode": "catmullrom"
						}
					},
					"scale": {
						"0.0": {
							"post": [1, 1.05, 1],
							"lerp_mode": "catmullrom"
						},
						"2.875": {
							"post": [1, 1.05, 1],
							"lerp_mode": "catmullrom"
						}
					}
				},
				"gun_body": {
					"rotation": {
						"0.0": {
							"post": [0, 0, 0],
							"lerp_mode": "catmullrom"
						},
						"0.2917": {
							"post": [-49.34837, 13.01661, 45.18367],
							"lerp_mode": "catmullrom"
						},
						"0.4167": {
							"post": [-53.21726, 16.87284, 43.89164],
							"lerp_mode": "catmullrom"
						},
						"0.5417": {
							"post": [-49.34837, 13.01661, 45.18367],
							"lerp_mode": "catmullrom"
						},
						"0.625": {
							"post": [-52.40269, 7.86752, 41.56057],
							"lerp_mode": "catmullrom"
						},
						"0.7083": {
							"post": [-55.21364, 10.46303, 43.46762],
							"lerp_mode": "catmullrom"
						},
						"0.8333": {
							"post": [-53.32033, 17.7138, 48.7622],
							"lerp_mode": "catmullrom"
						},
						"1.0": {
							"post": [-52.98526, 16.01731, 47.52831],
							"lerp_mode": "catmullrom"
						},
						"1.1667": {
							"post": [-51.69115, 16.44856, 44.04228],
							"lerp_mode": "catmullrom"
						},
						"1.3333": {
							"post": [-55.14816, 18.91876, 45.82928],
							"lerp_mode": "catmullrom"
						},
						"1.4167": {
							"post": [-52.78302, 23.80322, 49.57261],
							"lerp_mode": "catmullrom"
						},
						"1.5": {
							"post": [-47.85578, 26.04411, 51.77229],
							"lerp_mode": "catmullrom"
						},
						"1.5833": {
							"post": [-47.93954, 26.00562, 49.73733],
							"lerp_mode": "catmullrom"
						},
						"1.6667": {
							"post": [-47.60626, 26.74612, 50.48749],
							"lerp_mode": "catmullrom"
						},
						"1.7917": {
							"post": [-48.26, 25.2613, 48.99659],
							"lerp_mode": "catmullrom"
						},
						"1.875": {
							"post": [-48.15511, 22.43759, 49.16959],
							"lerp_mode": "catmullrom"
						},
						"2.0": {
							"post": [-50.85108, 21.23141, 42.39787],
							"lerp_mode": "catmullrom"
						},
						"2.0833": [-49.67016, 24.66876, 44.50769],
						"2.1667": [-49.59804, 18.92272, 39.31477],
						"2.3333": [-38.98262, 16.25697, 32.97248],
						"2.4583": [-14.75149, 7.85637, 22.54985],
						"2.5833": {
							"pre": [0, -2, 3],
							"post": [0, -2, 3],
							"lerp_mode": "catmullrom"
						},
						"2.7083": {
							"post": [0.03426, -0.02502, -0.99911],
							"lerp_mode": "catmullrom"
						},
						"2.7917": {
							"post": [0, 0, 1],
							"lerp_mode": "catmullrom"
						},
						"2.875": {
							"post": [0, 0, 0],
							"lerp_mode": "catmullrom"
						}
					},
					"position": {
						"0.0": {
							"post": [0, 0, 0],
							"lerp_mode": "catmullrom"
						},
						"0.2917": {
							"post": [4, 2.4, 2],
							"lerp_mode": "catmullrom"
						},
						"0.5417": {
							"post": [4, 2, 2],
							"lerp_mode": "catmullrom"
						},
						"0.625": {
							"post": [4.14, 1.87, 1.75],
							"lerp_mode": "catmullrom"
						},
						"0.7083": {
							"post": [3.74, 1.91, 2],
							"lerp_mode": "catmullrom"
						},
						"0.8333": {
							"post": [3.91, 1.88, 2],
							"lerp_mode": "catmullrom"
						},
						"1.0": {
							"post": [4.06, 2.34, 2.01],
							"lerp_mode": "catmullrom"
						},
						"1.3333": {
							"post": [4.36, 2.34, 2.01],
							"lerp_mode": "catmullrom"
						},
						"1.4167": {
							"post": [4.36, 2.09, 2.01],
							"lerp_mode": "catmullrom"
						},
						"1.5": {
							"post": [4.16, 2.09, 2.01],
							"lerp_mode": "catmullrom"
						},
						"1.6667": {
							"post": [4.36, 2.19, 2.01],
							"lerp_mode": "catmullrom"
						},
						"1.7917": {
							"post": [4.36, 2.69, 2.01],
							"lerp_mode": "catmullrom"
						},
						"1.875": {
							"post": [4.26, 2.94, 1.81],
							"lerp_mode": "catmullrom"
						},
						"2.0": {
							"post": [4.06, 2.84, 1.81],
							"lerp_mode": "catmullrom"
						},
						"2.0833": [3.96, 2.14, 1.81],
						"2.1667": [3.91, 2.84, 1.81],
						"2.25": [3.73, 2.73, 1.86],
						"2.3333": {
							"pre": [3.41, 1.84, 1.81],
							"post": [3.41, 1.84, 1.81],
							"lerp_mode": "catmullrom"
						},
						"2.4583": {
							"post": [2.27, 0.29, 1.09],
							"lerp_mode": "catmullrom"
						},
						"2.5833": {
							"post": [0.1, -0.6, -0.3],
							"lerp_mode": "catmullrom"
						},
						"2.7083": {
							"post": [0, 0, 0.2],
							"lerp_mode": "catmullrom"
						},
						"2.7917": {
							"post": [0, 0, 0],
							"lerp_mode": "catmullrom"
						},
						"2.875": {
							"post": [0, 0, 0],
							"lerp_mode": "catmullrom"
						}
					}
				},
				"bolt": {
					"position": {
						"1.0": {
							"pre": [0, 0, 0],
							"post": [0, 0, 0],
							"lerp_mode": "catmullrom"
						},
						"1.1667": {
							"post": [0, 0, 0],
							"lerp_mode": "catmullrom"
						},
						"1.875": {
							"post": [0, 0, 0],
							"lerp_mode": "catmullrom"
						},
						"2.0": {
							"post": [0, 0, 2],
							"lerp_mode": "catmullrom"
						},
						"2.0833": {
							"post": [0, 0, 2],
							"lerp_mode": "catmullrom"
						},
						"2.1667": {
							"post": [0, 0, 0],
							"lerp_mode": "catmullrom"
						},
						"2.875": {
							"post": [0, 0, 0],
							"lerp_mode": "catmullrom"
						}
					}
				},
				"magazine": {
					"rotation": {
						"0.5": {
							"pre": [0, 0, 0],
							"post": [0, 0, 0],
							"lerp_mode": "catmullrom"
						},
						"0.5833": {
							"post": [0, 0, 0],
							"lerp_mode": "catmullrom"
						},
						"0.7917": {
							"post": [32.27733, 4.02155, -6.33586],
							"lerp_mode": "catmullrom"
						},
						"1.0": {
							"post": [67.08358, 11.54433, -19.19166],
							"lerp_mode": "catmullrom"
						},
						"1.1667": [32.27733, 4.02155, -6.33586],
						"1.3333": [-5, 0, 2.5],
						"1.4167": [-5, 0, 2.5],
						"1.4583": [0, 0, 2.5],
						"2.875": {
							"pre": [0, 0, 0],
							"post": [0, 0, 0],
							"lerp_mode": "catmullrom"
						}
					},
					"position": {
						"0.5": {
							"pre": [0, 0, 0],
							"post": [0, 0, 0],
							"lerp_mode": "catmullrom"
						},
						"0.5833": {
							"post": [0, 0, 0],
							"lerp_mode": "catmullrom"
						},
						"0.7917": {
							"post": [0, -3.3, 0],
							"lerp_mode": "catmullrom"
						},
						"1.0": {
							"post": [6.15176, -7.67057, 11.03806],
							"lerp_mode": "catmullrom"
						},
						"1.1667": [0, -3.3, 0],
						"1.3333": [0, -0.75, -0.25],
						"1.4167": [0, -0.75, -0.25],
						"1.4583": [0, -0.25, 0],
						"2.875": {
							"pre": [0, 0, 0],
							"post": [0, 0, 0],
							"lerp_mode": "catmullrom"
						}
					}
				},
				"magazine_2": {
					"rotation": {
						"0.0": {
							"post": [0, 0, 0],
							"lerp_mode": "catmullrom"
						},
						"1.0": {
							"post": [0, 0, 0],
							"lerp_mode": "catmullrom"
						},
						"1.1667": {
							"post": [0, 0, 0],
							"lerp_mode": "catmullrom"
						},
						"1.4167": {
							"post": [0, 0, 0],
							"lerp_mode": "catmullrom"
						},
						"2.875": {
							"post": [0, 0, 0],
							"lerp_mode": "catmullrom"
						}
					},
					"scale": {
						"0.0": {
							"post": [0, 0, 0],
							"lerp_mode": "catmullrom"
						},
						"1.0": {
							"post": [0, 0, 0],
							"lerp_mode": "catmullrom"
						},
						"1.1667": {
							"post": [0, 0, 0],
							"lerp_mode": "catmullrom"
						},
						"1.4167": {
							"post": [0, 0, 0],
							"lerp_mode": "catmullrom"
						},
						"2.875": {
							"post": [0, 0, 0],
							"lerp_mode": "catmullrom"
						}
					}
				},
				"speed_mag": {
					"rotation": [0, 0, 0],
					"position": [0, 0, 0]
				}
			},
			"sound_effects": {
				"0.6667": {
					"effect": "reload_mag_out"
				},
				"1.4167": {
					"effect": "reload_mag_in"
				},
				"1.875": {
					"effect": "bolt"
				}
			},
			"particle_effects": {
				"2.5833": {
					"effect": "loaded"
				}
			}
		},
		"shoot": {
			"loop": true,
			"animation_length": 1,
			"bones": {
				"right_arm": {
					"rotation": {
						"0.0": {
							"post": [90, 0, -180],
							"lerp_mode": "catmullrom"
						},
						"0.1667": [90, 0, -180],
						"0.25": [104.87739, -1.93597, -172.75279],
						"0.4167": [101.62739, -1.93597, -172.75279],
						"0.4583": [101.63, -1.94, -172.75],
						"0.5417": [104.88, -1.94, -172.75],
						"0.625": [90, 0, -180]
					},
					"position": {
						"0.0": [5.8, -2.2, 5.75],
						"0.1667": [5.05, -2.2, 5.75],
						"0.25": [3.8, -1.92824, 4.73578],
						"0.2917": [3.72935, -1.53555, 3.37294],
						"0.4167": [3.81054, -1.70322, 4.20311],
						"0.4583": [3.82236, -1.90249, 5.18673],
						"0.5": [3.82608, -2.00457, 5.67618],
						"0.5417": [3.83168, -2.04594, 5.90025],
						"0.625": [5.8, -2.2, 5.75]
					},
					"scale": {
						"0.0": {
							"post": [1, 1.05, 1],
							"lerp_mode": "catmullrom"
						},
						"0.625": [1, 1.05, 1]
					}
				},
				"left_arm": {
					"rotation": {
						"0.0": {
							"post": [73.95054, -26.20116, -129.71317],
							"lerp_mode": "catmullrom"
						},
						"1.0": {
							"post": [73.95054, -26.20116, -129.71317],
							"lerp_mode": "catmullrom"
						}
					},
					"position": {
						"0.0": [-3.07463, -5.90305, -4.8227],
						"1.0": [-3.07463, -5.90305, -4.8227]
					},
					"scale": {
						"0.0": {
							"post": [1, 1.05, 1],
							"lerp_mode": "catmullrom"
						},
						"1.0": {
							"post": [1, 1.05, 1],
							"lerp_mode": "catmullrom"
						}
					}
				},
				"gun_body": {
					"rotation": {
						"0.0": {
							"post": [-2.64908, 1.59606, -7.63051],
							"lerp_mode": "catmullrom"
						},
						"0.125": {
							"post": [-3.01287, -0.01642, 1.50448],
							"lerp_mode": "catmullrom"
						},
						"0.3333": {
							"post": [1.66975, -0.02914, 1.24958],
							"lerp_mode": "catmullrom"
						},
						"0.4583": {
							"post": [0.66899, 0.05828, -1.74915],
							"lerp_mode": "catmullrom"
						},
						"0.5": {
							"post": [0.66581, 0.0874, -4.24898],
							"lerp_mode": "catmullrom"
						},
						"0.5833": {
							"post": [0, -0.5, 2.5],
							"lerp_mode": "catmullrom"
						},
						"0.6667": [0, 0, 0],
						"0.75": [0, 0, 0]
					},
					"position": {
						"0.0": {
							"post": [-0.39962, 0.15759, 1.99878],
							"lerp_mode": "catmullrom"
						},
						"0.125": {
							"post": [-0.09564, -0.00952, 1.29129],
							"lerp_mode": "catmullrom"
						},
						"0.1667": {
							"post": [0, 0, 0.5],
							"lerp_mode": "catmullrom"
						},
						"0.25": {
							"post": [0.1, -0.05087, 0.15999],
							"lerp_mode": "catmullrom"
						},
						"0.3333": {
							"post": [0, 0, 0],
							"lerp_mode": "catmullrom"
						},
						"0.4583": {
							"post": [0, 0, 0.5],
							"lerp_mode": "catmullrom"
						},
						"0.5": {
							"post": [0, 0, 0.75],
							"lerp_mode": "catmullrom"
						},
						"0.5833": {
							"post": [0, 0, 0],
							"lerp_mode": "catmullrom"
						},
						"0.75": [0, 0, 0]
					}
				},
				"bolt": {
					"position": {
						"0.0": {
							"post": [0, 0, 0],
							"lerp_mode": "catmullrom"
						},
						"0.4167": {
							"post": [0, 0, 0],
							"lerp_mode": "catmullrom"
						},
						"0.4583": {
							"post": [0, 0, 2],
							"lerp_mode": "catmullrom"
						},
						"0.5417": {
							"post": [0, 0, 2],
							"lerp_mode": "catmullrom"
						},
						"0.625": {
							"post": [0, 0, 0],
							"lerp_mode": "catmullrom"
						}
					}
				},
				"magazine": {
					"scale": 1
				}
			},
			"sound_effects": {
				"0.4167": {
					"effect": "bolt"
				}
			},
			"particle_effects": {
				"0.4583": {
					"effect": "eject_casing"
				}
			}
		},
		"inspect": {
			"animation_length": 6.9583,
			"bones": {
				"right_arm": {
					"rotation": {
						"0.0": {
							"post": [90, 0, -180],
							"lerp_mode": "catmullrom"
						}
					},
					"position": {
						"0.0": {
							"post": [5.8, -2.2, 5.75],
							"lerp_mode": "catmullrom"
						}
					},
					"scale": {
						"0.0": {
							"post": [1, 1.05, 1],
							"lerp_mode": "catmullrom"
						}
					}
				},
				"left_arm": {
					"rotation": {
						"0.0": {
							"post": [73.95054, -26.20116, -129.71317],
							"lerp_mode": "catmullrom"
						}
					},
					"position": {
						"0.0": {
							"post": [-3.07463, -5.90305, -4.8227],
							"lerp_mode": "catmullrom"
						}
					},
					"scale": {
						"0.0": {
							"post": [1, 1, 1],
							"lerp_mode": "catmullrom"
						}
					}
				},
				"gun_body": {
					"rotation": {
						"0.0": [0, 0, 0],
						"0.125": [0, -2.5, -5],
						"0.2083": [-2.57853, -4.95404, -14.80965],
						"0.2917": {
							"pre": [-4.508, -7.02695, -15.65254],
							"post": [-4.508, -7.02695, -15.65254],
							"lerp_mode": "catmullrom"
						},
						"0.375": {
							"post": [-4.62773, -7.0966, -14.70862],
							"lerp_mode": "catmullrom"
						},
						"0.5": {
							"post": [-4.508, -7.02695, -15.65254],
							"lerp_mode": "catmullrom"
						},
						"0.7917": {
							"post": [-4.52, -7.02, -16.21],
							"lerp_mode": "catmullrom"
						},
						"1.0417": {
							"post": [-4.64204, -6.94013, -15.20575],
							"lerp_mode": "catmullrom"
						},
						"1.25": {
							"post": [-6.51282, -5.22584, 2.31015],
							"lerp_mode": "catmullrom"
						},
						"1.375": {
							"post": [-8.3243, -0.56277, 37.05356],
							"lerp_mode": "catmullrom"
						},
						"1.4583": {
							"post": [-8.53622, 3.77089, 65.74516],
							"lerp_mode": "catmullrom"
						},
						"1.5417": {
							"post": [-7.54113, 3.72387, 66.74372],
							"lerp_mode": "catmullrom"
						},
						"1.6667": {
							"post": [-7.47547, 3.85454, 67.73732],
							"lerp_mode": "catmullrom"
						},
						"1.75": {
							"post": [-7.46974, 3.90147, 66.73882],
							"lerp_mode": "catmullrom"
						},
						"1.8333": {
							"post": [-7.45276, 3.93394, 66.98729],
							"lerp_mode": "catmullrom"
						},
						"2.0417": {
							"post": [-7.48657, 3.86894, 66.49038],
							"lerp_mode": "catmullrom"
						},
						"2.2083": {
							"post": [-7.48297, 3.90421, 65.74146],
							"lerp_mode": "catmullrom"
						},
						"2.375": {
							"post": [-7.11661, 4.53992, 70.71442],
							"lerp_mode": "catmullrom"
						},
						"2.5": {
							"post": [-7.1256, 4.49349, 71.71259],
							"lerp_mode": "catmullrom"
						},
						"2.625": {
							"post": [-6.93347, 4.40008, 70.96618],
							"lerp_mode": "catmullrom"
						},
						"2.8333": {
							"post": [-6.6813, 4.4117, 70.71663],
							"lerp_mode": "catmullrom"
						},
						"3.0": {
							"post": [-6.63882, 4.78727, 62.72895],
							"lerp_mode": "catmullrom"
						},
						"3.2083": {
							"post": [0.52466, 0.68222, 7.99329],
							"lerp_mode": "catmullrom"
						},
						"3.3333": [-0.03609, 0.05689, -1.99888],
						"3.4583": [0, 0, 0],
						"3.5833": [0, 0, 0],
						"3.6667": [0, 0, 0]
					},
					"position": {
						"0.0": [0, 0, 0],
						"0.125": [-0.25, -0.25, 0.75],
						"0.2083": [-0.55, -0.25, 0.75],
						"0.2917": {
							"pre": [-0.65, -0.45, 0.75],
							"post": [-0.65, -0.45, 0.75],
							"lerp_mode": "catmullrom"
						},
						"0.5": {
							"post": [-0.55, -0.35, 0.75],
							"lerp_mode": "catmullrom"
						},
						"0.7917": {
							"post": [-0.49, -0.39, 0.75],
							"lerp_mode": "catmullrom"
						},
						"1.0417": {
							"post": [-0.49, -0.49, 0.75],
							"lerp_mode": "catmullrom"
						},
						"1.25": {
							"post": [-0.09, -0.79, 0.75],
							"lerp_mode": "catmullrom"
						},
						"1.375": {
							"post": [1.11, -0.79, 0.75],
							"lerp_mode": "catmullrom"
						},
						"1.4583": {
							"post": [1.51, -0.14, 0.75],
							"lerp_mode": "catmullrom"
						},
						"1.5417": {
							"post": [1.71, -0.04, 0.75],
							"lerp_mode": "catmullrom"
						},
						"1.6667": {
							"post": [1.61, -0.14, 0.75],
							"lerp_mode": "catmullrom"
						},
						"1.8333": {
							"post": [1.575, -0.16, 0.75],
							"lerp_mode": "catmullrom"
						},
						"2.375": {
							"post": [1.71, -0.16, 0.75],
							"lerp_mode": "catmullrom"
						},
						"2.5": {
							"post": [1.735, -0.135, 0.75],
							"lerp_mode": "catmullrom"
						},
						"2.8333": {
							"post": [1.565, -0.205, 0.75],
							"lerp_mode": "catmullrom"
						},
						"3.0": {
							"post": [1.27, -0.4, 0.75],
							"lerp_mode": "catmullrom"
						},
						"3.0833": {
							"post": [0.57, -1.35, 0.75],
							"lerp_mode": "catmullrom"
						},
						"3.2083": {
							"post": [-0.03, -0.9, 0.75],
							"lerp_mode": "catmullrom"
						},
						"3.3333": [0, 0, 0],
						"3.4583": [0, 0, 0],
						"3.5833": [0, 0, 0],
						"3.6667": [0, 0, 0]
					}
				},
				"bolt": {
					"position": {
						"0.0": {
							"post": [0, 0, 0],
							"lerp_mode": "catmullrom"
						}
					}
				},
				"scriptures": {
					"rotation": {
						"0.0": {
							"post": [0, 0, 0],
							"lerp_mode": "catmullrom"
						},
						"0.2083": {
							"post": [6.44145, -1.72183, -8.43023],
							"lerp_mode": "catmullrom"
						},
						"0.2917": {
							"post": [10, 0, -35],
							"lerp_mode": "catmullrom"
						},
						"0.4167": {
							"post": [12.45392, 1.08089, -47.88206],
							"lerp_mode": "catmullrom"
						},
						"0.5833": {
							"post": [7.5, 0, -40.5],
							"lerp_mode": "catmullrom"
						},
						"0.6667": {
							"post": [12.5, 0, -43],
							"lerp_mode": "catmullrom"
						},
						"1.125": {
							"post": [14.5, 0, -43],
							"lerp_mode": "catmullrom"
						},
						"1.1667": {
							"post": [15.5, 0, -43],
							"lerp_mode": "catmullrom"
						},
						"1.5": {
							"post": [15.31819, 2.39597, -51.67775],
							"lerp_mode": "catmullrom"
						},
						"3.125": {
							"post": [15.31819, 2.39597, -51.67775],
							"lerp_mode": "catmullrom"
						},
						"3.75": {
							"post": [10.1861, -5.35774, -1.20753],
							"lerp_mode": "catmullrom"
						},
						"4.0": {
							"post": [8.95108, -5.59628, 0.45898],
							"lerp_mode": "catmullrom"
						},
						"4.5417": {
							"post": [14.1861, -5.35774, -1.20753],
							"lerp_mode": "catmullrom"
						},
						"5.6667": {
							"post": [14.1861, -5.35774, -1.20753],
							"lerp_mode": "catmullrom"
						},
						"6.7083": {
							"post": [0, 0, 0],
							"lerp_mode": "catmullrom"
						},
						"6.9583": {
							"post": [0, 0, 0],
							"lerp_mode": "catmullrom"
						}
					}
				}
			},
			"sound_effects": {
				"0.5417": {
					"effect": "gun_rustle"
				},
				"3.0417": {
					"effect": "bolt_pull"
				},
				"3.875": {
					"effect": "bolt"
				},
				"6.3333": {
					"effect": "gun_rustle"
				}
			}
		},
		"draw": {
			"animation_length": 0.625,
			"bones": {
				"right_arm": {
					"rotation": {
						"0.0": {
							"post": [101, 0, -180],
							"lerp_mode": "catmullrom"
						},
						"0.625": {
							"post": [90, 0, -180],
							"lerp_mode": "catmullrom"
						}
					},
					"position": {
						"0.0": {
							"post": [5.8, -2.2, 5.75],
							"lerp_mode": "catmullrom"
						},
						"0.625": {
							"post": [5.8, -2.2, 5.75],
							"lerp_mode": "catmullrom"
						}
					},
					"scale": {
						"0.0": {
							"post": [1, 1.05, 1],
							"lerp_mode": "catmullrom"
						},
						"0.625": {
							"post": [1, 1.05, 1],
							"lerp_mode": "catmullrom"
						}
					}
				},
				"left_arm": {
					"rotation": {
						"0.0": {
							"post": [73.95054, -26.20116, -129.71317],
							"lerp_mode": "catmullrom"
						},
						"0.625": {
							"post": [73.95054, -26.20116, -129.71317],
							"lerp_mode": "catmullrom"
						}
					},
					"position": {
						"0.0": {
							"post": [-2.7, -4.85, -4.85],
							"lerp_mode": "catmullrom"
						},
						"0.625": {
							"post": [-3.07463, -5.90305, -4.8227],
							"lerp_mode": "catmullrom"
						}
					},
					"scale": {
						"0.0": {
							"post": [1, 1.05, 1],
							"lerp_mode": "catmullrom"
						},
						"0.625": {
							"post": [1, 1.05, 1],
							"lerp_mode": "catmullrom"
						}
					}
				},
				"gun_body": {
					"rotation": {
						"0.0": [15.42507, -5.78427, 15.45125],
						"0.125": [10.58347, -5.62691, 18.62869],
						"0.4583": [0, 0, 0],
						"0.5417": [0, 0, -1],
						"0.625": [0, 0, 0]
					},
					"position": {
						"0.0": [0.75, -7, 0],
						"0.125": [0.05, -4.34, 0],
						"0.2917": [-0.48, -1.17, -0.75],
						"0.4583": [0, 0.05, -0.3],
						"0.5417": [0, 0, 0],
						"0.625": [0, 0, 0]
					}
				}
			}
		},
		"idle": {
			"loop": true,
			"bones": {
				"right_arm": {
					"rotation": [90, 0, -180],
					"position": [5.8, -2.2, 5.75],
					"scale": [1, 1.05, 1]
				},
				"left_arm": {
					"rotation": [73.95054, -26.20116, -129.71317],
					"position": [-3.07463, -5.90305, -4.8227],
					"scale": [1, 1.05, 1]
				},
				"gun_body": {
					"rotation": [0, 0, 0],
					"position": [0, 0, 0]
				}
			}
		},
		"aim_shoot": {
			"loop": true,
			"animation_length": 1,
			"bones": {
				"right_arm": {
					"rotation": {
						"0.0": {
							"post": [90, 0, -180],
							"lerp_mode": "catmullrom"
						},
						"0.1667": [90, 0, -180],
						"0.25": [104.87739, -1.93597, -172.75279],
						"0.4167": [101.62739, -1.93597, -172.75279],
						"0.4583": [101.63, -1.94, -172.75],
						"0.5417": [104.88, -1.94, -172.75],
						"0.625": [90, 0, -180]
					},
					"position": {
						"0.0": [5.8, -2.2, 5.75],
						"0.1667": [5.05, -2.2, 5.75],
						"0.25": [3.8, -1.92824, 4.73578],
						"0.2917": [3.72935, -1.53555, 3.37294],
						"0.4167": [3.81054, -1.70322, 4.20311],
						"0.4583": [3.82236, -1.90249, 5.18673],
						"0.5": [3.82608, -2.00457, 5.67618],
						"0.5417": [3.83168, -2.04594, 5.90025],
						"0.625": [5.8, -2.2, 5.75]
					},
					"scale": {
						"0.0": {
							"post": [1, 1.05, 1],
							"lerp_mode": "catmullrom"
						},
						"0.625": [1, 1.05, 1]
					}
				},
				"left_arm": {
					"rotation": {
						"0.0": {
							"post": [73.95054, -26.20116, -129.71317],
							"lerp_mode": "catmullrom"
						},
						"1.0": {
							"post": [73.95054, -26.20116, -129.71317],
							"lerp_mode": "catmullrom"
						}
					},
					"position": {
						"0.0": [-3.07463, -5.90305, -4.8227],
						"1.0": [-3.07463, -5.90305, -4.8227]
					},
					"scale": {
						"0.0": {
							"post": [1, 1.05, 1],
							"lerp_mode": "catmullrom"
						},
						"1.0": {
							"post": [1, 1.05, 1],
							"lerp_mode": "catmullrom"
						}
					}
				},
				"gun_body": {
					"rotation": {
						"0.0": {
							"post": [-2.64908, 1.59606, -7.63051],
							"lerp_mode": "catmullrom"
						},
						"0.125": {
							"post": [-3.01287, -0.01642, 1.50448],
							"lerp_mode": "catmullrom"
						},
						"0.3333": {
							"post": [1.66975, -0.02914, 1.24958],
							"lerp_mode": "catmullrom"
						},
						"0.4583": {
							"post": [0.66899, 0.05828, -1.74915],
							"lerp_mode": "catmullrom"
						},
						"0.5": {
							"post": [0.66581, 0.0874, -4.24898],
							"lerp_mode": "catmullrom"
						},
						"0.5833": {
							"post": [0, -0.5, 2.5],
							"lerp_mode": "catmullrom"
						},
						"0.6667": [0, 0, 0],
						"0.75": [0, 0, 0]
					},
					"position": {
						"0.0": {
							"post": [-0.39962, 0.15759, 1.99878],
							"lerp_mode": "catmullrom"
						},
						"0.125": {
							"post": [-0.09564, -0.00952, 1.29129],
							"lerp_mode": "catmullrom"
						},
						"0.1667": {
							"post": [0, 0, 0.5],
							"lerp_mode": "catmullrom"
						},
						"0.25": {
							"post": [0.1, -0.05087, 0.15999],
							"lerp_mode": "catmullrom"
						},
						"0.3333": {
							"post": [0, 0, 0],
							"lerp_mode": "catmullrom"
						},
						"0.4583": {
							"post": [0, 0, 0.5],
							"lerp_mode": "catmullrom"
						},
						"0.5": {
							"post": [0, 0, 0.75],
							"lerp_mode": "catmullrom"
						},
						"0.5833": {
							"post": [0, 0, 0],
							"lerp_mode": "catmullrom"
						},
						"0.75": [0, 0, 0]
					}
				},
				"bolt": {
					"position": {
						"0.0": {
							"post": [0, 0, 0],
							"lerp_mode": "catmullrom"
						},
						"0.4167": {
							"post": [0, 0, 0],
							"lerp_mode": "catmullrom"
						},
						"0.4583": {
							"post": [0, 0, 2],
							"lerp_mode": "catmullrom"
						},
						"0.5417": {
							"post": [0, 0, 2],
							"lerp_mode": "catmullrom"
						},
						"0.625": {
							"post": [0, 0, 0],
							"lerp_mode": "catmullrom"
						}
					}
				},
				"magazine": {
					"scale": 1
				}
			},
			"sound_effects": {
				"0.4167": {
					"effect": "bolt"
				}
			},
			"particle_effects": {
				"0.4583": {
					"effect": "eject_casing"
				}
			}
		}
	}
}