{
	"format_version": "1.8.0",
	"animations": {
		"shoot": {
			"loop": true,
			"animation_length": 0.4583,
			"bones": {
				"right_arm": {
					"rotation": [86, 0, -180],
					"position": [5.65, -1.55, 4.8]
				},
				"left_arm": {
					"rotation": [73.95054, -26.20116, -129.71317],
					"position": [-2.92613, -5.60697, -3.75283]
				},
				"gun_body": {
					"rotation": {
						"0.0": [-0.99255, 0.12186, 6.99894],
						"0.0833": [-1.59963, 0.02094, -0.80036],
						"0.2083": [0, 0, 0]
					},
					"position": {
						"0.0": [0, 0, 1.1],
						"0.2083": [0, 0, 0]
					}
				}
			}
		},
		"reload": {
			"animation_length": 2.9167,
			"bones": {
				"right_arm": {
					"rotation": {
						"0.0": [86, 0, -180],
						"1.1667": [86, 0, -180],
						"1.2917": [86, 0, -180],
						"1.75": [86, 0, -180],
						"1.7917": [86, 0, -180],
						"2.3333": [86, 0, -180]
					},
					"position": {
						"0.0": [5.65, -1.55, 4.8],
						"1.1667": [5.65, -1.55, 4.8],
						"1.2917": [5.65, -1.55, 4.8],
						"1.75": [5.65, -1.55, 4.8],
						"1.7917": [5.65, -1.55, 4.8],
						"2.3333": [5.65, -1.55, 4.8]
					}
				},
				"left_arm": {
					"rotation": {
						"0.0": {
							"post": [73.95054, -26.20116, -129.71317],
							"lerp_mode": "catmullrom"
						},
						"0.25": {
							"post": [73.95054, -26.20116, -129.71317],
							"lerp_mode": "catmullrom"
						},
						"0.3333": {
							"post": [77.46388, -24.93644, -130.19942],
							"lerp_mode": "catmullrom"
						},
						"0.4167": {
							"post": [77.72824, -35.99635, -127.35562],
							"lerp_mode": "catmullrom"
						},
						"1.1667": {
							"post": [77.73, -36, -127.36],
							"lerp_mode": "catmullrom"
						},
						"1.2917": {
							"post": [77.73, -36, -127.36],
							"lerp_mode": "catmullrom"
						},
						"1.75": {
							"post": [77.73, -36, -127.36],
							"lerp_mode": "catmullrom"
						},
						"1.7917": {
							"post": [77.73, -36, -127.36],
							"lerp_mode": "catmullrom"
						},
						"1.9167": {
							"post": [77.73, -36, -127.36],
							"lerp_mode": "catmullrom"
						},
						"2.0833": [73.95054, -26.20116, -129.71317],
						"2.2083": [73.95054, -26.20116, -129.71317],
						"2.625": [73.95054, -26.20116, -129.71317]
					},
					"position": {
						"0.0": {
							"post": [-2.92613, -5.60697, -3.75283],
							"lerp_mode": "catmullrom"
						},
						"0.25": {
							"post": [-2.92613, -5.60697, -3.75283],
							"lerp_mode": "catmullrom"
						},
						"0.4167": {
							"post": [-1.12568, -3.40065, 1.60894],
							"lerp_mode": "catmullrom"
						},
						"1.1667": {
							"post": [-1.13, -3.4, 1.61],
							"lerp_mode": "catmullrom"
						},
						"1.2917": {
							"post": [-1.13, -3.4, 1.61],
							"lerp_mode": "catmullrom"
						},
						"1.7083": {
							"post": [-1.13, -3.4, 1.61],
							"lerp_mode": "catmullrom"
						},
						"1.75": {
							"post": [-0.83, -3.44, 1.59],
							"lerp_mode": "catmullrom"
						},
						"1.7917": {
							"post": [-0.83, -3.44, 1.59],
							"lerp_mode": "catmullrom"
						},
						"1.9167": {
							"post": [-0.24148, -3.53247, 1.55545],
							"lerp_mode": "catmullrom"
						},
						"2.0": {
							"post": [-0.15643, -5.18581, -1.16499],
							"lerp_mode": "catmullrom"
						},
						"2.0833": [-2.92613, -5.60697, -3.75283],
						"2.2083": [-2.92613, -5.60697, -3.75283],
						"2.3333": [-2.93, -5.61, -1.75],
						"2.4167": [-2.93, -5.61, -1.75],
						"2.5": [-2.93, -5.61, -3.3],
						"2.625": [-2.92613, -5.60697, -3.75283]
					}
				},
				"gun_body": {
					"rotation": {
						"0.0": [0, 2, -3],
						"0.0833": {
							"pre": [0.29517, 0.02582, -10.27771],
							"post": [0.29517, 0.02582, -10.27771],
							"lerp_mode": "catmullrom"
						},
						"0.125": {
							"post": [0, 0, -7.5],
							"lerp_mode": "catmullrom"
						},
						"0.3333": {
							"post": [-4, 0, -7.5],
							"lerp_mode": "catmullrom"
						},
						"0.5": {
							"post": [-3.97028, -0.48709, -14.48312],
							"lerp_mode": "catmullrom"
						},
						"0.625": {
							"post": [-3.97028, -0.48709, -14.48312],
							"lerp_mode": "catmullrom"
						},
						"0.75": {
							"post": [-3.93264, -3.22796, 3.74799],
							"lerp_mode": "catmullrom"
						},
						"0.875": {
							"post": [-4.3383, -0.15695, 11.54837],
							"lerp_mode": "catmullrom"
						},
						"1.0": {
							"post": [-4.59553, -2.18182, 17.7247],
							"lerp_mode": "catmullrom"
						},
						"1.1667": {
							"post": [-4.15, -2.95, 7.74],
							"lerp_mode": "catmullrom"
						},
						"1.375": {
							"post": [-3.41014, -3.7413, -4.5254],
							"lerp_mode": "catmullrom"
						},
						"1.625": {
							"post": [-3.24594, -3.92302, -7.25571],
							"lerp_mode": "catmullrom"
						},
						"1.7083": {
							"post": [-3.18665, -5.97597, -8.1451],
							"lerp_mode": "catmullrom"
						},
						"1.7917": {
							"post": [-0.18132, -4.97751, -8.20089],
							"lerp_mode": "catmullrom"
						},
						"2.1667": {
							"post": [-1.87488, -1.30127, 2.67931],
							"lerp_mode": "catmullrom"
						},
						"2.2083": {
							"post": [-2.4027, -0.84883, 2.90418],
							"lerp_mode": "catmullrom"
						},
						"2.3333": {
							"post": [-2.58171, -0.74113, 5.54602],
							"lerp_mode": "catmullrom"
						},
						"2.4167": {
							"post": [-2.56164, -1.04174, -0.11301],
							"lerp_mode": "catmullrom"
						},
						"2.5417": {
							"post": [-2.31964, -1.05495, -2.09226],
							"lerp_mode": "catmullrom"
						},
						"2.6667": [0.0613, -0.00958, 0.99807],
						"2.75": [0, 0, 0]
					},
					"position": {
						"0.0": [-0.3, 0, 0],
						"0.2083": [0, 0, 0],
						"0.3333": [0.07812, -0.59342, -0.04185],
						"0.4167": [0.08, -0.79, -0.44],
						"0.5": [-0.12, -0.79, -0.44],
						"0.625": [-0.12, -0.79, -0.44],
						"0.75": [1.13, -1.29, -0.44],
						"0.875": [0.56, -2.14, -0.44],
						"1.0": [0.73, -1.78, -0.44],
						"1.1667": [0.88, -1.29, -0.44],
						"1.375": [0.77, -1.29, 0.06],
						"1.625": [0.63, -1.29, -0.44],
						"1.7083": [-0.19, -0.89, -0.36],
						"1.7917": [0.31, -0.64, -0.36],
						"1.9583": [0, 0, 0],
						"2.2083": [0, 0.4, 0],
						"2.3333": [0, 0.4, 0.5],
						"2.4167": [0, 0.15, 0.78],
						"2.5417": [0, 0.08, -0.11],
						"2.6667": [0, 0, -0.1],
						"2.75": [0, 0, 0]
					}
				},
				"magazine": {
					"rotation": {
						"0.7083": [0, 0, 0],
						"0.7917": {
							"pre": [0, 0, 0],
							"post": [0, 0, 0],
							"lerp_mode": "catmullrom"
						},
						"0.9167": {
							"post": [0, -11, 17],
							"lerp_mode": "catmullrom"
						},
						"1.0": {
							"post": [30, -18, 17],
							"lerp_mode": "catmullrom"
						},
						"1.1667": {
							"post": [30, -18, 17],
							"lerp_mode": "catmullrom"
						},
						"1.2917": {
							"post": [30, -18, 17],
							"lerp_mode": "catmullrom"
						},
						"1.5": [0, 0, 24],
						"1.625": [0, 0, 2],
						"1.7083": [0, 0, 0],
						"1.75": [0, 0, 0],
						"1.7917": [0, 0, 0],
						"1.9167": [0, 0, 0]
					},
					"position": {
						"0.7083": [0, 0, 0],
						"0.7917": [2.67, -0.12, -0.1],
						"0.9167": {
							"pre": [5.8661, -0.76504, 1.6],
							"post": [5.8661, -0.76504, 1.6],
							"lerp_mode": "catmullrom"
						},
						"1.0": {
							"post": [8.83764, -4.54243, 13.56776],
							"lerp_mode": "catmullrom"
						},
						"1.1667": {
							"post": [8.84, -4.54, 13.57],
							"lerp_mode": "catmullrom"
						},
						"1.2917": {
							"post": [8.84, -4.54, 13.57],
							"lerp_mode": "catmullrom"
						},
						"1.4167": [8.27156, -4.24332, 4.2528],
						"1.5": [4.72124, -1.18761, 0],
						"1.625": [3.63003, -0.06293, 0],
						"1.7083": [0, 0, 0],
						"1.75": [0, 0, 0],
						"1.7917": [0, 0, 0],
						"1.9167": [0, 0, 0]
					}
				},
				"sliding_magazine": {
					"position": {
						"0.0": [-3.45, 0, 0],
						"0.0833": [-3.95, 0, 0],
						"1.1667": [-3.75, 0, 0],
						"1.2917": [-3.75, 0, 0],
						"1.625": [-3.75, 0, 0],
						"1.7083": [0, 0, 0],
						"1.75": [0, 0, 0],
						"1.7917": [0, 0, 0],
						"2.3333": [0, 0, 0]
					}
				},
				"Bolt": {
					"position": {
						"2.2083": [0, 0, 0],
						"2.3333": [0, 0, 2],
						"2.4167": [0, 0, 2],
						"2.5": [0, 0, 0]
					}
				}
			},
			"sound_effects": {
				"0.7917": {
					"effect": "reload_mag_out"
				},
				"1.7083": {
					"effect": "reload_mag_in"
				},
				"2.1667": {
					"effect": "rack"
				}
			},
			"particle_effects": {
				"0.0": {
					"effect": "reset_mag_position"
				},
				"2.0833": {
					"effect": "end_reload "
				},
				"2.2083": {
					"effect": "loaded"
				}
			}
		},
		"idle": {
			"loop": true,
			"bones": {
				"right_arm": {
					"rotation": [86, 0, -180],
					"position": [5.65, -1.55, 4.8]
				},
				"left_arm": {
					"rotation": [73.95054, -26.20116, -129.71317],
					"position": [-2.92613, -5.60697, -3.75283]
				},
				"gun_body": {
					"rotation": [0, 0, 0],
					"position": [0, 0, 0]
				},
				"Bolt": {
					"position": [0, 0, 0]
				}
			}
		},
		"inspect": {
			"animation_length": 4.0555,
			"bones": {
				"gun_body": {
					"rotation": {
						"0.0": {
							"post": [0, 0, 0],
							"lerp_mode": "catmullrom"
						},
						"0.1322": {
							"post": [0, -2.5, -5],
							"lerp_mode": "catmullrom"
						},
						"0.2425": {
							"post": [-4.57853, -4.95404, -14.80965],
							"lerp_mode": "catmullrom"
						},
						"0.3306": {
							"post": [-4.508, -7.02695, -15.65254],
							"lerp_mode": "catmullrom"
						},
						"0.4188": {
							"post": [-4.62773, -7.0966, -14.70862],
							"lerp_mode": "catmullrom"
						},
						"0.5731": {
							"post": [-4.508, -7.02695, -15.65254],
							"lerp_mode": "catmullrom"
						},
						"0.9037": {
							"post": [-4.52, -7.02, -16.21],
							"lerp_mode": "catmullrom"
						},
						"1.1902": {
							"post": [-4.64204, -6.94013, -15.20575],
							"lerp_mode": "catmullrom"
						},
						"1.4106": {
							"post": [-6.51282, -5.22584, 2.31015],
							"lerp_mode": "catmullrom"
						},
						"1.5649": {
							"post": [-8.3243, -0.56277, 37.05356],
							"lerp_mode": "catmullrom"
						},
						"1.6531": {
							"post": [-8.53622, 3.77089, 65.74516],
							"lerp_mode": "catmullrom"
						},
						"1.7412": {
							"post": [-7.54113, 3.72387, 66.74372],
							"lerp_mode": "catmullrom"
						},
						"1.8955": {
							"post": [-7.47547, 3.85454, 67.73732],
							"lerp_mode": "catmullrom"
						},
						"1.9837": {
							"post": [-7.46974, 3.90147, 66.73882],
							"lerp_mode": "catmullrom"
						},
						"2.0719": {
							"post": [-7.45276, 3.93394, 66.98729],
							"lerp_mode": "catmullrom"
						},
						"2.3143": {
							"post": [-7.48657, 3.86894, 66.49038],
							"lerp_mode": "catmullrom"
						},
						"2.5127": {
							"post": [-7.48297, 3.90421, 65.74146],
							"lerp_mode": "catmullrom"
						},
						"2.689": {
							"post": [-7.11661, 4.53992, 70.71442],
							"lerp_mode": "catmullrom"
						},
						"2.8433": {
							"post": [-7.1256, 4.49349, 71.71259],
							"lerp_mode": "catmullrom"
						},
						"2.9755": {
							"post": [-6.93347, 4.40008, 70.96618],
							"lerp_mode": "catmullrom"
						},
						"3.218": {
							"post": [-6.6813, 4.4117, 70.71663],
							"lerp_mode": "catmullrom"
						},
						"3.3943": {
							"post": [-6.63882, 4.78727, 62.72895],
							"lerp_mode": "catmullrom"
						},
						"3.6368": {
							"post": [0.52466, 0.68222, 7.99329],
							"lerp_mode": "catmullrom"
						},
						"3.769": {
							"post": [-0.08213, 0.04686, -0.9978],
							"lerp_mode": "catmullrom"
						},
						"3.9233": {
							"post": [0.04086, -0.02379, 0.99887],
							"lerp_mode": "catmullrom"
						},
						"4.0555": {
							"post": [0, 0, 0],
							"lerp_mode": "catmullrom"
						}
					},
					"position": {
						"0.0": {
							"post": [0, 0, 0],
							"lerp_mode": "catmullrom"
						},
						"0.1322": {
							"post": [-0.25, -0.25, 0.75],
							"lerp_mode": "catmullrom"
						},
						"0.2425": {
							"post": [-0.55, -0.25, 0.75],
							"lerp_mode": "catmullrom"
						},
						"0.3306": {
							"post": [-0.65, -0.45, 0.75],
							"lerp_mode": "catmullrom"
						},
						"0.5731": {
							"post": [-0.55, -0.35, 0.75],
							"lerp_mode": "catmullrom"
						},
						"0.9037": {
							"post": [-0.49, -0.39, 0.75],
							"lerp_mode": "catmullrom"
						},
						"1.1902": {
							"post": [-0.49, -0.49, 0.75],
							"lerp_mode": "catmullrom"
						},
						"1.4106": {
							"post": [-0.09, -0.79, 0.75],
							"lerp_mode": "catmullrom"
						},
						"1.5649": {
							"post": [1.11, -0.79, 0.75],
							"lerp_mode": "catmullrom"
						},
						"1.6531": {
							"post": [1.51, -0.14, 0.75],
							"lerp_mode": "catmullrom"
						},
						"1.7412": {
							"post": [1.71, -0.04, 0.75],
							"lerp_mode": "catmullrom"
						},
						"1.8955": {
							"post": [1.61, -0.14, 0.75],
							"lerp_mode": "catmullrom"
						},
						"2.0719": {
							"post": [1.575, -0.16, 0.75],
							"lerp_mode": "catmullrom"
						},
						"2.689": {
							"post": [1.71, -0.16, 0.75],
							"lerp_mode": "catmullrom"
						},
						"2.8433": {
							"post": [1.735, -0.135, 0.75],
							"lerp_mode": "catmullrom"
						},
						"3.218": {
							"post": [1.565, -0.205, 0.75],
							"lerp_mode": "catmullrom"
						},
						"3.3943": {
							"post": [1.27, -0.4, 0.75],
							"lerp_mode": "catmullrom"
						},
						"3.5045": {
							"post": [0.57, -1.35, 0.75],
							"lerp_mode": "catmullrom"
						},
						"3.6368": {
							"post": [-0.03, -0.9, 0.75],
							"lerp_mode": "catmullrom"
						},
						"3.769": {
							"post": [-0.05, 0, 0],
							"lerp_mode": "catmullrom"
						},
						"3.9233": {
							"post": [0, 0, 0],
							"lerp_mode": "catmullrom"
						},
						"4.0555": {
							"post": [0, 0, 0],
							"lerp_mode": "catmullrom"
						}
					}
				},
				"left_arm": {
					"rotation": [73.95054, -26.20116, -129.71317],
					"position": [-2.92613, -5.60697, -3.75283]
				},
				"right_arm": {
					"rotation": [86, 0, -180],
					"position": [5.65, -1.55, 4.8]
				}
			}
		},
		"aim_shoot": {
			"loop": true,
			"animation_length": 0.25,
			"bones": {
				"right_arm": {
					"rotation": [86, 0, -180],
					"position": [5.65, -1.55, 4.8]
				},
				"left_arm": {
					"rotation": [73.95054, -26.20116, -129.71317],
					"position": [-2.92613, -5.60697, -3.75283]
				},
				"gun_body": {
					"rotation": {
						"0.0": [-0.99255, 0.12186, 6.99894],
						"0.0833": [-1.59963, 0.02094, -0.80036],
						"0.2083": [0, 0, 0]
					},
					"position": {
						"0.0": [0, 0, 1.1],
						"0.2083": [0, 0, 0]
					}
				}
			}
		},
		"draw": {
			"animation_length": 0.7917,
			"bones": {
				"right_arm": {
					"rotation": [86, 0, -180],
					"position": [5.65, -1.55, 4.8]
				},
				"left_arm": {
					"rotation": {
						"0.0": [73.95054, -26.20116, -129.71317],
						"0.625": [73.95054, -26.20116, -129.71317]
					},
					"position": {
						"0.0": [11, -9.03, -2.14],
						"0.0417": [21.5, -9.02963, -2.1441],
						"0.2083": [-2.92613, -5.60697, -3.75283],
						"0.625": [-2.92613, -5.60697, -3.75283]
					}
				},
				"gun_body": {
					"rotation": {
						"0.0": {
							"post": [0, -5, 10],
							"lerp_mode": "catmullrom"
						},
						"0.1667": {
							"post": [5.04296, -8.98466, 9.64733],
							"lerp_mode": "catmullrom"
						},
						"0.375": {
							"post": [-0.21849, -4.49047, 10.01237],
							"lerp_mode": "catmullrom"
						},
						"0.5417": {
							"post": [0, -1, 2.5],
							"lerp_mode": "catmullrom"
						},
						"0.6667": {
							"post": [-0.04127, 0.02307, -0.99889],
							"lerp_mode": "catmullrom"
						},
						"0.7917": {
							"post": [0, 0, 0],
							"lerp_mode": "catmullrom"
						}
					},
					"position": {
						"0.0": {
							"post": [0, -4.25, -0.25],
							"lerp_mode": "catmullrom"
						},
						"0.1667": {
							"post": [0, -2.15, 0.75],
							"lerp_mode": "catmullrom"
						},
						"0.375": {
							"post": [0.25, -1, -0.25],
							"lerp_mode": "catmullrom"
						},
						"0.5417": {
							"post": [0, -0.5, 0.5],
							"lerp_mode": "catmullrom"
						},
						"0.6667": {
							"post": [0, -0.1, 0],
							"lerp_mode": "catmullrom"
						},
						"0.7917": {
							"post": [0, 0, 0],
							"lerp_mode": "catmullrom"
						}
					}
				}
			}
		}
	}
}