{
	"format_version": "1.8.0",
	"animations": {
		"aim_shoot": {
			"loop": true,
			"animation_length": 0.375,
			"bones": {
				"right_arm": {
					"rotation": [90, 0, -180],
					"position": [6.15, -2.95, 5.75]
				},
				"left_arm": {
					"scale": 0
				},
				"gun_body": {
					"rotation": {
						"0.0": [-5.25, 0, 0],
						"0.0833": [-1, 0, 0],
						"0.375": [0, 0, 0]
					},
					"position": {
						"0.0": [0, 0.64321, 1.48818],
						"0.0833": [0, 0, 0.5],
						"0.25": [0, 0, 0]
					}
				},
				"bolt": {
					"position": {
						"0.0": [0, 0, 1.75],
						"0.125": [0, 0, 0]
					}
				},
				"magazine": {
					"scale": 1
				},
				"magazine_2": {
					"scale": 0
				},
				"head": {
					"rotation": {
						"0.0": [-2.5, 0, 0],
						"0.2083": [-0.02173, -0.0269, 0.49971],
						"0.2917": [0, 0, 0]
					},
					"position": {
						"0.0": [0, 0.25, 0.5],
						"0.125": [0, -0.05, 0],
						"0.2083": [0, 0, 0],
						"0.2917": [0, 0, 0]
					}
				},
				"LeftArms": {
					"scale": 0
				}
			},
			"particle_effects": {
				"0.0": {
					"effect": "eject_casing"
				}
			}
		},
		"reload": {
			"animation_length": 2.5417,
			"bones": {
				"right_arm": {
					"rotation": {
						"0.0": {
							"post": [90, 0, -180],
							"lerp_mode": "catmullrom"
						},
						"0.4583": {
							"post": [90, 0, -180],
							"lerp_mode": "catmullrom"
						},
						"0.7083": {
							"post": [90, 0, -180],
							"lerp_mode": "catmullrom"
						},
						"0.7917": {
							"post": [90, 0, -180],
							"lerp_mode": "catmullrom"
						},
						"0.875": {
							"post": [90, 0, -180],
							"lerp_mode": "catmullrom"
						},
						"1.125": {
							"post": [90, 0, -180],
							"lerp_mode": "catmullrom"
						},
						"1.25": {
							"post": [90, 0, -180],
							"lerp_mode": "catmullrom"
						},
						"1.4167": {
							"post": [90, 0, -180],
							"lerp_mode": "catmullrom"
						},
						"1.5417": {
							"post": [90, 0, -180],
							"lerp_mode": "catmullrom"
						},
						"1.875": {
							"post": [90, 0, -180],
							"lerp_mode": "catmullrom"
						},
						"2.375": {
							"post": [90, 0, -180],
							"lerp_mode": "catmullrom"
						}
					},
					"position": {
						"0.0": {
							"post": [6.15, -2.95, 5.75],
							"lerp_mode": "catmullrom"
						},
						"0.4583": {
							"post": [6.15, -2.95, 5.75],
							"lerp_mode": "catmullrom"
						},
						"0.7083": {
							"post": [6.15, -2.95, 5.75],
							"lerp_mode": "catmullrom"
						},
						"0.7917": {
							"post": [6.15, -2.95, 5.75],
							"lerp_mode": "catmullrom"
						},
						"0.875": {
							"post": [6.15, -2.95, 5.75],
							"lerp_mode": "catmullrom"
						},
						"1.125": {
							"post": [6.15, -2.95, 5.75],
							"lerp_mode": "catmullrom"
						},
						"1.25": {
							"post": [6.15, -2.95, 5.75],
							"lerp_mode": "catmullrom"
						},
						"1.4167": {
							"post": [6.15, -2.95, 5.75],
							"lerp_mode": "catmullrom"
						},
						"1.5417": {
							"post": [6.15, -2.95, 5.75],
							"lerp_mode": "catmullrom"
						},
						"1.875": {
							"post": [6.15, -2.95, 5.75],
							"lerp_mode": "catmullrom"
						},
						"2.375": {
							"post": [6.15, -2.95, 5.75],
							"lerp_mode": "catmullrom"
						}
					}
				},
				"gun_body": {
					"rotation": {
						"0.0": {
							"post": [0, 0, 0],
							"lerp_mode": "catmullrom"
						},
						"0.25": {
							"post": [-53.74276, -27.50524, -3.98448],
							"lerp_mode": "catmullrom"
						},
						"0.4583": {
							"post": [-53.74, -27.51, -3.98],
							"lerp_mode": "catmullrom"
						},
						"0.625": {
							"post": [-58.60839, -33.09149, 5.64087],
							"lerp_mode": "catmullrom"
						},
						"0.7083": {
							"post": [-58.91, -33.44, 6.24],
							"lerp_mode": "catmullrom"
						},
						"0.7917": {
							"post": [-57.90176, -34.79089, 4.37168],
							"lerp_mode": "catmullrom"
						},
						"0.875": {
							"post": [-58.91, -33.44, 6.24],
							"lerp_mode": "catmullrom"
						},
						"1.125": {
							"post": [-58.61, -33.09, 5.64],
							"lerp_mode": "catmullrom"
						},
						"1.25": {
							"post": [-58.61, -33.09, 5.64],
							"lerp_mode": "catmullrom"
						},
						"1.4167": {
							"post": [-58.61, -33.09, 5.64],
							"lerp_mode": "catmullrom"
						},
						"1.5417": {
							"post": [-61.61, -33.09, 5.64],
							"lerp_mode": "catmullrom"
						},
						"1.6667": {
							"post": [-58.94232, -32.23484, 6.25575],
							"lerp_mode": "catmullrom"
						},
						"1.7917": {
							"post": [-53.74276, -27.50524, -3.98448],
							"lerp_mode": "catmullrom"
						},
						"1.875": {
							"post": [-43, -23.61, -0.24],
							"lerp_mode": "catmullrom"
						},
						"1.9167": {
							"post": [-35.03303, -20.13652, 1.67064],
							"lerp_mode": "catmullrom"
						},
						"2.125": {
							"post": [0, 0, 0],
							"lerp_mode": "catmullrom"
						},
						"2.2917": {
							"post": [0, 0, 0],
							"lerp_mode": "catmullrom"
						},
						"2.4583": {
							"post": [0, 0, 0],
							"lerp_mode": "catmullrom"
						}
					},
					"position": {
						"0.0": {
							"post": [0, 0, 0],
							"lerp_mode": "catmullrom"
						},
						"0.25": {
							"post": [0, 1, 7],
							"lerp_mode": "catmullrom"
						},
						"0.4583": {
							"post": [0, 1, 7],
							"lerp_mode": "catmullrom"
						},
						"0.625": {
							"post": [0.4, 1, 7],
							"lerp_mode": "catmullrom"
						},
						"0.7083": {
							"post": [0.35, 0.84, 7.09],
							"lerp_mode": "catmullrom"
						},
						"0.7917": {
							"post": [0.25323, 0.67138, 7.17456],
							"lerp_mode": "catmullrom"
						},
						"0.875": {
							"post": [0.35, 0.84, 7.09],
							"lerp_mode": "catmullrom"
						},
						"1.125": {
							"post": [0.25323, 0.67138, 7.17456],
							"lerp_mode": "catmullrom"
						},
						"1.25": {
							"post": [0.15828, 0.46461, 7.2791],
							"lerp_mode": "catmullrom"
						},
						"1.4167": {
							"post": [-0.20688, -0.36156, 7.71638],
							"lerp_mode": "catmullrom"
						},
						"1.5417": {
							"post": [-0.21, -0.36, 7.72],
							"lerp_mode": "catmullrom"
						},
						"1.6667": {
							"post": [-0.01, -0.56, 7.72],
							"lerp_mode": "catmullrom"
						},
						"1.7917": {
							"post": [0, 1, 7],
							"lerp_mode": "catmullrom"
						},
						"1.875": {
							"post": [0.19, 1.83, 7.04],
							"lerp_mode": "catmullrom"
						},
						"1.9167": {
							"post": [0.23808, 1.90574, 6.42298],
							"lerp_mode": "catmullrom"
						},
						"2.125": {
							"post": [0, 0, 0.3],
							"lerp_mode": "catmullrom"
						},
						"2.2917": {
							"post": [0, 0, 0.1],
							"lerp_mode": "catmullrom"
						},
						"2.4583": {
							"post": [0, 0, 0],
							"lerp_mode": "catmullrom"
						}
					}
				},
				"tank2": {
					"position": [0, 9, 0],
					"scale": 2
				},
				"head": {
					"rotation": {
						"0.0": [0, 0, 0],
						"1.7083": [-2.04926, -3.1767, -1.93498],
						"2.0833": [-2.49527, -0.21782, -2.4905],
						"2.25": [2.51756, -0.11874, 1.49806],
						"2.375": [-0.9707, -0.009, -0.99953],
						"2.5": [0, 0, 0]
					},
					"position": {
						"0.0": {
							"post": [0, 0, 0],
							"lerp_mode": "catmullrom"
						},
						"0.625": {
							"post": [0, 0, 0],
							"lerp_mode": "catmullrom"
						},
						"0.7083": {
							"post": [0, 0, 0.3],
							"lerp_mode": "catmullrom"
						},
						"0.7917": {
							"post": [0, 0, 0.3],
							"lerp_mode": "catmullrom"
						},
						"1.125": {
							"post": [0, 0, 0.3],
							"lerp_mode": "catmullrom"
						},
						"1.25": {
							"post": [0, 0, 0.3],
							"lerp_mode": "catmullrom"
						},
						"1.4167": {
							"post": [0, 0, 0.05],
							"lerp_mode": "catmullrom"
						},
						"1.5417": {
							"post": [0, 0, 0.05],
							"lerp_mode": "catmullrom"
						},
						"1.7083": {
							"post": [0, 0, -0.13],
							"lerp_mode": "catmullrom"
						},
						"1.875": {
							"post": [0, 0, 0.19],
							"lerp_mode": "catmullrom"
						},
						"2.375": {
							"post": [0, 0, 0],
							"lerp_mode": "catmullrom"
						}
					},
					"scale": {
						"0.0": {
							"post": [1, 1, 1],
							"lerp_mode": "catmullrom"
						},
						"0.625": {
							"post": [1, 1, 1],
							"lerp_mode": "catmullrom"
						},
						"0.7083": {
							"post": [1, 1, 0.9],
							"lerp_mode": "catmullrom"
						},
						"0.7917": {
							"post": [1, 1, 0.9],
							"lerp_mode": "catmullrom"
						},
						"1.125": {
							"post": [1, 1, 0.9],
							"lerp_mode": "catmullrom"
						},
						"1.25": {
							"post": [1, 1, 0.9],
							"lerp_mode": "catmullrom"
						},
						"1.4167": {
							"post": [1, 1, 0.9],
							"lerp_mode": "catmullrom"
						},
						"1.5417": {
							"post": [1, 1, 0.9],
							"lerp_mode": "catmullrom"
						},
						"1.875": {
							"post": [1, 1, 0.9376],
							"lerp_mode": "catmullrom"
						},
						"2.375": {
							"post": [1, 1, 1],
							"lerp_mode": "catmullrom"
						}
					}
				},
				"LeftArms": {
					"rotation": {
						"0.0": [0, 0, 145],
						"0.2917": [118.10345, -7.4894, 144.74297],
						"0.375": [124.13187, -7.15699, 133.66283],
						"0.625": [141.22129, 10.42288, 111.65015],
						"0.8333": [146.22129, 10.42288, 111.65015],
						"1.125": [152.94849, 0.14385, 96.38767],
						"1.875": [151.22, 10.42, 111.65],
						"2.0": [120.58138, 21.73108, 118.33239],
						"2.125": [116.93245, 34.37582, 127.51263],
						"2.375": [57.19106, 31.67793, 152.09985]
					},
					"position": {
						"0.0": [8.37777, -17.17012, 5],
						"0.2917": [2.12549, -12.92313, -8.01175],
						"0.375": [-0.31204, -13.23133, -8.25049],
						"0.625": [-4.35041, -10.69954, -9.54853],
						"0.7083": [-3.92969, -10.95072, -8.8561],
						"0.7917": [-4.06966, -10.99723, -8.52694],
						"0.875": [-3.96243, -11.06359, -8.52005],
						"1.125": [-3.75345, -11.13386, -9.05342],
						"1.5417": [-4.29527, -11.13546, -8.33269],
						"1.875": [-3.92846, -11.0031, -8.86413],
						"2.0": [2.37125, -10.71344, -11.11464],
						"2.125": [2.92409, -9.99329, -10.49356],
						"2.375": [4.62062, -14.27479, 7.23389]
					}
				}
			},
			"sound_effects": {
				"0.0": {
					"effect": "rustle"
				},
				"0.6667": {
					"effect": "reload_mag_out"
				},
				"1.0": {
					"effect": "reload_mag_out"
				},
				"1.4583": {
					"effect": "reload_mag_out"
				},
				"1.9583": {
					"effect": "reload_mag_in"
				},
				"2.25": {
					"effect": "rustle"
				}
			},
			"particle_effects": {
				"2.2917": {
					"effect": "loaded"
				}
			}
		},
		"shoot": {
			"loop": true,
			"animation_length": 0.375,
			"bones": {
				"right_arm": {
					"rotation": [90, 0, -180],
					"position": [6.15, -2.95, 5.75]
				},
				"left_arm": {
					"scale": 0
				},
				"gun_body": {
					"rotation": {
						"0.0": [-5.25, 0, 0],
						"0.0833": [-1, 0, 0],
						"0.375": [0, 0, 0]
					},
					"position": {
						"0.0": [0, 0.46894, 1.47216],
						"0.0833": [0, 0, 0.5],
						"0.25": [0, 0, 0]
					}
				},
				"bolt": {
					"position": {
						"0.0": [0, 0, 1.75],
						"0.125": [0, 0, 0]
					}
				},
				"magazine": {
					"scale": 1
				},
				"magazine_2": {
					"scale": 0
				},
				"head": {
					"rotation": {
						"0.0": [-2.5, 0, 0],
						"0.2083": [-0.02173, -0.0269, 0.49971],
						"0.2917": [0, 0, 0]
					},
					"position": {
						"0.0": [0, 0.25, 0.5],
						"0.125": [0, -0.05, 0],
						"0.2083": [0, 0, 0],
						"0.2917": [0, 0, 0]
					}
				},
				"LeftArms": {
					"scale": 0
				}
			},
			"particle_effects": {
				"0.0": {
					"effect": "eject_casing"
				}
			}
		},
		"draw": {
			"animation_length": 1.0417,
			"bones": {
				"right_arm": {
					"rotation": [90, 0, -180],
					"position": [6.15, -2.95, 5.75]
				},
				"left_arm": {
					"rotation": {
						"0.0": [140.17567, -51.6326, -321.0655],
						"0.4583": [73.95054, -26.20116, -129.71317],
						"0.625": [73.95054, -26.20116, -129.71317]
					},
					"position": {
						"0.0": [21.5, -9.02963, -2.1441],
						"0.2083": [-1.95, -5.49, -2.72],
						"0.4583": [-2.7, -5.85, -2.85],
						"0.625": [-2.7, -5.85, -2.85]
					},
					"scale": 0
				},
				"gun_body": {
					"rotation": {
						"0.0": {
							"post": [-36.39429, -28.31604, 5.05996],
							"lerp_mode": "catmullrom"
						},
						"0.2917": {
							"post": [-11.83102, -14.96568, 15.40346],
							"lerp_mode": "catmullrom"
						},
						"0.4583": {
							"post": [-0.12978, 0.95523, -1.9975],
							"lerp_mode": "catmullrom"
						},
						"0.5833": {
							"post": [0.06544, 0.02068, 0.99765],
							"lerp_mode": "catmullrom"
						},
						"0.6667": [0, 0, 0]
					},
					"position": {
						"0.0": {
							"post": [-0.05, -5.86, 1.61],
							"lerp_mode": "catmullrom"
						},
						"0.2917": {
							"post": [0.5, -0.75, 0],
							"lerp_mode": "catmullrom"
						},
						"0.4583": {
							"post": [0.1, 0, -0.2],
							"lerp_mode": "catmullrom"
						},
						"0.5833": {
							"post": [0, 0, 0],
							"lerp_mode": "catmullrom"
						},
						"0.6667": [0, 0, 0]
					}
				},
				"magazine_2": {
					"scale": 0
				},
				"LeftArms": {
					"scale": 0
				},
				"head": {
					"rotation": {
						"0.0": [0, 0, 0],
						"0.4583": [0.03314, -0.00502, -1.24955],
						"0.5833": [-0.01101, -0.00329, 0.99993],
						"0.7083": [-0.01378, -0.00408, 1.24992],
						"0.8333": [-0.00821, -0.00263, -0.25005],
						"0.9167": [0, 0, 0]
					},
					"position": {
						"0.0": [0, 0, 0],
						"0.25": [0, -0.75, 0],
						"0.4583": [0, -0.4, 0],
						"0.5833": [0, 0.25, 0],
						"0.7083": [0, -0.1, 0],
						"0.8333": [0, 0, 0],
						"0.9167": [0, 0, 0]
					}
				}
			}
		},
		"idle": {
			"loop": true,
			"animation_length": 7,
			"bones": {
				"right_arm": {
					"rotation": [90, 0, -180],
					"position": [6.15, -2.95, 5.75]
				},
				"left_arm": {
					"scale": 0
				},
				"magazine_2": {
					"scale": 0
				},
				"head": {
					"rotation": {
						"0.0": {
							"post": [0, 0, 0],
							"lerp_mode": "catmullrom"
						},
						"1.75": {
							"post": [0, 3, 0],
							"lerp_mode": "catmullrom"
						},
						"3.5417": {
							"post": [0, 0, 0],
							"lerp_mode": "catmullrom"
						},
						"5.5": {
							"post": [0, -3, 0],
							"lerp_mode": "catmullrom"
						},
						"7.0417": {
							"post": [0, 0, 0],
							"lerp_mode": "catmullrom"
						}
					},
					"position": {
						"0.0": {
							"post": [0, 0, 0],
							"lerp_mode": "catmullrom"
						},
						"0.875": {
							"post": [0, 0.1, 0],
							"lerp_mode": "catmullrom"
						},
						"2.7083": {
							"post": [0, -0.22, 0],
							"lerp_mode": "catmullrom"
						},
						"4.375": {
							"post": [0, 0.005, 0],
							"lerp_mode": "catmullrom"
						},
						"6.2917": {
							"post": [0, 0, 0],
							"lerp_mode": "catmullrom"
						}
					}
				},
				"LeftArms": {
					"scale": 0
				},
				"gun_body": {
					"rotation": [0, 0, 0],
					"position": [0, 0, 0]
				}
			}
		},
		"inspect": {
			"animation_length": 4.131,
			"bones": {
				"gun_body": {
					"rotation": {
						"0.0": [0, 0, 0],
						"0.0833": {
							"pre": [-2.5, 0, -5],
							"post": [-2.5, 0, -5],
							"lerp_mode": "catmullrom"
						},
						"0.1667": {
							"post": [-7.47864, -0.32621, -12.49294],
							"lerp_mode": "catmullrom"
						},
						"0.25": {
							"post": [-19.87314, -1.2969, -19.9307],
							"lerp_mode": "catmullrom"
						},
						"0.3333": {
							"post": [-20.01114, -1.32137, -21.92263],
							"lerp_mode": "catmullrom"
						},
						"0.4167": {
							"post": [-20.05087, -0.29358, -19.10387],
							"lerp_mode": "catmullrom"
						},
						"0.5": {
							"post": [-20.13961, -0.34129, -21.10006],
							"lerp_mode": "catmullrom"
						},
						"0.6667": {
							"post": [-20.12016, -0.35702, -19.64359],
							"lerp_mode": "catmullrom"
						},
						"0.9167": {
							"post": [-20.18918, -0.31605, -21.09822],
							"lerp_mode": "catmullrom"
						},
						"1.131": {
							"post": [-20.12013, -0.30421, -20.10105],
							"lerp_mode": "catmullrom"
						},
						"1.381": {
							"post": [-19.62013, -0.30421, -20.10105],
							"lerp_mode": "catmullrom"
						},
						"1.5833": {
							"post": [-19.45564, 5.40033, -11.50732],
							"lerp_mode": "catmullrom"
						},
						"1.7024": {
							"post": [-19.18413, 8.74651, -4.95155],
							"lerp_mode": "catmullrom"
						},
						"1.8333": {
							"post": [-13.53441, 21.41526, 20.89118],
							"lerp_mode": "catmullrom"
						},
						"1.9524": {
							"post": [-13.15756, 22.64686, 23.72199],
							"lerp_mode": "catmullrom"
						},
						"2.0833": {
							"post": [-13.13595, 22.65322, 24.22988],
							"lerp_mode": "catmullrom"
						},
						"2.1667": {
							"post": [-13.53975, 22.42253, 23.17639],
							"lerp_mode": "catmullrom"
						},
						"2.5476": {
							"post": [-13.49666, 22.43546, 24.19195],
							"lerp_mode": "catmullrom"
						},
						"2.6667": {
							"post": [-12.59303, 21.91271, 26.53963],
							"lerp_mode": "catmullrom"
						},
						"2.75": {
							"post": [-11.31399, 21.55584, 29.92208],
							"lerp_mode": "catmullrom"
						},
						"2.8333": {
							"post": [-9.37669, 22.01837, 31.55077],
							"lerp_mode": "catmullrom"
						},
						"2.9524": {
							"post": [-8.63439, 23.31914, 33.52179],
							"lerp_mode": "catmullrom"
						},
						"3.0833": {
							"post": [-9.47944, 23.00426, 31.37356],
							"lerp_mode": "catmullrom"
						},
						"3.25": {
							"post": [-9.89625, 22.83598, 30.30332],
							"lerp_mode": "catmullrom"
						},
						"3.4524": {
							"post": [-6.34703, 23.24315, 32.98379],
							"lerp_mode": "catmullrom"
						},
						"3.7024": {
							"post": [-0.03224, 0.97326, 1.50032],
							"lerp_mode": "catmullrom"
						},
						"3.8333": {
							"post": [0, 0, 0],
							"lerp_mode": "catmullrom"
						},
						"3.9524": {
							"post": [-0.01558, -0.01399, -0.49956],
							"lerp_mode": "catmullrom"
						},
						"4.0833": {
							"post": [0, 0, 0],
							"lerp_mode": "catmullrom"
						}
					},
					"position": {
						"0.0": [0, 0, 0],
						"0.0833": {
							"pre": [0, -0.75, -0.25],
							"post": [0, -0.75, -0.25],
							"lerp_mode": "catmullrom"
						},
						"0.1667": {
							"post": [-0.25, 0, -0.75],
							"lerp_mode": "catmullrom"
						},
						"0.25": {
							"post": [-0.5, 2, -0.5],
							"lerp_mode": "catmullrom"
						},
						"0.3333": {
							"post": [-0.75, 1.5, -0.5],
							"lerp_mode": "catmullrom"
						},
						"0.5": {
							"post": [-0.75, 1.2, -0.5],
							"lerp_mode": "catmullrom"
						},
						"0.6667": {
							"post": [-0.775, 1.4, -0.5],
							"lerp_mode": "catmullrom"
						},
						"0.9167": {
							"post": [-0.895, 1.3, -0.5],
							"lerp_mode": "catmullrom"
						},
						"1.25": {
							"post": [-0.99, 1.175, -0.5],
							"lerp_mode": "catmullrom"
						},
						"1.5833": {
							"post": [-0.59, 1.18, -0.5],
							"lerp_mode": "catmullrom"
						},
						"1.7024": {
							"post": [0.16, -0.07, -0.5],
							"lerp_mode": "catmullrom"
						},
						"1.8333": {
							"post": [0.91, -0.57, -0.5],
							"lerp_mode": "catmullrom"
						},
						"1.9524": {
							"post": [1.16, -0.32, -0.5],
							"lerp_mode": "catmullrom"
						},
						"2.0833": {
							"post": [1.06, -0.32, -0.7],
							"lerp_mode": "catmullrom"
						},
						"2.2024": {
							"post": [1.06, -0.32, -0.66],
							"lerp_mode": "catmullrom"
						},
						"2.5476": {
							"post": [1.085, -0.32, -0.7],
							"lerp_mode": "catmullrom"
						},
						"2.6667": {
							"post": [0.99, -0.22, -0.7],
							"lerp_mode": "catmullrom"
						},
						"2.8333": {
							"post": [0.99, -0.02, -0.7],
							"lerp_mode": "catmullrom"
						},
						"3.0833": {
							"post": [1.09, -0.12, -0.8],
							"lerp_mode": "catmullrom"
						},
						"3.4524": {
							"post": [0.79, -0.72, -1.3],
							"lerp_mode": "catmullrom"
						},
						"3.5833": {
							"post": [0.38, -1.15, -0.68],
							"lerp_mode": "catmullrom"
						},
						"3.7024": {
							"post": [-0.1, 0.1, 0],
							"lerp_mode": "catmullrom"
						},
						"3.8333": {
							"post": [0, -0.1, 0.1],
							"lerp_mode": "catmullrom"
						},
						"3.9524": {
							"post": [0, 0, 0],
							"lerp_mode": "catmullrom"
						},
						"4.0833": {
							"post": [0, 0, 0],
							"lerp_mode": "catmullrom"
						}
					}
				},
				"left_arm": {
					"scale": 0
				},
				"right_arm": {
					"rotation": [90, 0, -180],
					"position": [6.15, -2.95, 5.75]
				},
				"LeftArms": {
					"scale": 0
				},
				"head": {
					"rotation": {
						"0.0": [0, 0, 0],
						"0.3333": [0, 0, 0],
						"0.4524": [-1, 0, 0],
						"0.5476": [1.9826, -0.7017, 1.8729],
						"0.7024": [0, 0, 0],
						"1.5": [0, 0, 0],
						"1.7024": [0, 0, -2.5],
						"1.9167": [0, 0, 2.5],
						"2.0476": [0, 0, 0.5],
						"2.1667": [0, 0, 0],
						"2.75": [0, 0, 0],
						"2.8333": [-0.37969, -0.16117, -1.5885],
						"3.0476": [-0.37827, -0.16448, -2.08849],
						"3.2024": [0.39775, 0.15915, -0.90303],
						"3.381": [0, 0, 0],
						"3.5476": [0, 0, 0],
						"3.631": [0, 0, 2.5],
						"3.75": [0.0096, 0.00357, -0.99995],
						"3.9167": [-0.01092, -0.00341, 0.99993],
						"4.131": [0, 0, 0]
					},
					"position": {
						"0.0": [0, 0, 0],
						"0.2024": [0, 0, 0],
						"0.2976": [0, 0.5, 0],
						"0.4524": [0, 0, 0],
						"0.5476": [0, 0, 0],
						"0.7024": [0, 0, 0],
						"1.5": [0, 0, 0],
						"1.7024": [0, 0, 0],
						"1.9167": [0, -0.1, 0],
						"2.0476": [0, 0, 0],
						"2.1667": [0, 0, 0],
						"2.75": [0, 0, 0],
						"3.2024": [0, 0, 0],
						"3.381": [0, 0, 0],
						"3.5476": [0, 0, 0],
						"3.631": [0, -0.1, 0],
						"3.75": [0, 0.1, 0],
						"3.9167": [0, 0, 0],
						"4.131": [0, 0, 0]
					}
				}
			}
		}
	}
}