{
	"format_version": "1.8.0",
	"animations": {
		"reload_start": {
			"animation_length": 0.25,
			"bones": {
				"gun_body": {
					"rotation": {
						"0.0": {
							"post": [0, 0, 0],
							"lerp_mode": "catmullrom"
						},
						"0.25": [-7.10174, -7.30874, -52.75452]
					},
					"position": {
						"0.0": {
							"post": [0, 0, 0],
							"lerp_mode": "catmullrom"
						},
						"0.1667": {
							"post": [-1.15, -0.14, 0.08],
							"lerp_mode": "catmullrom"
						},
						"0.25": [-1.25338, 0.79012, 0.11487]
					}
				},
				"right_arm": {
					"rotation": {
						"0.0": {
							"post": [90, 0, -180],
							"lerp_mode": "catmullrom"
						},
						"0.1667": {
							"post": [90, 0, -180],
							"lerp_mode": "catmullrom"
						}
					},
					"position": {
						"0.0": {
							"post": [5.65, -2.2, 5.5],
							"lerp_mode": "catmullrom"
						},
						"0.1667": {
							"post": [5.65, -2.2, 5.5],
							"lerp_mode": "catmullrom"
						}
					}
				},
				"left_arm": {
					"rotation": {
						"0.0": {
							"post": [70.95591, -40.51547, -124.31234],
							"lerp_mode": "catmullrom"
						},
						"0.1667": {
							"post": [82.3783, 15.9781, -109.33531],
							"lerp_mode": "catmullrom"
						},
						"0.25": {
							"post": [80.95811, 35.7727, -112.54043],
							"lerp_mode": "catmullrom"
						}
					},
					"position": {
						"0.0": {
							"post": [-1, -6.7, -3.85],
							"lerp_mode": "catmullrom"
						},
						"0.1667": {
							"post": [-7.2667, -14.92033, 0.51998],
							"lerp_mode": "catmullrom"
						},
						"0.25": {
							"post": [-6.80348, -16.04405, 1.39686],
							"lerp_mode": "catmullrom"
						}
					}
				},
				"shell": {
					"scale": 0
				}
			},
			"sound_effects": {
				"0.0833": {
					"effect": "rustle"
				}
			}
		},
		"reload_stop": {
			"animation_length": 0.875,
			"bones": {
				"gun_body": {
					"rotation": {
						"0.0": {
							"post": [-7.10276, -7.27253, -51.75505],
							"lerp_mode": "catmullrom"
						},
						"0.125": {
							"post": [-6.26326, -15.59213, -58.44905],
							"lerp_mode": "catmullrom"
						},
						"0.25": {
							"post": [-5.2891, -20.96895, -62.10657],
							"lerp_mode": "catmullrom"
						},
						"0.3333": {
							"post": [-9.94308, -19.47425, -51.36893],
							"lerp_mode": "catmullrom"
						},
						"0.4167": {
							"post": [-14.92534, -16.04744, -37.08689],
							"lerp_mode": "catmullrom"
						},
						"0.5": {
							"post": [-13.46607, -7.8564, -23.90529],
							"lerp_mode": "catmullrom"
						},
						"0.625": {
							"post": [0, 2, 3],
							"lerp_mode": "catmullrom"
						},
						"0.75": {
							"post": [-0.02782, -0.02321, -0.99934],
							"lerp_mode": "catmullrom"
						},
						"0.875": {
							"post": [0, 0, 0],
							"lerp_mode": "catmullrom"
						}
					},
					"position": {
						"0.0": {
							"post": [-1.20338, 0.79012, 0.11487],
							"lerp_mode": "catmullrom"
						},
						"0.125": {
							"post": [-0.7, -0.46, 0.11],
							"lerp_mode": "catmullrom"
						},
						"0.25": {
							"post": [-0.45, -0.46, -0.64],
							"lerp_mode": "catmullrom"
						},
						"0.3333": {
							"post": [-0.2, -0.71, -2.14],
							"lerp_mode": "catmullrom"
						},
						"0.4167": {
							"post": [0.17, -0.48, -2.33],
							"lerp_mode": "catmullrom"
						},
						"0.5": {
							"post": [-0.5, -0.31, -2.34],
							"lerp_mode": "catmullrom"
						},
						"0.625": {
							"post": [0, -0.3, 1],
							"lerp_mode": "catmullrom"
						},
						"0.75": {
							"post": [0, 0, 1],
							"lerp_mode": "catmullrom"
						},
						"0.875": {
							"post": [0, 0, 1],
							"lerp_mode": "catmullrom"
						}
					}
				},
				"right_arm": {
					"rotation": {
						"0.0": {
							"post": [90, 0, -180],
							"lerp_mode": "catmullrom"
						}
					},
					"position": {
						"0.0": {
							"post": [5.65, -2.2, 5.5],
							"lerp_mode": "catmullrom"
						}
					}
				},
				"left_arm": {
					"rotation": {
						"0.0": {
							"post": [80.95811, 35.7727, -112.54043],
							"lerp_mode": "catmullrom"
						},
						"0.125": {
							"post": [100.85982, -50.80496, -98.155],
							"lerp_mode": "catmullrom"
						},
						"0.2083": {
							"post": [106.61914, -65.39866, -104.88174],
							"lerp_mode": "catmullrom"
						},
						"0.25": {
							"post": [106.61914, -65.39866, -104.88174],
							"lerp_mode": "catmullrom"
						},
						"0.3333": {
							"post": [107.9775, -67.30835, -106.36439],
							"lerp_mode": "catmullrom"
						},
						"0.4167": {
							"post": [107.9775, -67.30835, -106.36439],
							"lerp_mode": "catmullrom"
						},
						"0.5": {
							"post": [106.61914, -65.39866, -104.88174],
							"lerp_mode": "catmullrom"
						},
						"0.5833": {
							"post": [106.61914, -65.39866, -104.88174],
							"lerp_mode": "catmullrom"
						},
						"0.6667": {
							"post": [70.95591, -40.51547, -124.31234],
							"lerp_mode": "catmullrom"
						}
					},
					"position": {
						"0.0": {
							"post": [-6.80348, -16.04405, 1.39686],
							"lerp_mode": "catmullrom"
						},
						"0.125": {
							"post": [-3.8, -9.04, -4.6],
							"lerp_mode": "catmullrom"
						},
						"0.2083": {
							"post": [-2.8, -8.04, -3.6],
							"lerp_mode": "catmullrom"
						},
						"0.25": {
							"post": [-2.8, -8.04, -3.6],
							"lerp_mode": "catmullrom"
						},
						"0.3333": {
							"post": [-2.8, -8.04, -0.6],
							"lerp_mode": "catmullrom"
						},
						"0.4167": {
							"post": [-2.8, -8.04, -0.6],
							"lerp_mode": "catmullrom"
						},
						"0.5": {
							"post": [-2.8, -8.04, -3.6],
							"lerp_mode": "catmullrom"
						},
						"0.5833": {
							"post": [-2.8, -8.04, -3.6],
							"lerp_mode": "catmullrom"
						},
						"0.6667": {
							"post": [-1, -6.7, -3.85],
							"lerp_mode": "catmullrom"
						}
					}
				},
				"barrels": {
					"position": {
						"0.0": {
							"post": [0, 0, 0],
							"lerp_mode": "catmullrom"
						},
						"0.25": {
							"post": [0, 0, 0],
							"lerp_mode": "catmullrom"
						},
						"0.3333": {
							"post": [0, 0, 3],
							"lerp_mode": "catmullrom"
						},
						"0.4167": {
							"post": [0, 0, 3],
							"lerp_mode": "catmullrom"
						},
						"0.5": {
							"post": [0, 0, 0],
							"lerp_mode": "catmullrom"
						}
					}
				},
				"shell": {
					"scale": 0
				}
			},
			"sound_effects": {
				"0.25": {
					"effect": "bolt"
				},
				"0.3333": {
					"effect": "reload_end"
				}
			},
			"particle_effects": {
				"0.625": {
					"effect": "end_reload"
				}
			}
		},
		"draw": {
			"animation_length": 0.875,
			"bones": {
				"gun_body": {
					"rotation": {
						"0.0": {
							"post": [3.36554, 3.47231, 15.51542],
							"lerp_mode": "catmullrom"
						},
						"0.25": {
							"post": [-9.50527, 2.25602, 8.10529],
							"lerp_mode": "catmullrom"
						},
						"0.3333": {
							"post": [-9.47289, -0.10334, -5.37239],
							"lerp_mode": "catmullrom"
						},
						"0.4583": {
							"post": [0, 0, -5],
							"lerp_mode": "catmullrom"
						},
						"0.5417": {
							"post": [1.47156, -1.48372, -0.87563],
							"lerp_mode": "catmullrom"
						},
						"0.625": {
							"post": [0.27948, -0.48857, 0.82537],
							"lerp_mode": "catmullrom"
						},
						"0.7083": {
							"post": [0, 0, 0],
							"lerp_mode": "catmullrom"
						},
						"0.7917": {
							"post": [-0.12649, 0.04767, -0.21036],
							"lerp_mode": "catmullrom"
						},
						"0.875": {
							"post": [0, 0, 0],
							"lerp_mode": "catmullrom"
						}
					},
					"position": {
						"0.0": {
							"post": [0.02342, -2.63275, -0.3157],
							"lerp_mode": "catmullrom"
						},
						"0.25": {
							"post": [0.02, -1.38, 0.18],
							"lerp_mode": "catmullrom"
						},
						"0.3333": {
							"post": [0.01, -0.65, 2.52],
							"lerp_mode": "catmullrom"
						},
						"0.4583": {
							"post": [0, -1, 0.75],
							"lerp_mode": "catmullrom"
						},
						"0.5417": {
							"post": [0, -0.46, 0.33],
							"lerp_mode": "catmullrom"
						},
						"0.625": {
							"post": [0, 0, 1],
							"lerp_mode": "catmullrom"
						},
						"0.7083": {
							"post": [0, 0, 1],
							"lerp_mode": "catmullrom"
						},
						"0.875": {
							"post": [0, 0, 1],
							"lerp_mode": "catmullrom"
						}
					}
				},
				"shell": {
					"scale": {
						"0.0": [0, 0, 0],
						"0.625": [0, 0, 0],
						"0.8333": [0, 0, 0]
					}
				},
				"barrel": {
					"rotation": {
						"0.0": {
							"post": [72.5, 0, 0],
							"lerp_mode": "catmullrom"
						},
						"0.2917": {
							"post": [0, 0, 0],
							"lerp_mode": "catmullrom"
						}
					}
				},
				"left_arm": {
					"rotation": {
						"0.0": [110.20323, -78.66629, -125.47292],
						"0.2083": [110.20323, -78.66629, -125.47292],
						"0.2917": [110.20323, -78.66629, -125.47292],
						"0.375": [110.20323, -78.66629, -125.47292],
						"0.5": [92.11981, -61.19524, -122.22834],
						"0.7083": {
							"pre": [70.95591, -40.51547, -124.31234],
							"post": [70.95591, -40.51547, -124.31234],
							"lerp_mode": "catmullrom"
						}
					},
					"position": {
						"0.0": [-0.88, -7.69, -4.45],
						"0.2083": [-0.88, -7.69, -4.45],
						"0.2917": [-0.88, -7.69, -1.45],
						"0.375": [-0.88, -7.69, -1.45],
						"0.5": [0.62, -6.94, -2.7],
						"0.5833": [-1.08, -10.14, -3.5],
						"0.7083": {
							"pre": [-1, -6.7, -3.85],
							"post": [-1, -6.7, -3.85],
							"lerp_mode": "catmullrom"
						}
					}
				},
				"right_arm": {
					"rotation": {
						"0.0": {
							"post": [90, 0, -180],
							"lerp_mode": "catmullrom"
						}
					},
					"position": {
						"0.0": {
							"post": [5.65, -2.2, 5.5],
							"lerp_mode": "catmullrom"
						}
					}
				},
				"barrels": {
					"position": {
						"0.0": [0, 0, 0],
						"0.2083": [0, 0, 0],
						"0.2917": [0, 0, 3],
						"0.375": [0, 0, 3],
						"0.5": [0, 0, 0]
					}
				}
			},
			"sound_effects": {
				"0.1667": {
					"effect": "rack"
				}
			}
		},
		"shoot": {
			"loop": true,
			"animation_length": 0.375,
			"bones": {
				"bolt": {
					"position": {
						"0.0": [0, 0, 2.6],
						"0.125": [0, 0, 0],
						"0.375": [0, 0, 0]
					}
				},
				"gun_body": {
					"rotation": {
						"0.0": {
							"post": [-19.88069, 0.95052, -2.73113],
							"lerp_mode": "catmullrom"
						},
						"0.0417": {
							"post": [-16.88888, -0.75108, -7.43286],
							"lerp_mode": "catmullrom"
						},
						"0.125": {
							"post": [-9.42001, 0.46574, 2.11348],
							"lerp_mode": "catmullrom"
						},
						"0.2083": {
							"post": [-1.98922, 0.83781, -2.92862],
							"lerp_mode": "catmullrom"
						},
						"0.2917": [0.02719, -0.01062, 1.24949],
						"0.375": [0, 0, 0]
					},
					"position": {
						"0.0": {
							"post": [0, -0.5, 2],
							"lerp_mode": "catmullrom"
						},
						"0.0417": {
							"post": [0, -0.9, 2],
							"lerp_mode": "catmullrom"
						},
						"0.125": {
							"post": [0, -0.9, 1.7],
							"lerp_mode": "catmullrom"
						},
						"0.2083": {
							"post": [0, -0.9, 1.2],
							"lerp_mode": "catmullrom"
						},
						"0.2917": [0, -0.025, 0.825],
						"0.375": [0, 0, 1]
					}
				},
				"shell": {
					"scale": 0
				},
				"left_arm": {
					"rotation": {
						"0.0": {
							"post": [70.95591, -40.51547, -124.31234],
							"lerp_mode": "catmullrom"
						}
					},
					"position": {
						"0.0": {
							"post": [-1, -6.7, -3.85],
							"lerp_mode": "catmullrom"
						}
					}
				},
				"right_arm": {
					"rotation": {
						"0.0": {
							"post": [90, 0, -180],
							"lerp_mode": "catmullrom"
						}
					},
					"position": {
						"0.0": {
							"post": [5.65, -2.2, 5.5],
							"lerp_mode": "catmullrom"
						}
					}
				},
				"barrels": {
					"position": {
						"0.0": [0, 0, 2],
						"0.0417": [0, 0, 2],
						"0.125": [0, 0, 0]
					}
				}
			}
		},
		"reload_loop": {
			"loop": true,
			"animation_length": 0.5833,
			"bones": {
				"gun_body": {
					"rotation": {
						"0.0": {
							"post": [-7.10276, -7.27253, -51.75505],
							"lerp_mode": "catmullrom"
						},
						"0.125": {
							"post": [-6.84511, -7.51539, -53.7569],
							"lerp_mode": "catmullrom"
						},
						"0.25": {
							"post": [-6.48969, -7.88862, -57.75593],
							"lerp_mode": "catmullrom"
						},
						"0.4167": {
							"post": [-6.47429, -7.62138, -52.49181],
							"lerp_mode": "catmullrom"
						},
						"0.5833": {
							"post": [-7.10276, -7.27253, -51.75505],
							"lerp_mode": "catmullrom"
						}
					},
					"position": {
						"0.0": {
							"post": [-1.20338, 0.79012, 0.11487],
							"lerp_mode": "catmullrom"
						},
						"0.125": {
							"post": [-1.4, 0.49, 0.31],
							"lerp_mode": "catmullrom"
						},
						"0.25": {
							"post": [-1.4, 0.99, -0.09],
							"lerp_mode": "catmullrom"
						},
						"0.3333": {
							"post": [-1.3, 0.69, -0.39],
							"lerp_mode": "catmullrom"
						},
						"0.4167": {
							"post": [-1.26, 0.51, -0.07],
							"lerp_mode": "catmullrom"
						},
						"0.5833": {
							"post": [-1.20338, 0.79012, 0.11487],
							"lerp_mode": "catmullrom"
						}
					}
				},
				"left_arm": {
					"rotation": {
						"0.0": [80.95811, 35.7727, -112.54043],
						"0.0833": [80.95811, 35.7727, -112.54043],
						"0.1667": [39.43203, -28.6313, -39.46087],
						"0.25": [39.60872, -28.90952, -39.52901],
						"0.2917": [48.71075, -34.58532, -28.24672],
						"0.4167": [48.82144, -35.88825, -26.17882],
						"0.5833": [80.95811, 35.7727, -112.54043]
					},
					"position": {
						"0.0": [-6.80348, -16.04405, 1.39686],
						"0.0833": [-6.80348, -16.04405, 1.39686],
						"0.1667": [-3.8, -10.04, -3.6],
						"0.25": [-3.8, -10.04, -3.6],
						"0.2917": [-6.8, -9.79, -5.6],
						"0.4167": [-7.05, -9.79, -5.6],
						"0.5833": [-6.80348, -16.04405, 1.39686]
					}
				},
				"right_arm": {
					"rotation": {
						"0.0": {
							"post": [90, 0, -180],
							"lerp_mode": "catmullrom"
						},
						"0.1667": {
							"post": [90, 0, -180],
							"lerp_mode": "catmullrom"
						},
						"0.4167": {
							"post": [90, 0, -180],
							"lerp_mode": "catmullrom"
						},
						"0.5": {
							"post": [90, 0, -180],
							"lerp_mode": "catmullrom"
						}
					},
					"position": {
						"0.0": {
							"post": [5.65, -2.2, 5.5],
							"lerp_mode": "catmullrom"
						},
						"0.1667": {
							"post": [5.65, -2.2, 5.5],
							"lerp_mode": "catmullrom"
						},
						"0.4167": {
							"post": [5.65, -2.2, 5.5],
							"lerp_mode": "catmullrom"
						},
						"0.5": {
							"post": [5.65, -2.2, 5.5],
							"lerp_mode": "catmullrom"
						}
					}
				}
			},
			"sound_effects": {
				"0.25": {
					"effect": "reload_mag_in"
				}
			},
			"particle_effects": {
				"0.5": {
					"effect": "loaded"
				},
				"0.5833": {
					"effect": "loop_end"
				}
			}
		},
		"aim_shoot": {
			"loop": true,
			"animation_length": 0.5833,
			"bones": {
				"bolt": {
					"position": {
						"0.0": [0, 0, 2.6],
						"0.125": [0, 0, 0],
						"0.375": [0, 0, 0]
					}
				},
				"gun_body": {
					"rotation": {
						"0.0": {
							"post": [-19.88069, 0.95052, -2.73113],
							"lerp_mode": "catmullrom"
						},
						"0.0417": {
							"post": [-16.88888, -0.75108, -7.43286],
							"lerp_mode": "catmullrom"
						},
						"0.125": {
							"post": [-9.42001, 0.46574, 2.11348],
							"lerp_mode": "catmullrom"
						},
						"0.2083": {
							"post": [-1.98922, 0.83781, -2.92862],
							"lerp_mode": "catmullrom"
						},
						"0.2917": [0.02719, -0.01062, 1.24949],
						"0.375": [0, 0, 0]
					},
					"position": {
						"0.0": {
							"post": [0, -0.5, 2],
							"lerp_mode": "catmullrom"
						},
						"0.0417": {
							"post": [0, -0.9, 2],
							"lerp_mode": "catmullrom"
						},
						"0.125": {
							"post": [0, -0.9, 1.7],
							"lerp_mode": "catmullrom"
						},
						"0.2083": {
							"post": [0, -0.9, 1.2],
							"lerp_mode": "catmullrom"
						},
						"0.2917": [0, 0, 1],
						"0.375": [0, 0, 1]
					}
				},
				"shell": {
					"scale": 0
				},
				"left_arm": {
					"rotation": {
						"0.0": {
							"post": [70.95591, -40.51547, -124.31234],
							"lerp_mode": "catmullrom"
						}
					},
					"position": {
						"0.0": {
							"post": [-1, -6.7, -3.85],
							"lerp_mode": "catmullrom"
						}
					}
				},
				"right_arm": {
					"rotation": {
						"0.0": {
							"post": [90, 0, -180],
							"lerp_mode": "catmullrom"
						}
					},
					"position": {
						"0.0": {
							"post": [5.65, -2.2, 5.5],
							"lerp_mode": "catmullrom"
						}
					}
				},
				"barrels": {
					"position": {
						"0.0": [0, 0, 2],
						"0.0417": [0, 0, 2],
						"0.125": [0, 0, 0]
					}
				}
			}
		},
		"inspect": {
			"animation_length": 7.4167,
			"bones": {
				"bolt": {
					"position": {
						"0.0": {
							"post": [0, 0, 0],
							"lerp_mode": "catmullrom"
						}
					}
				},
				"gun_body": {
					"rotation": {
						"0.0": [0, 0, 0],
						"0.0833": [3.00183, -1.99726, 1.89529],
						"0.1667": [2.55122, -6.23706, 6.70495],
						"0.2917": [0.27073, -13.27068, -9.94541],
						"0.375": {
							"pre": [-4.18707, -15.73941, -12.32629],
							"post": [-4.18707, -15.73941, -12.32629],
							"lerp_mode": "catmullrom"
						},
						"0.4583": {
							"post": [-8.8047, -17.55113, -17.30117],
							"lerp_mode": "catmullrom"
						},
						"0.5833": {
							"post": [-5.02462, -21.50286, -16.64362],
							"lerp_mode": "catmullrom"
						},
						"0.75": {
							"post": [-4.6463, -21.55744, -16.70991],
							"lerp_mode": "catmullrom"
						},
						"0.9167": {
							"post": [-4.63119, -21.58702, -17.71493],
							"lerp_mode": "catmullrom"
						},
						"1.0833": {
							"post": [-5.02462, -21.50286, -16.64362],
							"lerp_mode": "catmullrom"
						},
						"1.25": {
							"post": [1.40321, -22.01253, -33.87122],
							"lerp_mode": "catmullrom"
						},
						"1.375": {
							"post": [1.21018, -21.94946, -36.02695],
							"lerp_mode": "catmullrom"
						},
						"1.5": {
							"post": [0.48094, -21.95125, -33.13194],
							"lerp_mode": "catmullrom"
						},
						"1.625": {
							"post": [-0.21649, -21.70528, -31.24616],
							"lerp_mode": "catmullrom"
						},
						"1.75": {
							"post": [-0.23863, -21.67981, -30.23851],
							"lerp_mode": "catmullrom"
						},
						"2.125": {
							"post": [-0.4155, -21.70253, -30.70801],
							"lerp_mode": "catmullrom"
						},
						"2.375": {
							"post": [-2.42601, -21.82842, -25.31892],
							"lerp_mode": "catmullrom"
						},
						"2.5": {
							"post": [-2.68037, -16.70817, -15.89341],
							"lerp_mode": "catmullrom"
						},
						"2.6667": {
							"post": [-10.00044, -9.35134, -3.3075],
							"lerp_mode": "catmullrom"
						},
						"2.8333": {
							"post": [-14.88725, 18.41093, 8.37639],
							"lerp_mode": "catmullrom"
						},
						"3.0": {
							"post": [-7.34859, 26.7572, 42.40904],
							"lerp_mode": "catmullrom"
						},
						"3.1667": {
							"post": [-5.7878, 27.95393, 62.06671],
							"lerp_mode": "catmullrom"
						},
						"3.2917": {
							"post": [-6.65659, 28.28342, 66.58686],
							"lerp_mode": "catmullrom"
						},
						"3.4167": {
							"post": [-7.79217, 29.024, 64.18258],
							"lerp_mode": "catmullrom"
						},
						"3.5833": {
							"post": [-6.68546, 29.27605, 66.4544],
							"lerp_mode": "catmullrom"
						},
						"4.0833": {
							"post": [-6.10269, 29.39999, 68.35585],
							"lerp_mode": "catmullrom"
						},
						"4.2917": {
							"post": [-5.82218, 29.45193, 68.9268],
							"lerp_mode": "catmullrom"
						},
						"4.5": {
							"post": [8.70864, 26.34218, 53.65008],
							"lerp_mode": "catmullrom"
						},
						"4.625": {
							"post": [14.09586, 23.22629, 18.61251],
							"lerp_mode": "catmullrom"
						},
						"4.7917": {
							"post": [13.82793, 7.03246, 21.51596],
							"lerp_mode": "catmullrom"
						},
						"4.9583": {
							"post": [2.99954, 0.05233, -0.99863],
							"lerp_mode": "catmullrom"
						},
						"5.0833": {
							"post": [0.00608, -0.03218, -2.99947],
							"lerp_mode": "catmullrom"
						},
						"5.2083": {
							"post": [-0.00355, 0.0243, 0.2496],
							"lerp_mode": "catmullrom"
						},
						"5.3333": {
							"post": [0, 0, 0],
							"lerp_mode": "catmullrom"
						}
					},
					"position": {
						"0.0": [0, 0, 1],
						"0.0833": [-0.3, -0.4, 0],
						"0.1667": [-0.6, -0.8, 0.3],
						"0.2917": [-0.9, 0.5, 0.3],
						"0.375": {
							"pre": [-0.6, 0.9, 0.3],
							"post": [-0.6, 0.9, 0.3],
							"lerp_mode": "catmullrom"
						},
						"0.4583": {
							"post": [-0.1, 0.3, 0],
							"lerp_mode": "catmullrom"
						},
						"0.5833": {
							"post": [0.1, -0.15, 0],
							"lerp_mode": "catmullrom"
						},
						"0.75": {
							"post": [0.1, 0.2, 0],
							"lerp_mode": "catmullrom"
						},
						"0.9167": {
							"post": [0.2, 0.075, 0],
							"lerp_mode": "catmullrom"
						},
						"1.0833": {
							"post": [0.05, -0.07, 0],
							"lerp_mode": "catmullrom"
						},
						"1.25": {
							"post": [-0.15, 0.03, 0.1],
							"lerp_mode": "catmullrom"
						},
						"1.375": {
							"post": [-0.25, 0.03, 0.3],
							"lerp_mode": "catmullrom"
						},
						"1.5": {
							"post": [-0.15, -0.02, 0.3],
							"lerp_mode": "catmullrom"
						},
						"1.625": {
							"post": [-0.05, -0.07, 0.3],
							"lerp_mode": "catmullrom"
						},
						"1.75": {
							"post": [-0.1, -0.07, 0.35],
							"lerp_mode": "catmullrom"
						},
						"2.125": {
							"post": [-0.1, -0.07, 0.45],
							"lerp_mode": "catmullrom"
						},
						"2.375": {
							"post": [-0.175, -0.07, 0.325],
							"lerp_mode": "catmullrom"
						},
						"2.5": {
							"post": [0.22, -1.28, 0.72],
							"lerp_mode": "catmullrom"
						},
						"2.6667": {
							"post": [0.23, -3.57, 0.33],
							"lerp_mode": "catmullrom"
						},
						"2.8333": {
							"post": [1.23, -2.07, 0.33],
							"lerp_mode": "catmullrom"
						},
						"3.0": {
							"post": [1.63, -0.27, 0.33],
							"lerp_mode": "catmullrom"
						},
						"3.1667": {
							"post": [2.33, 0.23, -0.67],
							"lerp_mode": "catmullrom"
						},
						"3.2917": {
							"post": [2.63, -0.07, -0.87],
							"lerp_mode": "catmullrom"
						},
						"3.4167": {
							"post": [2.53, -0.17, -0.87],
							"lerp_mode": "catmullrom"
						},
						"3.5833": {
							"post": [2.43, -0.07, -0.87],
							"lerp_mode": "catmullrom"
						},
						"4.0833": {
							"post": [2.23, -0.27, -0.87],
							"lerp_mode": "catmullrom"
						},
						"4.2917": {
							"post": [2.405, -0.32, -0.87],
							"lerp_mode": "catmullrom"
						},
						"4.5": {
							"post": [2.67, -2.71, -1.73],
							"lerp_mode": "catmullrom"
						},
						"4.625": {
							"post": [1, -3.22, -2.47],
							"lerp_mode": "catmullrom"
						},
						"4.7917": {
							"post": [0.05, -2.64, -1.52],
							"lerp_mode": "catmullrom"
						},
						"4.9583": [0, 0, 1],
						"5.0833": [0, 0, 1],
						"5.2083": [0, 0, 1],
						"5.3333": [0, 0, 1]
					}
				},
				"left_arm": {
					"rotation": {
						"0.0": {
							"post": [70.95591, -40.51547, -124.31234],
							"lerp_mode": "catmullrom"
						}
					},
					"position": {
						"0.0": {
							"post": [-1, -6.7, -3.85],
							"lerp_mode": "catmullrom"
						}
					}
				},
				"right_arm": {
					"rotation": {
						"0.0": {
							"post": [90, 0, -180],
							"lerp_mode": "catmullrom"
						}
					},
					"position": {
						"0.0": {
							"post": [5.65, -2.2, 5.5],
							"lerp_mode": "catmullrom"
						}
					}
				}
			}
		},
		"idle": {
			"loop": true,
			"bones": {
				"gun_body": {
					"rotation": {
						"0.0": {
							"post": [0, 0, 0],
							"lerp_mode": "catmullrom"
						}
					},
					"position": {
						"0.0": {
							"post": [0, 0, 1],
							"lerp_mode": "catmullrom"
						}
					}
				},
				"shell": {
					"scale": 0
				},
				"left_arm": {
					"rotation": {
						"0.0": {
							"post": [70.95591, -40.51547, -124.31234],
							"lerp_mode": "catmullrom"
						}
					},
					"position": {
						"0.0": {
							"post": [-1, -6.7, -3.85],
							"lerp_mode": "catmullrom"
						}
					}
				},
				"right_arm": {
					"rotation": {
						"0.0": {
							"post": [90, 0, -180],
							"lerp_mode": "catmullrom"
						}
					},
					"position": {
						"0.0": {
							"post": [5.65, -2.2, 5.5],
							"lerp_mode": "catmullrom"
						}
					}
				}
			}
		}
	}
}