{
	"format_version": "1.8.0",
	"animations": {
		"reload_start": {
			"animation_length": 0.8333,
			"bones": {
				"gun_body": {
					"rotation": {
						"0.0": {
							"post": [0, 0, 0],
							"lerp_mode": "catmullrom"
						},
						"0.0833": {
							"post": [-5, 0, -7.5],
							"lerp_mode": "catmullrom"
						},
						"0.2083": {
							"post": [-4.94968, 5.84865, 2.0318],
							"lerp_mode": "catmullrom"
						},
						"0.3333": {
							"post": [-23.91857, 3.92398, 10.18375],
							"lerp_mode": "catmullrom"
						},
						"0.4583": {
							"post": [-35.53234, 19.10948, 25.77502],
							"lerp_mode": "catmullrom"
						},
						"0.5833": {
							"post": [-35.44647, 18.80264, 23.82826],
							"lerp_mode": "catmullrom"
						},
						"0.7083": {
							"post": [-35.88058, 17.64252, 23.14451],
							"lerp_mode": "catmullrom"
						},
						"0.8333": {
							"post": [-34.17, 16.94, 23.08],
							"lerp_mode": "catmullrom"
						}
					},
					"position": {
						"0.0": {
							"post": [0, 0, 1],
							"lerp_mode": "catmullrom"
						},
						"0.0833": {
							"post": [0, -0.3, 1],
							"lerp_mode": "catmullrom"
						},
						"0.2083": {
							"post": [0.25, -0.05, 1],
							"lerp_mode": "catmullrom"
						},
						"0.3333": {
							"post": [1.5, -0.05, 2],
							"lerp_mode": "catmullrom"
						},
						"0.4583": {
							"post": [2.5, -0.05, 2],
							"lerp_mode": "catmullrom"
						},
						"0.5833": {
							"post": [2.6, -0.05, 2],
							"lerp_mode": "catmullrom"
						},
						"0.75": {
							"post": [2.6, -0.05, 2],
							"lerp_mode": "catmullrom"
						},
						"0.8333": {
							"post": [2.6, -0.1, 1.99],
							"lerp_mode": "catmullrom"
						}
					}
				},
				"right_arm": {
					"rotation": {
						"0.0": [90, 0, -180],
						"0.75": [90, 0, -180]
					},
					"position": {
						"0.0": [5.65, -2.7, 5],
						"0.75": [5.65, -2.7, 5]
					}
				},
				"left_arm": {
					"rotation": {
						"0.0": [88.95054, -26.20116, -129.71317],
						"0.1667": [87.89, -48.11, -128.44]
					},
					"position": {
						"0.0": [-3.63, -7.44, -4.7],
						"0.1667": [1.37, -8.94, 1.8]
					}
				},
				"shell": {
					"scale": 0
				},
				"barrel": {
					"rotation": {
						"0.0": {
							"post": [0, 0, 0],
							"lerp_mode": "catmullrom"
						},
						"0.2083": [0, 0, 0],
						"0.3333": [67.5, 0, 0],
						"0.75": [67.5, 0, 0]
					},
					"position": [0, 0, 0]
				}
			},
			"sound_effects": {
				"0.25": {
					"effect": "reload_mag_out"
				}
			},
			"particle_effects": {
				"0.3333": {
					"effect": "eject_casing"
				},
				"0.375": {
					"effect": "eject_casing"
				}
			}
		},
		"reload_stop": {
			"animation_length": 0.6667,
			"bones": {
				"gun_body": {
					"rotation": {
						"0.0": {
							"post": [-34.17, 16.94, 23.08],
							"lerp_mode": "catmullrom"
						},
						"0.1667": {
							"post": [-45.98845, 7.60267, 8.76864],
							"lerp_mode": "catmullrom"
						},
						"0.375": {
							"post": [-13.97246, -10.80249, -0.38855],
							"lerp_mode": "catmullrom"
						},
						"0.5417": [0.0858, -0.05597, 1.99733],
						"0.6667": [0, 0, 0]
					},
					"position": {
						"0.0": {
							"post": [2.6, -0.1, 1.99],
							"lerp_mode": "catmullrom"
						},
						"0.1667": {
							"post": [2.9, -0.9, 1.65],
							"lerp_mode": "catmullrom"
						},
						"0.375": {
							"post": [2.25, -2.95, 2.65],
							"lerp_mode": "catmullrom"
						},
						"0.5417": {
							"post": [0, 0, 1],
							"lerp_mode": "catmullrom"
						},
						"0.6667": {
							"post": [0, 0, 1],
							"lerp_mode": "catmullrom"
						}
					}
				},
				"right_arm": {
					"rotation": {
						"0.0": [90, 0, -180],
						"0.2917": [90, 0, -180]
					},
					"position": {
						"0.0": [5.65, -2.7, 5],
						"0.2917": [5.65, -2.7, 5]
					}
				},
				"left_arm": {
					"rotation": {
						"0.0": [87.89, -48.11, -128.44],
						"0.0833": [62.99667, -57.08809, -191.78451],
						"0.2083": [88.95054, -26.20116, -129.71317],
						"0.2917": [88.95054, -26.20116, -129.71317]
					},
					"position": {
						"0.0": [1.37, -8.94, 1.8],
						"0.0833": [2.12, -2.44, -1.7],
						"0.2083": [-3.63, -8.94, -1.2],
						"0.2917": [-3.63, -7.44, -4.7]
					}
				},
				"barrel": {
					"rotation": {
						"0.0": [67.5, 0, 0],
						"0.2083": [67.5, 0, 0],
						"0.2917": [0, 0, 0]
					},
					"position": [0, 0, 0]
				},
				"shell": {
					"scale": 0
				}
			},
			"sound_effects": {
				"0.2083": {
					"effect": "reload_end"
				},
				"0.25": {
					"effect": "reload_mag_out"
				},
				"0.2917": {
					"effect": "bolt_release"
				}
			},
			"particle_effects": {
				"0.4583": {
					"effect": "reload_end"
				}
			}
		},
		"reload_loop": {
			"loop": true,
			"animation_length": 0.6667,
			"bones": {
				"gun_body": {
					"rotation": {
						"0.0": {
							"post": [-34.17, 16.94, 23.08],
							"lerp_mode": "catmullrom"
						},
						"0.0833": {
							"post": [-31.95732, 16.24606, 22.91118],
							"lerp_mode": "catmullrom"
						},
						"0.25": {
							"post": [-37.4264, 18.23773, 21.32894],
							"lerp_mode": "catmullrom"
						},
						"0.3333": {
							"post": [-37.52367, 17.55791, 23.03823],
							"lerp_mode": "catmullrom"
						},
						"0.4167": {
							"post": [-37.01303, 15.93476, 22.70689],
							"lerp_mode": "catmullrom"
						},
						"0.6667": {
							"post": [-34.17, 16.94, 23.08],
							"lerp_mode": "catmullrom"
						}
					},
					"position": {
						"0.0": {
							"post": [2.6, -0.1, 1.99],
							"lerp_mode": "catmullrom"
						},
						"0.0833": {
							"post": [2.6, -0.3, 2],
							"lerp_mode": "catmullrom"
						},
						"0.25": {
							"post": [2.6, -0.44, 2.31],
							"lerp_mode": "catmullrom"
						},
						"0.3333": {
							"post": [2.35, -0.8, 1.5],
							"lerp_mode": "catmullrom"
						},
						"0.4167": {
							"post": [2.4, -1, 1.55],
							"lerp_mode": "catmullrom"
						},
						"0.6667": {
							"post": [2.6, -0.1, 1.99],
							"lerp_mode": "catmullrom"
						}
					}
				},
				"left_arm": {
					"rotation": {
						"0.0": [87.89, -48.11, -128.44],
						"0.2083": [86.6476, -73.67852, -126.95899],
						"0.2917": [138.52458, -69.24109, -211.82607],
						"0.375": [136.02, -69.24, -211.83],
						"0.4583": [143.52, -69.24, -211.83],
						"0.6667": [87.89, -48.11, -128.44]
					},
					"position": {
						"0.0": [1.37, -8.94, 1.8],
						"0.125": [-0.63, -4.94, -5.2],
						"0.2083": [-1.63, -2.94, -4.2],
						"0.2917": [-0.88, -1.69, -4.95],
						"0.375": [-0.88, -1.44, -4.95],
						"0.4583": [-0.88, -1.94, -4.95],
						"0.6667": [1.37, -8.94, 1.8]
					}
				},
				"right_arm": {
					"rotation": [90, 0, -180],
					"position": [5.65, -2.7, 5]
				},
				"barrel": {
					"rotation": [67.5, 0, 0],
					"position": [0, 0, 0]
				},
				"shell": {
					"scale": 0
				}
			},
			"sound_effects": {
				"0.2917": {
					"effect": "reload_mag_in"
				}
			},
			"particle_effects": {
				"0.0": {
					"effect": "eject_casing"
				},
				"0.5417": {
					"effect": "loaded"
				}
			}
		},
		"idle": {
			"loop": true,
			"bones": {
				"gun_body": {
					"rotation": {
						"0.0": {
							"post": [0, 0, 0],
							"lerp_mode": "catmullrom"
						}
					},
					"position": {
						"0.0": {
							"post": [0, 0, 1],
							"lerp_mode": "catmullrom"
						}
					}
				},
				"shell": {
					"scale": 0
				},
				"left_arm": {
					"rotation": [88.95054, -26.20116, -129.71317],
					"position": [-3.63, -7.44, -4.7]
				},
				"right_arm": {
					"rotation": [90, 0, -180],
					"position": [5.65, -2.7, 5]
				}
			}
		},
		"draw": {
			"animation_length": 0.5833,
			"bones": {
				"gun_body": {
					"rotation": {
						"0.0": {
							"post": [-29.13446, 3.47231, 15.51542],
							"lerp_mode": "catmullrom"
						},
						"0.0833": {
							"post": [-32.00527, 2.25602, 8.10529],
							"lerp_mode": "catmullrom"
						},
						"0.1667": {
							"post": [-31.94638, 0.71893, -0.44035],
							"lerp_mode": "catmullrom"
						},
						"0.25": {
							"post": [-16.69084, -0.12617, -12.42765],
							"lerp_mode": "catmullrom"
						},
						"0.3333": {
							"post": [-3.95367, -1.63018, -17.07919],
							"lerp_mode": "catmullrom"
						},
						"0.4167": {
							"post": [0, 0, 0],
							"lerp_mode": "catmullrom"
						},
						"0.5": {
							"post": [-0.12649, 0.04767, -0.21036],
							"lerp_mode": "catmullrom"
						},
						"0.5833": {
							"post": [0, 0, 0],
							"lerp_mode": "catmullrom"
						}
					},
					"position": {
						"0.0": {
							"post": [0.02342, -2.63275, -0.3157],
							"lerp_mode": "catmullrom"
						},
						"0.0833": {
							"post": [0.02, -2.38, 0.18],
							"lerp_mode": "catmullrom"
						},
						"0.1667": {
							"post": [0.01, -1.65, 1.52],
							"lerp_mode": "catmullrom"
						},
						"0.25": {
							"post": [0, 0.5, 0.5],
							"lerp_mode": "catmullrom"
						},
						"0.4167": {
							"post": [0, 0, 1],
							"lerp_mode": "catmullrom"
						},
						"0.5": {
							"post": [0, 0, 1],
							"lerp_mode": "catmullrom"
						},
						"0.5833": {
							"post": [0, 0, 1],
							"lerp_mode": "catmullrom"
						}
					}
				},
				"shell": {
					"scale": 0
				},
				"barrel": {
					"rotation": {
						"0.125": {
							"pre": [72.5, 0, 0],
							"post": [72.5, 0, 0],
							"lerp_mode": "catmullrom"
						},
						"0.25": {
							"post": [0, 0, 0],
							"lerp_mode": "catmullrom"
						}
					}
				},
				"left_arm": {
					"rotation": {
						"0.125": {
							"pre": [58.7038, -15.1328, -95.10811],
							"post": [58.7038, -15.1328, -95.10811],
							"lerp_mode": "catmullrom"
						},
						"0.25": [88.95054, -26.20116, -129.71317]
					},
					"position": {
						"0.125": {
							"pre": [-2.81, -8.73, -2.06],
							"post": [-2.81, -8.73, -2.06],
							"lerp_mode": "catmullrom"
						},
						"0.25": [-3.63, -7.44, -4.7]
					}
				},
				"right_arm": {
					"rotation": [90, 0, -180],
					"position": [5.65, -2.7, 5]
				}
			},
			"sound_effects": {
				"0.2083": {
					"effect": "reload_mag_out"
				}
			}
		},
		"shoot": {
			"loop": true,
			"animation_length": 0.375,
			"bones": {
				"bolt": {
					"position": {
						"0.0": [0, 0, 2.6],
						"0.125": [0, 0, 0],
						"0.375": [0, 0, 0]
					}
				},
				"gun_body": {
					"rotation": {
						"0.0": {
							"post": [-19.88069, 0.95052, -2.73113],
							"lerp_mode": "catmullrom"
						},
						"0.0417": {
							"post": [-16.88888, -0.75108, -7.43286],
							"lerp_mode": "catmullrom"
						},
						"0.125": {
							"post": [-9.42001, 0.46574, 2.11348],
							"lerp_mode": "catmullrom"
						},
						"0.2083": {
							"post": [-1.98922, 0.83781, -2.92862],
							"lerp_mode": "catmullrom"
						},
						"0.2917": [0.02719, -0.01062, 1.24949],
						"0.375": [0, 0, 0]
					},
					"position": {
						"0.0": {
							"post": [0, -0.5, 2],
							"lerp_mode": "catmullrom"
						},
						"0.0417": {
							"post": [0, -0.9, 2],
							"lerp_mode": "catmullrom"
						},
						"0.125": {
							"post": [0, -0.9, 1.7],
							"lerp_mode": "catmullrom"
						},
						"0.2083": {
							"post": [0, -0.9, 1.2],
							"lerp_mode": "catmullrom"
						},
						"0.2917": [0, -0.025, 0.825],
						"0.375": [0, 0, 1]
					}
				},
				"shell": {
					"scale": 0
				},
				"left_arm": {
					"rotation": [88.95054, -26.20116, -129.71317],
					"position": [-3.63, -7.44, -4.7]
				},
				"right_arm": {
					"rotation": [90, 0, -180],
					"position": [5.65, -2.7, 5]
				}
			}
		},
		"inspect": {
			"animation_length": 7.4167,
			"bones": {
				"bolt": {
					"position": {
						"0.0": {
							"post": [0, 0, 0],
							"lerp_mode": "catmullrom"
						}
					}
				},
				"gun_body": {
					"rotation": {
						"0.0": {
							"post": [0, 0, 0],
							"lerp_mode": "catmullrom"
						},
						"0.0833": {
							"post": [3.00183, -1.99726, 1.89529],
							"lerp_mode": "catmullrom"
						},
						"0.1667": {
							"post": [2.55122, -6.23706, 6.70495],
							"lerp_mode": "catmullrom"
						},
						"0.2917": {
							"post": [0.27073, -13.27068, -9.94541],
							"lerp_mode": "catmullrom"
						},
						"0.375": {
							"post": [-4.18707, -15.73941, -12.32629],
							"lerp_mode": "catmullrom"
						},
						"0.4583": {
							"post": [-8.8047, -17.55113, -17.30117],
							"lerp_mode": "catmullrom"
						},
						"0.5833": {
							"post": [-5.02462, -21.50286, -16.64362],
							"lerp_mode": "catmullrom"
						},
						"0.75": {
							"post": [-4.6463, -21.55744, -16.70991],
							"lerp_mode": "catmullrom"
						},
						"0.9167": {
							"post": [-4.63119, -21.58702, -17.71493],
							"lerp_mode": "catmullrom"
						},
						"1.0833": {
							"post": [-5.02462, -21.50286, -16.64362],
							"lerp_mode": "catmullrom"
						},
						"1.25": {
							"post": [1.40321, -22.01253, -33.87122],
							"lerp_mode": "catmullrom"
						},
						"1.375": {
							"post": [1.21018, -21.94946, -36.02695],
							"lerp_mode": "catmullrom"
						},
						"1.5": {
							"post": [0.48094, -21.95125, -33.13194],
							"lerp_mode": "catmullrom"
						},
						"1.625": {
							"post": [-0.21649, -21.70528, -31.24616],
							"lerp_mode": "catmullrom"
						},
						"1.75": {
							"post": [-0.23863, -21.67981, -30.23851],
							"lerp_mode": "catmullrom"
						},
						"2.125": {
							"post": [-0.4155, -21.70253, -30.70801],
							"lerp_mode": "catmullrom"
						},
						"2.375": {
							"post": [-2.42601, -21.82842, -25.31892],
							"lerp_mode": "catmullrom"
						},
						"2.5": {
							"post": [-2.68037, -16.70817, -15.89341],
							"lerp_mode": "catmullrom"
						},
						"2.6667": {
							"post": [-10.00044, -9.35134, -3.3075],
							"lerp_mode": "catmullrom"
						},
						"2.8333": {
							"post": [-14.88725, 18.41093, 8.37639],
							"lerp_mode": "catmullrom"
						},
						"3.0": {
							"post": [-7.34859, 26.7572, 42.40904],
							"lerp_mode": "catmullrom"
						},
						"3.1667": {
							"post": [-5.7878, 27.95393, 62.06671],
							"lerp_mode": "catmullrom"
						},
						"3.2917": {
							"post": [-6.65659, 28.28342, 66.58686],
							"lerp_mode": "catmullrom"
						},
						"3.4167": {
							"post": [-7.79217, 29.024, 64.18258],
							"lerp_mode": "catmullrom"
						},
						"3.5833": {
							"post": [-6.68546, 29.27605, 66.4544],
							"lerp_mode": "catmullrom"
						},
						"4.0833": {
							"post": [-6.10269, 29.39999, 68.35585],
							"lerp_mode": "catmullrom"
						},
						"4.2917": {
							"post": [-5.82218, 29.45193, 68.9268],
							"lerp_mode": "catmullrom"
						},
						"4.5": {
							"post": [8.70864, 26.34218, 53.65008],
							"lerp_mode": "catmullrom"
						},
						"4.625": {
							"post": [14.09586, 23.22629, 18.61251],
							"lerp_mode": "catmullrom"
						},
						"4.7917": {
							"post": [13.82793, 7.03246, 21.51596],
							"lerp_mode": "catmullrom"
						},
						"4.9583": {
							"post": [2.99954, 0.05233, -0.99863],
							"lerp_mode": "catmullrom"
						},
						"5.0833": {
							"post": [0.00608, -0.03218, -2.99947],
							"lerp_mode": "catmullrom"
						},
						"5.2083": {
							"post": [-0.00355, 0.0243, 0.2496],
							"lerp_mode": "catmullrom"
						},
						"5.3333": {
							"post": [0, 0, 0],
							"lerp_mode": "catmullrom"
						}
					},
					"position": {
						"0.0": [0, 0, 1],
						"0.0833": {
							"pre": [-0.3, -0.4, 0],
							"post": [-0.3, -0.4, 0],
							"lerp_mode": "catmullrom"
						},
						"0.1667": {
							"post": [-0.6, -0.8, 0.3],
							"lerp_mode": "catmullrom"
						},
						"0.2917": {
							"post": [-0.9, 0.5, 0.3],
							"lerp_mode": "catmullrom"
						},
						"0.375": {
							"post": [-0.6, 0.9, 0.3],
							"lerp_mode": "catmullrom"
						},
						"0.4583": {
							"post": [-0.1, 0.3, 0],
							"lerp_mode": "catmullrom"
						},
						"0.5833": {
							"post": [0.1, -0.15, 0],
							"lerp_mode": "catmullrom"
						},
						"0.75": {
							"post": [0.1, 0.2, 0],
							"lerp_mode": "catmullrom"
						},
						"0.9167": {
							"post": [0.2, 0.075, 0],
							"lerp_mode": "catmullrom"
						},
						"1.0833": {
							"post": [0.05, -0.07, 0],
							"lerp_mode": "catmullrom"
						},
						"1.25": {
							"post": [-0.15, 0.03, 0.1],
							"lerp_mode": "catmullrom"
						},
						"1.375": {
							"post": [-0.25, 0.03, 0.3],
							"lerp_mode": "catmullrom"
						},
						"1.5": {
							"post": [-0.15, -0.02, 0.3],
							"lerp_mode": "catmullrom"
						},
						"1.625": {
							"post": [-0.05, -0.07, 0.3],
							"lerp_mode": "catmullrom"
						},
						"1.75": {
							"post": [-0.1, -0.07, 0.35],
							"lerp_mode": "catmullrom"
						},
						"2.125": {
							"post": [-0.1, -0.07, 0.45],
							"lerp_mode": "catmullrom"
						},
						"2.375": {
							"post": [-0.175, -0.07, 0.325],
							"lerp_mode": "catmullrom"
						},
						"2.5": {
							"post": [0.22, -1.28, 0.72],
							"lerp_mode": "catmullrom"
						},
						"2.6667": {
							"post": [0.23, -3.57, 0.33],
							"lerp_mode": "catmullrom"
						},
						"2.8333": {
							"post": [1.23, -2.07, 0.33],
							"lerp_mode": "catmullrom"
						},
						"3.0": {
							"post": [1.63, -0.27, 0.33],
							"lerp_mode": "catmullrom"
						},
						"3.1667": {
							"post": [2.33, 0.23, -0.67],
							"lerp_mode": "catmullrom"
						},
						"3.2917": {
							"post": [2.63, -0.07, -0.87],
							"lerp_mode": "catmullrom"
						},
						"3.4167": {
							"post": [2.53, -0.17, -0.87],
							"lerp_mode": "catmullrom"
						},
						"3.5833": {
							"post": [2.43, -0.07, -0.87],
							"lerp_mode": "catmullrom"
						},
						"4.0833": {
							"post": [2.23, -0.27, -0.87],
							"lerp_mode": "catmullrom"
						},
						"4.2917": {
							"post": [2.405, -0.32, -0.87],
							"lerp_mode": "catmullrom"
						},
						"4.5": {
							"post": [2.67, -2.71, -1.73],
							"lerp_mode": "catmullrom"
						},
						"4.625": {
							"post": [1, -3.22, -2.47],
							"lerp_mode": "catmullrom"
						},
						"4.7917": {
							"post": [0.05, -2.64, -1.52],
							"lerp_mode": "catmullrom"
						},
						"4.9583": [0, 0, 1],
						"5.0833": [0, 0, 1],
						"5.2083": [0, 0, 1],
						"5.3333": [0, 0, 1]
					}
				},
				"left_arm": {
					"rotation": [88.95054, -26.20116, -129.71317],
					"position": [-3.63, -7.44, -4.7]
				},
				"right_arm": {
					"rotation": [90, 0, -180],
					"position": [5.65, -2.7, 5]
				}
			}
		},
		"aim_shoot": {
			"loop": true,
			"animation_length": 0.5833,
			"bones": {
				"bolt": {
					"position": {
						"0.0": [0, 0, 2.6],
						"0.125": [0, 0, 0],
						"0.375": [0, 0, 0]
					}
				},
				"gun_body": {
					"rotation": {
						"0.0": {
							"post": [-19.88069, 0.95052, -2.73113],
							"lerp_mode": "catmullrom"
						},
						"0.0417": {
							"post": [-16.88888, -0.75108, -7.43286],
							"lerp_mode": "catmullrom"
						},
						"0.125": {
							"post": [-9.42001, 0.46574, 2.11348],
							"lerp_mode": "catmullrom"
						},
						"0.2083": {
							"post": [-1.98922, 0.83781, -2.92862],
							"lerp_mode": "catmullrom"
						},
						"0.2917": [0.02719, -0.01062, 1.24949],
						"0.375": [0, 0, 0]
					},
					"position": {
						"0.0": {
							"post": [0, -0.5, 2],
							"lerp_mode": "catmullrom"
						},
						"0.0417": {
							"post": [0, -0.9, 2],
							"lerp_mode": "catmullrom"
						},
						"0.125": {
							"post": [0, -0.9, 1.7],
							"lerp_mode": "catmullrom"
						},
						"0.2083": {
							"post": [0, -0.9, 1.2],
							"lerp_mode": "catmullrom"
						},
						"0.2917": [0, 0, 1],
						"0.375": [0, 0, 1]
					}
				},
				"shell": {
					"scale": 0
				},
				"left_arm": {
					"rotation": [88.95054, -26.20116, -129.71317],
					"position": [-3.63, -7.44, -4.7]
				},
				"right_arm": {
					"rotation": [90, 0, -180],
					"position": [5.65, -2.7, 5]
				}
			}
		}
	},
	"geometry.animations": {
		"texturewidth": 64,
		"textureheight": 64
	}
}