{
	"format_version": "1.8.0",
	"animations": {
		"shoot": {
			"loop": true,
			"animation_length": 0.8333,
			"bones": {
				"right_arm": {
					"rotation": {
						"0.0": {
							"post": [90, 0, -180],
							"lerp_mode": "catmullrom"
						},
						"0.2083": [90, 0, -180],
						"0.2917": [90, 8.5, -180],
						"0.3333": [90, 8.5, -180],
						"0.4167": [84.36739, 9.3651, -176.72507],
						"0.5": [79.5, 8.5, -180],
						"0.5417": [79.5, 8.5, -180],
						"0.625": [84.36739, 9.3651, -176.72507],
						"0.6667": [90, 8.5, -180],
						"0.7083": [90, 8.5, -180],
						"0.8333": [90, 0, -180]
					},
					"position": {
						"0.0": {
							"post": [5.65, -2.2, 5.5],
							"lerp_mode": "catmullrom"
						},
						"0.2083": [5.65, -2.2, 5.5],
						"0.2917": [4.76086, -2.2, 4.75824],
						"0.3333": [4.76086, -2.2, 4.75824],
						"0.5": [5.17413, -3.49197, 2.00102],
						"0.5417": [5.20633, -3.53556, 1.75689],
						"0.6667": [4.76086, -2.2, 4.75824],
						"0.7083": [4.76086, -2.2, 4.75824],
						"0.8333": [5.65, -2.2, 5.5]
					}
				},
				"left_arm": {
					"rotation": [88.95054, -26.20116, -129.71317],
					"position": [-3.28, -6.69, -1.5]
				},
				"gun_body": {
					"rotation": {
						"0.0": {
							"post": [-22.5, 0, 0],
							"lerp_mode": "catmullrom"
						},
						"0.125": {
							"post": [-13.74109, 0.76112, -1.62968],
							"lerp_mode": "catmullrom"
						},
						"0.25": {
							"post": [-14.87212, 0.36452, -0.21305],
							"lerp_mode": "catmullrom"
						},
						"0.375": {
							"post": [-14.70441, 2.28144, 7.04011],
							"lerp_mode": "catmullrom"
						},
						"0.5": {
							"post": [-13.45817, 3.54096, 11.88523],
							"lerp_mode": "catmullrom"
						},
						"0.7083": [0.6452, 0.07717, 0.82184],
						"0.8333": [0, 0, 0]
					},
					"position": {
						"0.0": [0, 0, 1],
						"0.125": {
							"pre": [-0.02, -0.06, 2.17],
							"post": [-0.02, -0.06, 2.17],
							"lerp_mode": "catmullrom"
						},
						"0.25": {
							"post": [-0.12, -0.06, 2.57],
							"lerp_mode": "catmullrom"
						},
						"0.375": {
							"post": [-0.12, -0.56, 2.07],
							"lerp_mode": "catmullrom"
						},
						"0.5": {
							"post": [-0.12, -0.31, 1.82],
							"lerp_mode": "catmullrom"
						},
						"0.625": {
							"post": [-0.12, -0.41, 2.02],
							"lerp_mode": "catmullrom"
						},
						"0.7083": [0, 0, 1],
						"0.8333": [0, 0, 1]
					}
				},
				"shell": {
					"scale": {
						"0.0": {
							"post": [0, 0, 0],
							"lerp_mode": "catmullrom"
						},
						"0.8333": [0, 0, 0]
					}
				},
				"lever": {
					"rotation": {
						"0.3333": [0, 0, 0],
						"0.5": [-47.5, 0, 0],
						"0.5417": [-47.5, 0, 0],
						"0.6667": [0, 0, 0],
						"0.8333": [0, 0, 0]
					}
				}
			},
			"sound_effects": {
				"0.375": {
					"effect": "lever"
				}
			},
			"particle_effects": {
				"0.0": {
					"effect": "eject_casing"
				}
			}
		},
		"draw": {
			"animation_length": 0.75,
			"bones": {
				"right_arm": {
					"rotation": [90, 0, -180],
					"position": [5.65, -2.2, 6.5]
				},
				"left_arm": {
					"rotation": [88.95054, -26.20116, -129.71317],
					"position": [-3.28, -6.69, -1.5]
				},
				"gun_body": {
					"rotation": {
						"0.0": {
							"post": [14.33501, -4.46375, 16.93839],
							"lerp_mode": "catmullrom"
						},
						"0.3333": {
							"post": [6.4524, -6.37074, 7.68062],
							"lerp_mode": "catmullrom"
						},
						"0.5": {
							"post": [0, 0, -2],
							"lerp_mode": "catmullrom"
						},
						"0.625": {
							"post": [0, 0, 1],
							"lerp_mode": "catmullrom"
						},
						"0.75": {
							"post": [0, 0, 0],
							"lerp_mode": "catmullrom"
						}
					},
					"position": {
						"0.0": {
							"post": [3, -8, -2],
							"lerp_mode": "catmullrom"
						},
						"0.1667": {
							"post": [1, -6.33, -1.33],
							"lerp_mode": "catmullrom"
						},
						"0.3333": {
							"post": [0.1, -2.16, -0.66],
							"lerp_mode": "catmullrom"
						},
						"0.5": {
							"post": [-0.2, -0.4, 0.2],
							"lerp_mode": "catmullrom"
						},
						"0.625": [0, 0, 1],
						"0.75": [0, 0, 1]
					}
				},
				"shell": {
					"scale": 0
				}
			}
		},
		"reload_start": {
			"animation_length": 0.5,
			"bones": {
				"gun_body": {
					"rotation": {
						"0.0": {
							"post": [0, 0, 0],
							"lerp_mode": "catmullrom"
						},
						"0.1667": {
							"post": [-3.03106, 1.67013, 3.23043],
							"lerp_mode": "catmullrom"
						},
						"0.3333": {
							"post": [-5.34367, 5.83154, 15.80774],
							"lerp_mode": "catmullrom"
						},
						"0.5": {
							"post": [-5.34935, 5.83071, 14.80718],
							"lerp_mode": "catmullrom"
						}
					},
					"position": {
						"0.0": [0, 0, 1],
						"0.1667": {
							"pre": [0.26, -0.88, -0.18],
							"post": [0.26, -0.88, -0.18],
							"lerp_mode": "catmullrom"
						},
						"0.3333": {
							"post": [0.72972, -0.32438, -0.10238],
							"lerp_mode": "catmullrom"
						},
						"0.5": {
							"post": [0.62972, -0.42438, -0.10238],
							"lerp_mode": "catmullrom"
						}
					}
				},
				"right_arm": {
					"rotation": {
						"0.0": [90, 0, -180],
						"0.125": [90, 0, -180],
						"0.5": [90, 0, -180]
					},
					"position": {
						"0.0": [5.65, -2.2, 6.5],
						"0.125": [5.65, -2.2, 6.5],
						"0.5": [5.65, -2.2, 6.5]
					}
				},
				"left_arm": {
					"rotation": {
						"0.0": [88.95054, -26.20116, -129.71317],
						"0.25": {
							"pre": [92.914, 33.73936, -126.90066],
							"post": [92.914, 33.73936, -126.90066],
							"lerp_mode": "catmullrom"
						},
						"0.5": {
							"post": [92.914, 33.73936, -126.90066],
							"lerp_mode": "catmullrom"
						}
					},
					"position": {
						"0.0": [-3.28, -6.69, -1.5],
						"0.25": {
							"pre": [5.18877, -6.72947, 1.94337],
							"post": [5.18877, -6.72947, 1.94337],
							"lerp_mode": "catmullrom"
						},
						"0.5": {
							"post": [5.18877, -6.72947, 1.94337],
							"lerp_mode": "catmullrom"
						}
					}
				},
				"shell": {
					"scale": {
						"0.0": {
							"post": [0, 0, 0],
							"lerp_mode": "catmullrom"
						},
						"0.125": {
							"post": [0, 0, 0],
							"lerp_mode": "catmullrom"
						},
						"0.5": {
							"post": [0, 0, 0],
							"lerp_mode": "catmullrom"
						}
					}
				}
			},
			"sound_effects": {
				"0.2917": {
					"effect": "rustle"
				}
			}
		},
		"reload_stop": {
			"animation_length": 0.9583,
			"bones": {
				"gun_body": {
					"rotation": {
						"0.0": {
							"post": [-5.34935, 5.83071, 14.80718],
							"lerp_mode": "catmullrom"
						},
						"0.1667": {
							"post": [-8.99239, 4.7741, 7.85751],
							"lerp_mode": "catmullrom"
						},
						"0.2917": {
							"post": [-14.52531, 3.35197, 0.48129],
							"lerp_mode": "catmullrom"
						},
						"0.4167": {
							"post": [-9.88615, 4.33812, 6.87912],
							"lerp_mode": "catmullrom"
						},
						"0.5833": {
							"post": [-2.63237, 2.3616, -2.41028],
							"lerp_mode": "catmullrom"
						},
						"0.75": {
							"post": [-0.13705, -0.00017, -1.48085],
							"lerp_mode": "catmullrom"
						},
						"0.875": {
							"post": [0.2055, -0.00549, 0.72127],
							"lerp_mode": "catmullrom"
						},
						"0.9583": {
							"post": [0, 0, 0],
							"lerp_mode": "catmullrom"
						}
					},
					"position": {
						"0.0": {
							"post": [0.62972, -0.42438, -0.10238],
							"lerp_mode": "catmullrom"
						},
						"0.1667": {
							"post": [0.63, -0.62, -0.3],
							"lerp_mode": "catmullrom"
						},
						"0.2917": {
							"post": [0.63, -0.82, -0.5],
							"lerp_mode": "catmullrom"
						},
						"0.4167": {
							"post": [0.63, -1.07, -0.25],
							"lerp_mode": "catmullrom"
						},
						"0.5": {
							"post": [0.63, -1.07, 0],
							"lerp_mode": "catmullrom"
						},
						"0.75": {
							"post": [0, -0.5, 1],
							"lerp_mode": "catmullrom"
						},
						"0.875": [0, 0, 1],
						"0.9583": [0, 0, 1]
					}
				},
				"right_arm": {
					"rotation": {
						"0.0": [90, 0, -180],
						"0.0833": [90, 8.5, -180],
						"0.125": [90, 8.5, -180],
						"0.2083": [84.36739, 9.3651, -176.72507],
						"0.2917": [79.5, 8.5, -180],
						"0.3333": [79.5, 8.5, -180],
						"0.4167": [84.36739, 9.3651, -176.72507],
						"0.4583": [90, 8.5, -180],
						"0.5": [90, 0, -180],
						"0.625": [90, 0, -180]
					},
					"position": {
						"0.0": [5.65, -2.2, 6.5],
						"0.0833": [4.76086, -2.2, 4.75824],
						"0.125": [4.76086, -2.2, 4.75824],
						"0.2917": [5.17413, -3.49197, 2.00102],
						"0.3333": [5.20633, -3.53556, 1.75689],
						"0.4583": [4.76086, -2.2, 4.75824],
						"0.5": [5.65, -2.2, 6.5],
						"0.625": [5.65, -2.2, 6.5]
					}
				},
				"left_arm": {
					"rotation": {
						"0.0": {
							"post": [92.914, 33.73936, -126.90066],
							"lerp_mode": "catmullrom"
						},
						"0.1667": [88.95054, -26.20116, -129.71317]
					},
					"position": {
						"0.0": {
							"post": [5.18877, -6.72947, 1.94337],
							"lerp_mode": "catmullrom"
						},
						"0.0833": [0.95, -6.71, -1.03],
						"0.1667": [-3.28, -6.69, -1.5]
					}
				},
				"shell": {
					"rotation": {
						"0.0": {
							"post": [-3.76, 13.22, -29.21],
							"lerp_mode": "catmullrom"
						},
						"0.9583": {
							"post": [0, 0, 0],
							"lerp_mode": "catmullrom"
						}
					},
					"position": {
						"0.0": {
							"post": [0.32, -2.23, 1.88],
							"lerp_mode": "catmullrom"
						},
						"0.9583": {
							"post": [12.92, -9.12, 2.46],
							"lerp_mode": "catmullrom"
						}
					},
					"scale": {
						"0.0": {
							"post": [0, 0, 0],
							"lerp_mode": "catmullrom"
						},
						"0.0833": {
							"post": [0, 0, 0],
							"lerp_mode": "catmullrom"
						},
						"0.1667": {
							"post": [0, 0, 0],
							"lerp_mode": "catmullrom"
						},
						"0.875": {
							"post": [0, 0, 0],
							"lerp_mode": "catmullrom"
						},
						"0.9583": {
							"post": [0, 0, 0],
							"lerp_mode": "catmullrom"
						}
					}
				},
				"lever": {
					"rotation": {
						"0.125": [0, 0, 0],
						"0.2917": [-47.5, 0, 0],
						"0.3333": [-47.5, 0, 0],
						"0.4583": [0, 0, 0],
						"0.625": [0, 0, 0]
					}
				}
			},
			"sound_effects": {
				"0.4583": {
					"effect": "lever"
				}
			},
			"particle_effects": {
				"0.0833": {
					"effect": "eject_casing"
				},
				"0.7917": {
					"effect": "end_reload"
				}
			}
		},
		"inspect": {
			"animation_length": 5.7083,
			"bones": {
				"bolt": {
					"position": {
						"0.0": {
							"post": [0, 0, 0],
							"lerp_mode": "catmullrom"
						}
					}
				},
				"gun_body": {
					"rotation": {
						"0.0": {
							"post": [0, 0, 0],
							"lerp_mode": "catmullrom"
						},
						"0.0833": {
							"post": [3.00183, -1.99726, 1.89529],
							"lerp_mode": "catmullrom"
						},
						"0.1667": {
							"post": [2.55122, -6.23706, 6.70495],
							"lerp_mode": "catmullrom"
						},
						"0.2917": {
							"post": [0.27073, -13.27068, -9.94541],
							"lerp_mode": "catmullrom"
						},
						"0.375": {
							"post": [-4.18707, -15.73941, -12.32629],
							"lerp_mode": "catmullrom"
						},
						"0.4583": {
							"post": [-8.8047, -17.55113, -17.30117],
							"lerp_mode": "catmullrom"
						},
						"0.5833": {
							"post": [-5.02462, -21.50286, -16.64362],
							"lerp_mode": "catmullrom"
						},
						"0.75": {
							"post": [-4.6463, -21.55744, -16.70991],
							"lerp_mode": "catmullrom"
						},
						"0.9167": {
							"post": [-4.63119, -21.58702, -17.71493],
							"lerp_mode": "catmullrom"
						},
						"1.0833": {
							"post": [-5.02462, -21.50286, -16.64362],
							"lerp_mode": "catmullrom"
						},
						"1.25": {
							"post": [1.40321, -22.01253, -33.87122],
							"lerp_mode": "catmullrom"
						},
						"1.375": {
							"post": [1.21018, -21.94946, -36.02695],
							"lerp_mode": "catmullrom"
						},
						"1.5": {
							"post": [0.48094, -21.95125, -33.13194],
							"lerp_mode": "catmullrom"
						},
						"1.625": {
							"post": [-0.21649, -21.70528, -31.24616],
							"lerp_mode": "catmullrom"
						},
						"1.75": {
							"post": [-0.23863, -21.67981, -30.23851],
							"lerp_mode": "catmullrom"
						},
						"2.125": {
							"post": [-0.4155, -21.70253, -30.70801],
							"lerp_mode": "catmullrom"
						},
						"2.375": {
							"post": [-2.42601, -21.82842, -25.31892],
							"lerp_mode": "catmullrom"
						},
						"2.5": {
							"post": [-2.68037, -16.70817, -15.89341],
							"lerp_mode": "catmullrom"
						},
						"2.6667": {
							"post": [-10.00044, -9.35134, -3.3075],
							"lerp_mode": "catmullrom"
						},
						"2.8333": {
							"post": [-14.88725, 18.41093, 8.37639],
							"lerp_mode": "catmullrom"
						},
						"3.0": {
							"post": [-7.34859, 26.7572, 42.40904],
							"lerp_mode": "catmullrom"
						},
						"3.1667": {
							"post": [-5.7878, 27.95393, 62.06671],
							"lerp_mode": "catmullrom"
						},
						"3.2917": {
							"post": [-6.65659, 28.28342, 66.58686],
							"lerp_mode": "catmullrom"
						},
						"3.4167": {
							"post": [-7.79217, 29.024, 64.18258],
							"lerp_mode": "catmullrom"
						},
						"3.5833": {
							"post": [-6.68546, 29.27605, 66.4544],
							"lerp_mode": "catmullrom"
						},
						"4.0833": {
							"post": [-6.10269, 29.39999, 68.35585],
							"lerp_mode": "catmullrom"
						},
						"4.2917": {
							"post": [-5.82218, 29.45193, 68.9268],
							"lerp_mode": "catmullrom"
						},
						"4.5": {
							"post": [8.70864, 26.34218, 53.65008],
							"lerp_mode": "catmullrom"
						},
						"4.625": {
							"post": [14.09586, 23.22629, 18.61251],
							"lerp_mode": "catmullrom"
						},
						"4.7917": {
							"post": [13.82793, 7.03246, 21.51596],
							"lerp_mode": "catmullrom"
						},
						"4.9583": {
							"post": [2.99954, 0.05233, -0.99863],
							"lerp_mode": "catmullrom"
						},
						"5.0833": {
							"post": [0.00608, -0.03218, -2.99947],
							"lerp_mode": "catmullrom"
						},
						"5.2083": {
							"post": [-0.00355, 0.0243, 0.2496],
							"lerp_mode": "catmullrom"
						},
						"5.3333": {
							"post": [0, 0, 0],
							"lerp_mode": "catmullrom"
						}
					},
					"position": {
						"0.0": [0, 0, 1],
						"0.0833": {
							"pre": [-0.3, -0.4, 0],
							"post": [-0.3, -0.4, 0],
							"lerp_mode": "catmullrom"
						},
						"0.1667": {
							"post": [-0.6, -0.8, 0.3],
							"lerp_mode": "catmullrom"
						},
						"0.2917": {
							"post": [-0.9, 0.5, 0.3],
							"lerp_mode": "catmullrom"
						},
						"0.375": {
							"post": [-0.6, 0.9, 0.3],
							"lerp_mode": "catmullrom"
						},
						"0.4583": {
							"post": [-0.1, 0.3, 0],
							"lerp_mode": "catmullrom"
						},
						"0.5833": {
							"post": [0.1, -0.15, 0],
							"lerp_mode": "catmullrom"
						},
						"0.75": {
							"post": [0.1, 0.2, 0],
							"lerp_mode": "catmullrom"
						},
						"0.9167": {
							"post": [0.2, 0.075, 0],
							"lerp_mode": "catmullrom"
						},
						"1.0833": {
							"post": [0.05, -0.07, 0],
							"lerp_mode": "catmullrom"
						},
						"1.25": {
							"post": [-0.15, 0.03, 0.1],
							"lerp_mode": "catmullrom"
						},
						"1.375": {
							"post": [-0.25, 0.03, 0.3],
							"lerp_mode": "catmullrom"
						},
						"1.5": {
							"post": [-0.15, -0.02, 0.3],
							"lerp_mode": "catmullrom"
						},
						"1.625": {
							"post": [-0.05, -0.07, 0.3],
							"lerp_mode": "catmullrom"
						},
						"1.75": {
							"post": [-0.1, -0.07, 0.35],
							"lerp_mode": "catmullrom"
						},
						"2.125": {
							"post": [-0.1, -0.07, 0.45],
							"lerp_mode": "catmullrom"
						},
						"2.375": {
							"post": [-0.175, -0.07, 0.325],
							"lerp_mode": "catmullrom"
						},
						"2.5": {
							"post": [0.22, -1.28, 0.72],
							"lerp_mode": "catmullrom"
						},
						"2.6667": {
							"post": [0.23, -3.57, 0.33],
							"lerp_mode": "catmullrom"
						},
						"2.8333": {
							"post": [1.23, -2.07, 0.33],
							"lerp_mode": "catmullrom"
						},
						"3.0": {
							"post": [1.63, -0.27, 0.33],
							"lerp_mode": "catmullrom"
						},
						"3.1667": {
							"post": [2.33, 0.23, -0.67],
							"lerp_mode": "catmullrom"
						},
						"3.2917": {
							"post": [2.63, -0.07, -0.87],
							"lerp_mode": "catmullrom"
						},
						"3.4167": {
							"post": [2.53, -0.17, -0.87],
							"lerp_mode": "catmullrom"
						},
						"3.5833": {
							"post": [2.43, -0.07, -0.87],
							"lerp_mode": "catmullrom"
						},
						"4.0833": {
							"post": [2.23, -0.27, -0.87],
							"lerp_mode": "catmullrom"
						},
						"4.2917": {
							"post": [2.405, -0.32, -0.87],
							"lerp_mode": "catmullrom"
						},
						"4.5": {
							"post": [2.67, -2.71, -1.73],
							"lerp_mode": "catmullrom"
						},
						"4.625": {
							"post": [1, -3.22, -2.47],
							"lerp_mode": "catmullrom"
						},
						"4.7917": {
							"post": [0.05, -2.64, -1.52],
							"lerp_mode": "catmullrom"
						},
						"4.9583": {
							"post": [-0.1, -1.4, 0.2],
							"lerp_mode": "catmullrom"
						},
						"5.0833": {
							"post": [-0.025, -0.575, 0.95],
							"lerp_mode": "catmullrom"
						},
						"5.2083": [0, 0, 1],
						"5.3333": [0, 0, 1]
					}
				},
				"right_arm": {
					"rotation": [90, 0, -180],
					"position": [5.65, -2.2, 6.5]
				},
				"left_arm": {
					"rotation": [88.95054, -26.20116, -129.71317],
					"position": [-3.28, -6.69, -1.5]
				}
			}
		},
		"reload_loop": {
			"loop": true,
			"animation_length": 1.0417,
			"bones": {
				"gun_body": {
					"rotation": {
						"0.0": {
							"post": [-5.34935, 5.83071, 14.80718],
							"lerp_mode": "catmullrom"
						},
						"0.2917": {
							"post": [-4.72455, 5.71921, 13.19621],
							"lerp_mode": "catmullrom"
						},
						"0.4583": {
							"post": [-5.98108, 5.82676, 14.50447],
							"lerp_mode": "catmullrom"
						},
						"0.5833": {
							"post": [-6.1299, 6.23183, 12.65394],
							"lerp_mode": "catmullrom"
						},
						"0.6667": {
							"post": [-7.23263, 6.22798, 8.97373],
							"lerp_mode": "catmullrom"
						},
						"0.7917": {
							"post": [-6.14235, 5.47814, 14.07404],
							"lerp_mode": "catmullrom"
						},
						"0.9167": [-5.66742, 6.35435, 13.85554],
						"1.0417": [-5.34935, 5.83071, 14.80718]
					},
					"position": {
						"0.0": {
							"post": [0.62972, -0.42438, -0.10238],
							"lerp_mode": "catmullrom"
						},
						"0.2917": {
							"post": [0.63, -0.64, 0.05],
							"lerp_mode": "catmullrom"
						},
						"0.4583": {
							"post": [0.63, -0.55, 0.07],
							"lerp_mode": "catmullrom"
						},
						"0.5833": {
							"post": [0.63, -0.52, -0.16],
							"lerp_mode": "catmullrom"
						},
						"0.6667": {
							"post": [0.63, -0.51, -0.42],
							"lerp_mode": "catmullrom"
						},
						"0.75": {
							"post": [0.63, -0.5, -0.1],
							"lerp_mode": "catmullrom"
						},
						"1.0417": [0.62972, -0.42438, -0.10238]
					}
				},
				"left_arm": {
					"rotation": {
						"0.0": {
							"post": [92.914, 33.73936, -126.90066],
							"lerp_mode": "catmullrom"
						},
						"0.5": {
							"post": [73.95054, -26.20116, -129.71317],
							"lerp_mode": "catmullrom"
						},
						"0.625": {
							"post": [73.95054, -26.20116, -129.71317],
							"lerp_mode": "catmullrom"
						},
						"0.75": {
							"post": [73.95054, -26.20116, -129.71317],
							"lerp_mode": "catmullrom"
						},
						"0.875": {
							"post": [70.51813, -18.87858, -127.80176],
							"lerp_mode": "catmullrom"
						},
						"1.0417": {
							"post": [92.914, 33.73936, -126.90066],
							"lerp_mode": "catmullrom"
						}
					},
					"position": {
						"0.0": {
							"post": [5.18877, -6.72947, 1.94337],
							"lerp_mode": "catmullrom"
						},
						"0.5": {
							"post": [-0.7443, -5.85551, 1.89709],
							"lerp_mode": "catmullrom"
						},
						"0.625": {
							"post": [-1.6619, -5.47313, 1.35392],
							"lerp_mode": "catmullrom"
						},
						"0.75": {
							"post": [-1.6619, -5.47313, 1.35392],
							"lerp_mode": "catmullrom"
						},
						"0.875": {
							"post": [0.3945, -8.6307, 2.05186],
							"lerp_mode": "catmullrom"
						},
						"1.0417": {
							"post": [5.18877, -6.72947, 1.94337],
							"lerp_mode": "catmullrom"
						}
					}
				},
				"right_arm": {
					"rotation": [90, 0, -180],
					"position": [5.65, -2.2, 6.5]
				},
				"shell": {
					"rotation": {
						"0.0": {
							"post": [3.35827, 28.69493, -6.3699],
							"lerp_mode": "catmullrom"
						},
						"0.1667": {
							"post": [-2.55379, 29.53754, -29.88359],
							"lerp_mode": "catmullrom"
						},
						"0.5": {
							"post": [-2.69113, 13.01715, -36.39443],
							"lerp_mode": "catmullrom"
						},
						"0.5833": {
							"post": [-3.75664, 13.22175, -29.21113],
							"lerp_mode": "catmullrom"
						},
						"1.0417": {
							"post": [-3.76, 13.22, -29.21],
							"lerp_mode": "catmullrom"
						}
					},
					"position": {
						"0.0": {
							"post": [10.5, -5.5, 4.25],
							"lerp_mode": "catmullrom"
						},
						"0.1667": {
							"post": [7.982, -5.29591, 4.09683],
							"lerp_mode": "catmullrom"
						},
						"0.5": {
							"post": [0.8048, -2.05041, 4.06955],
							"lerp_mode": "catmullrom"
						},
						"0.5833": {
							"post": [0.48655, -2.19356, 2.61016],
							"lerp_mode": "catmullrom"
						},
						"0.6667": {
							"post": [0.31662, -2.23065, 1.88145],
							"lerp_mode": "catmullrom"
						},
						"1.0417": {
							"post": [0.32, -2.23, 1.88],
							"lerp_mode": "catmullrom"
						}
					},
					"scale": {
						"0.0": [1, 1, 1],
						"0.6667": [1, 1, 1],
						"0.7083": [0.9, 0.9, 0.74],
						"0.7917": [0, 0, 0],
						"1.0417": {
							"pre": [0, 0, 0],
							"post": [0, 0, 0],
							"lerp_mode": "catmullrom"
						}
					}
				}
			},
			"sound_effects": {
				"0.5": {
					"effect": "reload_mag_in"
				}
			},
			"particle_effects": {
				"0.9167": {
					"effect": "loaded"
				}
			}
		},
		"idle": {
			"loop": true,
			"bones": {
				"gun_body": {
					"rotation": {
						"0.0": {
							"post": [0, 0, 0],
							"lerp_mode": "catmullrom"
						}
					},
					"position": [0, 0, 1]
				},
				"shell": {
					"scale": 0
				},
				"right_arm": {
					"rotation": [90, 0, -180],
					"position": [5.65, -2.2, 6.5]
				},
				"left_arm": {
					"rotation": [88.95054, -26.20116, -129.71317],
					"position": [-3.28, -6.69, -1.5]
				}
			}
		},
		"aim_shoot": {
			"loop": true,
			"animation_length": 0.8333,
			"bones": {
				"right_arm": {
					"rotation": {
						"0.0": [90, 0, -180],
						"0.2083": [90, 0, -180],
						"0.2917": [90, 8.5, -180],
						"0.3333": [90, 8.5, -180],
						"0.4167": [84.36739, 9.3651, -176.72507],
						"0.5": [79.5, 8.5, -180],
						"0.5417": [79.5, 8.5, -180],
						"0.625": [84.36739, 9.3651, -176.72507],
						"0.6667": [90, 8.5, -180],
						"0.7083": [90, 8.5, -180],
						"0.8333": [90, 0, -180]
					},
					"position": {
						"0.0": [5.65, -2.2, 6.5],
						"0.2083": [5.65, -2.2, 5.5],
						"0.2917": [4.76086, -2.2, 4.75824],
						"0.3333": [4.76086, -2.2, 4.75824],
						"0.5": [5.17413, -3.49197, 2.00102],
						"0.5417": [5.20633, -3.53556, 1.75689],
						"0.6667": [4.76086, -2.2, 4.75824],
						"0.7083": [4.76086, -2.2, 4.75824],
						"0.8333": [5.65, -2.2, 6.5]
					}
				},
				"left_arm": {
					"rotation": {
						"0.0": [88.95054, -26.20116, -129.71317],
						"0.8333": [88.95054, -26.20116, -129.71317]
					},
					"position": {
						"0.0": [-3.28, -6.69, -1.5],
						"0.8333": [-3.28, -6.69, -1.5]
					}
				},
				"gun_body": {
					"rotation": {
						"0.0": {
							"post": [-22.5, 0, 0],
							"lerp_mode": "catmullrom"
						},
						"0.125": {
							"post": [-13.74109, 0.76112, -1.62968],
							"lerp_mode": "catmullrom"
						},
						"0.25": {
							"post": [-14.87212, 0.36452, -0.21305],
							"lerp_mode": "catmullrom"
						},
						"0.375": {
							"post": [-14.70441, 2.28144, 7.04011],
							"lerp_mode": "catmullrom"
						},
						"0.5": {
							"post": [-13.45817, 3.54096, 11.88523],
							"lerp_mode": "catmullrom"
						},
						"0.7083": [0.6452, 0.07717, 0.82184],
						"0.8333": [0, 0, 0]
					},
					"position": {
						"0.0": {
							"post": [0, -0.5, 1],
							"lerp_mode": "catmullrom"
						},
						"0.125": {
							"post": [-0.02, -0.06, 2.17],
							"lerp_mode": "catmullrom"
						},
						"0.25": {
							"post": [-0.12, -0.06, 2.57],
							"lerp_mode": "catmullrom"
						},
						"0.375": {
							"post": [-0.12, -0.56, 2.07],
							"lerp_mode": "catmullrom"
						},
						"0.5": {
							"post": [-0.12, -0.31, 1.82],
							"lerp_mode": "catmullrom"
						},
						"0.625": {
							"post": [-0.12, -0.41, 2.02],
							"lerp_mode": "catmullrom"
						},
						"0.7083": [0, 0, 1],
						"0.8333": [0, 0, 1]
					}
				},
				"shell": {
					"scale": {
						"0.0": {
							"post": [0, 0, 0],
							"lerp_mode": "catmullrom"
						},
						"0.8333": [0, 0, 0]
					}
				},
				"lever": {
					"rotation": {
						"0.3333": [0, 0, 0],
						"0.5": [-47.5, 0, 0],
						"0.5417": [-47.5, 0, 0],
						"0.6667": [0, 0, 0],
						"0.8333": [0, 0, 0]
					}
				}
			},
			"sound_effects": {
				"0.375": {
					"effect": "lever"
				}
			},
			"particle_effects": {
				"0.0": {
					"effect": "eject_casing"
				}
			}
		}
	}
}