{
	"format_version": "1.8.0",
	"animations": {
		"shoot": {
			"loop": true,
			"animation_length": 0.7917,
			"bones": {
				"right_arm": {
					"rotation": {
						"0.0": [112.89204, 16.94531, -177.05528],
						"0.6667": [112.89204, 16.94531, -177.05528],
						"0.7917": [112.89204, 16.94531, -177.05528]
					},
					"position": {
						"0.0": [3.9, -6.2, 6.25],
						"0.6667": [3.9, -6.2, 6.25],
						"0.7917": [3.9, -6.2, 6.25]
					},
					"scale": [1, 1.3, 1]
				},
				"left_arm": {
					"rotation": {
						"0.0": [92.91802, -35.8154, -137.76872],
						"0.6667": [92.91802, -35.8154, -137.76872],
						"0.7917": [92.91802, -35.8154, -137.76872]
					},
					"position": {
						"0.0": [-3.7, -8, -4.85],
						"0.25": [-3.7, -8, -4.85],
						"0.2917": [-3.7, -8, -2.85],
						"0.4167": [-3.7, -8, -2.85],
						"0.5417": [-3.7, -8, -4.85],
						"0.6667": [-3.7, -8, -4.85],
						"0.7917": [-3.7, -8, -4.85]
					}
				},
				"gun_body": {
					"rotation": {
						"0.0": {
							"post": [-22.38733, -1.29876, -9.91615],
							"lerp_mode": "catmullrom"
						},
						"0.0833": {
							"post": [-25.87936, 2.18199, -5.35194],
							"lerp_mode": "catmullrom"
						},
						"0.1667": {
							"post": [-20.83751, 2.78813, -2.85767],
							"lerp_mode": "catmullrom"
						},
						"0.25": {
							"post": [-18.32156, 6.51787, 9.08755],
							"lerp_mode": "catmullrom"
						},
						"0.3333": {
							"post": [-16.97252, 9.55661, 18.7106],
							"lerp_mode": "catmullrom"
						},
						"0.4583": {
							"post": [-13.35893, 8.81865, 16.29093],
							"lerp_mode": "catmullrom"
						},
						"0.5417": {
							"post": [-6.32993, 4.91939, -0.37072],
							"lerp_mode": "catmullrom"
						},
						"0.6667": [0, 0, -1],
						"0.7917": {
							"pre": [0, 0, 0],
							"post": [0, 0, 0],
							"lerp_mode": "catmullrom"
						}
					},
					"position": {
						"0.0": {
							"post": [-0.25, -0.25, 2.75],
							"lerp_mode": "catmullrom"
						},
						"0.0833": {
							"post": [-0.35, -1.35, 3.25],
							"lerp_mode": "catmullrom"
						},
						"0.1667": {
							"post": [-0.35, -1.45, 1.7],
							"lerp_mode": "catmullrom"
						},
						"0.25": {
							"post": [-0.35, -1.7, 2.7],
							"lerp_mode": "catmullrom"
						},
						"0.3333": {
							"post": [-0.35, -2.08, 2.67],
							"lerp_mode": "catmullrom"
						},
						"0.4583": {
							"post": [-0.35, -1.2, 2.45],
							"lerp_mode": "catmullrom"
						},
						"0.5417": {
							"post": [-0.35, -0.45, 1.45],
							"lerp_mode": "catmullrom"
						},
						"0.6667": [0, 0, 0.75],
						"0.7917": [0, 0, 0.75]
					}
				},
				"bolt": {
					"position": {
						"0.25": [0, 0, 0],
						"0.2917": [0, 0, 2],
						"0.4167": [0, 0, 2],
						"0.5833": [0, 0, 0]
					}
				},
				"magazine": {
					"rotation": {
						"0.0": [0, 0, 0],
						"0.25": [0, 0, 0]
					},
					"position": {
						"0.0": [0, 0, 0],
						"0.25": [0, 0, 0]
					},
					"scale": {
						"0.0": [1, 1, 1],
						"0.25": [1, 1, 1]
					}
				},
				"magazine_2": {
					"rotation": {
						"0.0": [0, 0, 0],
						"0.25": [0, 0, 0]
					},
					"position": {
						"0.0": [0, 0, 0],
						"0.25": [0, 0, 0]
					},
					"scale": {
						"0.0": [0, 0, 0],
						"0.25": [0, 0, 0]
					}
				}
			},
			"sound_effects": {
				"0.2917": {
					"effect": "bolt"
				}
			},
			"particle_effects": {
				"0.3333": {
					"effect": "eject_casing"
				}
			}
		},
		"aim_shoot": {
			"loop": true,
			"animation_length": 0.7917,
			"bones": {
				"right_arm": {
					"rotation": {
						"0.0": [112.89204, 16.94531, -177.05528],
						"0.6667": [112.89204, 16.94531, -177.05528],
						"0.7917": [112.89204, 16.94531, -177.05528]
					},
					"position": {
						"0.0": [3.9, -6.2, 6.25],
						"0.6667": [3.9, -6.2, 6.25],
						"0.7917": [3.9, -6.2, 6.25]
					},
					"scale": [1, 1.3, 1]
				},
				"left_arm": {
					"rotation": {
						"0.0": [92.91802, -35.8154, -137.76872],
						"0.6667": [92.91802, -35.8154, -137.76872],
						"0.7917": [92.91802, -35.8154, -137.76872]
					},
					"position": {
						"0.0": [-3.7, -8, -4.85],
						"0.25": [-3.7, -8, -4.85],
						"0.2917": [-3.7, -8, -2.85],
						"0.4167": [-3.7, -8, -2.85],
						"0.5417": [-3.7, -8, -4.85],
						"0.6667": [-3.7, -8, -4.85],
						"0.7917": [-3.7, -8, -4.85]
					}
				},
				"gun_body": {
					"rotation": {
						"0.0": {
							"post": [-22.38733, -1.29876, -9.91615],
							"lerp_mode": "catmullrom"
						},
						"0.0833": {
							"post": [-25.87936, 2.18199, -5.35194],
							"lerp_mode": "catmullrom"
						},
						"0.1667": {
							"post": [-20.83751, 2.78813, -2.85767],
							"lerp_mode": "catmullrom"
						},
						"0.25": {
							"post": [-18.32156, 6.51787, 9.08755],
							"lerp_mode": "catmullrom"
						},
						"0.3333": {
							"post": [-16.97252, 9.55661, 18.7106],
							"lerp_mode": "catmullrom"
						},
						"0.4583": {
							"post": [-13.35893, 8.81865, 16.29093],
							"lerp_mode": "catmullrom"
						},
						"0.5417": {
							"post": [-6.32993, 4.91939, -0.37072],
							"lerp_mode": "catmullrom"
						},
						"0.6667": [0, 0, -1],
						"0.7917": {
							"pre": [0, 0, 0],
							"post": [0, 0, 0],
							"lerp_mode": "catmullrom"
						}
					},
					"position": {
						"0.0": {
							"post": [-0.25, -0.25, 2.75],
							"lerp_mode": "catmullrom"
						},
						"0.0833": {
							"post": [-0.35, -1.35, 3.25],
							"lerp_mode": "catmullrom"
						},
						"0.1667": {
							"post": [-0.35, -1.45, 1.7],
							"lerp_mode": "catmullrom"
						},
						"0.25": {
							"post": [-0.35, -1.7, 2.7],
							"lerp_mode": "catmullrom"
						},
						"0.3333": {
							"post": [-0.35, -2.08, 2.67],
							"lerp_mode": "catmullrom"
						},
						"0.4583": {
							"post": [-0.35, -1.2, 2.45],
							"lerp_mode": "catmullrom"
						},
						"0.5417": {
							"post": [-0.35, -0.45, 1.45],
							"lerp_mode": "catmullrom"
						},
						"0.6667": [0, 0, 0.75],
						"0.7917": [0, 0, 0.75]
					}
				},
				"bolt": {
					"position": {
						"0.25": [0, 0, 0],
						"0.2917": [0, 0, 2],
						"0.4167": [0, 0, 2],
						"0.5833": [0, 0, 0]
					}
				},
				"magazine": {
					"rotation": {
						"0.0": [0, 0, 0],
						"0.25": [0, 0, 0]
					},
					"position": {
						"0.0": [0, 0, 0],
						"0.25": [0, 0, 0]
					},
					"scale": {
						"0.0": [1, 1, 1],
						"0.25": [1, 1, 1]
					}
				}
			},
			"sound_effects": {
				"0.2917": {
					"effect": "bolt"
				}
			},
			"particle_effects": {
				"0.3333": {
					"effect": "eject_casing"
				}
			}
		},
		"reload": {
			"animation_length": 2.375,
			"bones": {
				"right_arm": {
					"rotation": {
						"0.0": [112.89204, 16.94531, -177.05528],
						"2.25": [112.89204, 16.94531, -177.05528]
					},
					"position": {
						"0.0": [3.9, -6.2, 6.25],
						"2.25": [3.9, -6.2, 6.25]
					},
					"scale": [1, 1.3, 1]
				},
				"left_arm": {
					"rotation": {
						"0.0": [92.91802, -35.8154, -137.76872],
						"0.25": [87.91802, -35.8154, -137.76872],
						"0.375": [100.34107, -34.53786, -159.16419],
						"0.5417": [100.34107, -34.53786, -159.16419],
						"0.875": [103.64477, -33.49784, -165.06562],
						"0.9583": [104.38401, -33.32931, -169.96479],
						"1.5417": [104.38401, -33.32931, -169.96479],
						"1.625": [99.40573, -34.87876, -161.09903],
						"1.6667": [86.88154, -35.85176, -139.62934],
						"1.75": [85.08493, -35.67659, -136.5558],
						"1.875": [85.08493, -35.67659, -136.5558],
						"2.0": [87.91802, -35.8154, -137.76872],
						"2.0833": [87.91802, -35.8154, -137.76872],
						"2.1667": [92.91802, -35.8154, -137.76872]
					},
					"position": {
						"0.0": [-3.7, -8, -4.85],
						"0.0833": [-3.7, -8, -2.85],
						"0.25": [-3.2, -8, -2.85],
						"0.375": [-2.2, -9, -2.85],
						"0.5417": [-2.95, -8, -0.85],
						"0.875": [-2.95, -8, -0.85],
						"0.9583": [-2.95, -12, -0.85],
						"1.2917": [-0.95, -17, 5.15],
						"1.5417": [-2.2, -8, -0.85],
						"1.625": [-2.2, -8.3, -0.85],
						"1.6667": [-2.7, -7.75, -0.85],
						"1.75": [-2.7, -8, -0.85],
						"1.875": [-2.7, -8, -0.85],
						"2.0": [-3.7, -8, -2.85],
						"2.0833": [-3.7, -8, -2.85],
						"2.1667": [-3.7, -8, -4.85]
					}
				},
				"gun_body": {
					"rotation": {
						"0.0": {
							"post": [0, 0, 0],
							"lerp_mode": "catmullrom"
						},
						"0.0833": {
							"post": [2, 0, -10],
							"lerp_mode": "catmullrom"
						},
						"0.1667": {
							"post": [2.35121, 0.22284, -16.82887],
							"lerp_mode": "catmullrom"
						},
						"0.2917": {
							"post": [1.83874, -0.0434, -12.94815],
							"lerp_mode": "catmullrom"
						},
						"0.4583": {
							"post": [-3.95948, -0.7402, -12.85262],
							"lerp_mode": "catmullrom"
						},
						"0.5833": {
							"post": [-6.38009, -1.08222, -17.84155],
							"lerp_mode": "catmullrom"
						},
						"0.75": {
							"post": [-6.34987, -1.41501, -22.32529],
							"lerp_mode": "catmullrom"
						},
						"0.875": {
							"post": [-6.36185, -1.27625, -20.33188],
							"lerp_mode": "catmullrom"
						},
						"0.9583": {
							"post": [-7.14219, -2.09417, -27.79045],
							"lerp_mode": "catmullrom"
						},
						"1.0417": {
							"post": [-8.0226, -2.51606, -30.76304],
							"lerp_mode": "catmullrom"
						},
						"1.25": {
							"post": [-8.393, -2.27293, -29.46126],
							"lerp_mode": "catmullrom"
						},
						"1.4167": {
							"post": [-8.431, -2.12663, -28.47129],
							"lerp_mode": "catmullrom"
						},
						"1.5417": {
							"post": [-8.51488, -1.75822, -25.99716],
							"lerp_mode": "catmullrom"
						},
						"1.625": {
							"post": [-8.45219, -2.10876, -29.08244],
							"lerp_mode": "catmullrom"
						},
						"1.7083": {
							"post": [-8.35322, -2.47414, -31.55758],
							"lerp_mode": "catmullrom"
						},
						"1.8333": {
							"post": [-8.43367, -2.18217, -29.57737],
							"lerp_mode": "catmullrom"
						},
						"1.9167": {
							"post": [-8.53527, -1.73945, -26.60847],
							"lerp_mode": "catmullrom"
						},
						"2.0": {
							"post": [-8.65321, -0.99181, -21.66324],
							"lerp_mode": "catmullrom"
						},
						"2.0833": {
							"post": [-5, 0, -10],
							"lerp_mode": "catmullrom"
						},
						"2.1667": {
							"post": [-4.81881, 0.05869, -5.60801],
							"lerp_mode": "catmullrom"
						},
						"2.2917": [0.00381, 0.01521, 1.00685],
						"2.375": {
							"pre": [0, 0, 0],
							"post": [0, 0, 0],
							"lerp_mode": "catmullrom"
						}
					},
					"position": {
						"0.0": [0, 0, 0.75],
						"0.0833": {
							"pre": [0, -0.75, 1.25],
							"post": [0, -0.75, 1.25],
							"lerp_mode": "catmullrom"
						},
						"0.1667": {
							"post": [0.04, -1.15, 1.55],
							"lerp_mode": "catmullrom"
						},
						"0.2917": {
							"post": [0.1, -1.05, 1.25],
							"lerp_mode": "catmullrom"
						},
						"0.4583": {
							"post": [0.1, -0.55, 1],
							"lerp_mode": "catmullrom"
						},
						"0.5833": {
							"post": [0.1, -0.3, 0.75],
							"lerp_mode": "catmullrom"
						},
						"0.75": {
							"post": [0.1, -0.55, 1.1],
							"lerp_mode": "catmullrom"
						},
						"0.875": {
							"post": [0.1, -0.67, 1.22],
							"lerp_mode": "catmullrom"
						},
						"0.9583": {
							"post": [0.6, -1.17, 0.97],
							"lerp_mode": "catmullrom"
						},
						"1.25": {
							"post": [0.35, -0.87, 1.17],
							"lerp_mode": "catmullrom"
						},
						"1.4167": {
							"post": [0.15, -0.97, 1.17],
							"lerp_mode": "catmullrom"
						},
						"1.5417": {
							"post": [0.05, -0.97, 1.17],
							"lerp_mode": "catmullrom"
						},
						"1.625": {
							"post": [-0.2, -0.72, 1.17],
							"lerp_mode": "catmullrom"
						},
						"1.7083": {
							"post": [-0.45, -0.62, 1.07],
							"lerp_mode": "catmullrom"
						},
						"1.8333": {
							"post": [-0.35, -0.82, 1.07],
							"lerp_mode": "catmullrom"
						},
						"1.9167": {
							"post": [-0.05, -0.62, 1.07],
							"lerp_mode": "catmullrom"
						},
						"2.0": {
							"post": [0.2, -0.37, 1.07],
							"lerp_mode": "catmullrom"
						},
						"2.0833": {
							"post": [0, -0.75, 0.5],
							"lerp_mode": "catmullrom"
						},
						"2.1667": {
							"post": [-0.01, -0.68, 0.05],
							"lerp_mode": "catmullrom"
						},
						"2.2917": [0, -0.5, 0.75],
						"2.375": [0, 0, 0.75]
					}
				},
				"bolt": {
					"position": {
						"0.0": [0, 0, 0],
						"0.0833": [0, 0, 2],
						"2.0": [0, 0, 2],
						"2.0833": [0, 0, 2],
						"2.1667": [0, 0, 0],
						"2.25": [0, 0, 0]
					}
				},
				"magazine": {
					"rotation": {
						"0.0": {
							"post": [0, 0, 0],
							"lerp_mode": "catmullrom"
						},
						"1.5417": [0, 0, -5],
						"1.625": [0, 0, -5],
						"1.6667": [0, 0, 0]
					},
					"position": {
						"0.0": {
							"post": [0, 0, 0],
							"lerp_mode": "catmullrom"
						},
						"0.875": [0, 0, 0],
						"0.9583": [0, -4, 0],
						"1.2917": [2, -9, 6],
						"1.5417": [0.5, -0.75, 0],
						"1.625": [0.5, -0.75, 0],
						"1.6667": [0, 0, 0]
					},
					"scale": {
						"0.0": {
							"post": [1, 1, 1],
							"lerp_mode": "catmullrom"
						}
					}
				},
				"magazine_2": {
					"rotation": {
						"0.0": {
							"post": [0, 0, 0],
							"lerp_mode": "catmullrom"
						},
						"0.125": {
							"post": [0, 0, 0],
							"lerp_mode": "catmullrom"
						},
						"2.0417": {
							"post": [0, 0, 0],
							"lerp_mode": "catmullrom"
						},
						"2.25": {
							"post": [0, 0, 0],
							"lerp_mode": "catmullrom"
						}
					},
					"position": {
						"0.0": {
							"post": [0, 0, 0],
							"lerp_mode": "catmullrom"
						},
						"0.125": {
							"post": [0, 0, 0],
							"lerp_mode": "catmullrom"
						},
						"2.0417": {
							"post": [0, 0, 0],
							"lerp_mode": "catmullrom"
						},
						"2.25": {
							"post": [0, 0, 0],
							"lerp_mode": "catmullrom"
						}
					},
					"scale": {
						"0.0": {
							"post": [0, 0, 0],
							"lerp_mode": "catmullrom"
						},
						"2.0417": {
							"post": [0, 0, 0],
							"lerp_mode": "catmullrom"
						},
						"2.25": {
							"post": [0, 0, 0],
							"lerp_mode": "catmullrom"
						}
					}
				},
				"default_mag": {
					"rotation": [0, 0, 0],
					"position": [0, 0, 0]
				}
			},
			"sound_effects": {
				"0.875": {
					"effect": "reload_mag_out"
				},
				"1.1667": {
					"effect": "slap"
				},
				"1.625": {
					"effect": "reload_mag_in"
				}
			},
			"particle_effects": {
				"2.1667": {
					"effect": "loaded"
				}
			}
		},
		"draw": {
			"animation_length": 0.625,
			"bones": {
				"right_arm": {
					"rotation": [112.89204, 16.94531, -177.05528],
					"position": [3.9, -6.2, 6.25]
				},
				"left_arm": {
					"rotation": [92.91802, -35.8154, -137.76872],
					"position": [-3.7, -8, -4.85]
				},
				"gun_body": {
					"rotation": {
						"0.0": {
							"post": [0, -5, 10],
							"lerp_mode": "catmullrom"
						},
						"0.2083": {
							"post": [-0.21849, -4.49047, 10.01237],
							"lerp_mode": "catmullrom"
						},
						"0.375": {
							"post": [0, -1, 2.5],
							"lerp_mode": "catmullrom"
						},
						"0.5": {
							"post": [-0.04127, 0.02307, -0.99889],
							"lerp_mode": "catmullrom"
						},
						"0.625": {
							"post": [0, 0, 0],
							"lerp_mode": "catmullrom"
						}
					},
					"position": {
						"0.0": {
							"post": [0, -4.25, -0.25],
							"lerp_mode": "catmullrom"
						},
						"0.2083": {
							"post": [0.25, -1, 0.25],
							"lerp_mode": "catmullrom"
						},
						"0.375": {
							"post": [0, -0.5, 0.95],
							"lerp_mode": "catmullrom"
						},
						"0.5": {
							"post": [0, -0.1, 0.75],
							"lerp_mode": "catmullrom"
						},
						"0.625": [0, 0, 0.75]
					}
				},
				"bolt": {
					"position": [0, 0, 0]
				}
			}
		},
		"idle": {
			"loop": true,
			"bones": {
				"shell": {
					"scale": 0
				},
				"gun_body": {
					"rotation": {
						"0.0": {
							"post": [0, 0, 0],
							"lerp_mode": "catmullrom"
						}
					},
					"position": [0, 0, 0.75]
				},
				"left_arm": {
					"rotation": [92.91802, -35.8154, -137.76872],
					"position": [-3.7, -8, -4.85]
				},
				"right_arm": {
					"rotation": [112.89204, 16.94531, -177.05528],
					"position": [3.9, -6.2, 6.25]
				}
			}
		},
		"inspect": {
			"animation_length": 3.625,
			"bones": {
				"main": {
					"rotation": [0, 0, 0]
				},
				"gun_body": {
					"rotation": {
						"0.0": {
							"post": [0, 0, 0],
							"lerp_mode": "catmullrom"
						},
						"0.125": {
							"post": [0, -2.5, -5],
							"lerp_mode": "catmullrom"
						},
						"0.2083": {
							"post": [-4.57853, -4.95404, -14.80965],
							"lerp_mode": "catmullrom"
						},
						"0.2917": {
							"post": [-4.508, -7.02695, -15.65254],
							"lerp_mode": "catmullrom"
						},
						"0.375": {
							"post": [-4.62773, -7.0966, -14.70862],
							"lerp_mode": "catmullrom"
						},
						"0.5": {
							"post": [-4.508, -7.02695, -15.65254],
							"lerp_mode": "catmullrom"
						},
						"0.7917": {
							"post": [-4.52, -7.02, -16.21],
							"lerp_mode": "catmullrom"
						},
						"1.0417": {
							"post": [-4.64204, -6.94013, -15.20575],
							"lerp_mode": "catmullrom"
						},
						"1.25": {
							"post": [-6.51282, -5.22584, 2.31015],
							"lerp_mode": "catmullrom"
						},
						"1.375": {
							"post": [-8.3243, -0.56277, 37.05356],
							"lerp_mode": "catmullrom"
						},
						"1.4583": {
							"post": [-8.53622, 3.77089, 65.74516],
							"lerp_mode": "catmullrom"
						},
						"1.5417": {
							"post": [-7.54113, 3.72387, 66.74372],
							"lerp_mode": "catmullrom"
						},
						"1.6667": {
							"post": [-7.47547, 3.85454, 67.73732],
							"lerp_mode": "catmullrom"
						},
						"1.75": {
							"post": [-7.46974, 3.90147, 66.73882],
							"lerp_mode": "catmullrom"
						},
						"1.8333": {
							"post": [-7.45276, 3.93394, 66.98729],
							"lerp_mode": "catmullrom"
						},
						"2.0417": {
							"post": [-7.48657, 3.86894, 66.49038],
							"lerp_mode": "catmullrom"
						},
						"2.2083": {
							"post": [-7.48297, 3.90421, 65.74146],
							"lerp_mode": "catmullrom"
						},
						"2.375": {
							"post": [-7.11661, 4.53992, 70.71442],
							"lerp_mode": "catmullrom"
						},
						"2.5": {
							"post": [-7.1256, 4.49349, 71.71259],
							"lerp_mode": "catmullrom"
						},
						"2.625": {
							"post": [-6.93347, 4.40008, 70.96618],
							"lerp_mode": "catmullrom"
						},
						"2.8333": {
							"post": [-6.6813, 4.4117, 70.71663],
							"lerp_mode": "catmullrom"
						},
						"3.0": {
							"post": [-6.63882, 4.78727, 62.72895],
							"lerp_mode": "catmullrom"
						},
						"3.2083": {
							"post": [0.52466, 0.68222, 7.99329],
							"lerp_mode": "catmullrom"
						},
						"3.3333": {
							"post": [-0.08213, 0.04686, -0.9978],
							"lerp_mode": "catmullrom"
						},
						"3.4583": {
							"post": [0.04086, -0.02379, 0.99887],
							"lerp_mode": "catmullrom"
						},
						"3.5833": {
							"post": [0, 0, 0],
							"lerp_mode": "catmullrom"
						}
					},
					"position": {
						"0.0": [0, 0, 0.75],
						"0.125": {
							"pre": [-0.25, -0.25, 0.75],
							"post": [-0.25, -0.25, 0.75],
							"lerp_mode": "catmullrom"
						},
						"0.2083": {
							"post": [-0.55, -0.25, 0.75],
							"lerp_mode": "catmullrom"
						},
						"0.2917": {
							"post": [-0.65, -0.45, 0.75],
							"lerp_mode": "catmullrom"
						},
						"0.5": {
							"post": [-0.55, -0.35, 0.75],
							"lerp_mode": "catmullrom"
						},
						"0.7917": {
							"post": [-0.49, -0.39, 0.75],
							"lerp_mode": "catmullrom"
						},
						"1.0417": {
							"post": [-0.49, -0.49, 0.75],
							"lerp_mode": "catmullrom"
						},
						"1.25": {
							"post": [-0.09, -0.79, 0.75],
							"lerp_mode": "catmullrom"
						},
						"1.375": {
							"post": [1.11, -0.79, 0.75],
							"lerp_mode": "catmullrom"
						},
						"1.4583": {
							"post": [1.51, -0.14, 0.75],
							"lerp_mode": "catmullrom"
						},
						"1.5417": {
							"post": [1.71, -0.04, 0.75],
							"lerp_mode": "catmullrom"
						},
						"1.6667": {
							"post": [1.61, -0.14, 0.75],
							"lerp_mode": "catmullrom"
						},
						"1.8333": {
							"post": [1.575, -0.16, 0.75],
							"lerp_mode": "catmullrom"
						},
						"2.375": {
							"post": [1.71, -0.16, 0.75],
							"lerp_mode": "catmullrom"
						},
						"2.5": {
							"post": [1.735, -0.135, 0.75],
							"lerp_mode": "catmullrom"
						},
						"2.8333": {
							"post": [1.565, -0.205, 0.75],
							"lerp_mode": "catmullrom"
						},
						"3.0": {
							"post": [1.27, -0.4, 0.75],
							"lerp_mode": "catmullrom"
						},
						"3.0833": {
							"post": [0.57, -1.35, 0.75],
							"lerp_mode": "catmullrom"
						},
						"3.2083": {
							"post": [-0.03, -0.9, 0.75],
							"lerp_mode": "catmullrom"
						},
						"3.3333": {
							"post": [-0.05, -0.5, 0.55],
							"lerp_mode": "catmullrom"
						},
						"3.4583": {
							"post": [0, 0, 0.75],
							"lerp_mode": "catmullrom"
						},
						"3.5833": [0, 0, 0.75]
					}
				},
				"left_arm": {
					"rotation": [92.91802, -35.8154, -137.76872],
					"position": [-3.7, -8, -4.85]
				},
				"right_arm": {
					"rotation": [112.89204, 16.94531, -177.05528],
					"position": [3.9, -6.2, 6.25]
				}
			}
		}
	}
}