{
	"format_version": "1.8.0",
	"animations": {
		"inspect": {
			"animation_length": 3.625,
			"bones": {
				"main": {
					"rotation": [0, 0, 0]
				},
				"lever": {
					"rotation": [0, 0, 0],
					"position": [0, 0, 0]
				},
				"gun_body": {
					"rotation": {
						"0.0": {
							"post": [0, 0, 0],
							"lerp_mode": "catmullrom"
						},
						"0.125": {
							"post": [0, -2.5, -5],
							"lerp_mode": "catmullrom"
						},
						"0.2083": {
							"post": [-4.57853, -4.95404, -14.80965],
							"lerp_mode": "catmullrom"
						},
						"0.2917": {
							"post": [-4.508, -7.02695, -15.65254],
							"lerp_mode": "catmullrom"
						},
						"0.375": {
							"post": [-4.62773, -7.0966, -14.70862],
							"lerp_mode": "catmullrom"
						},
						"0.5": {
							"post": [-4.508, -7.02695, -15.65254],
							"lerp_mode": "catmullrom"
						},
						"0.7917": {
							"post": [-4.52, -7.02, -16.21],
							"lerp_mode": "catmullrom"
						},
						"1.0417": {
							"post": [-4.64204, -6.94013, -15.20575],
							"lerp_mode": "catmullrom"
						},
						"1.25": {
							"post": [-6.51282, -5.22584, 2.31015],
							"lerp_mode": "catmullrom"
						},
						"1.375": {
							"post": [-8.3243, -0.56277, 37.05356],
							"lerp_mode": "catmullrom"
						},
						"1.4583": {
							"post": [-8.53622, 3.77089, 65.74516],
							"lerp_mode": "catmullrom"
						},
						"1.5417": {
							"post": [-7.54113, 3.72387, 66.74372],
							"lerp_mode": "catmullrom"
						},
						"1.6667": {
							"post": [-7.47547, 3.85454, 67.73732],
							"lerp_mode": "catmullrom"
						},
						"1.75": {
							"post": [-7.46974, 3.90147, 66.73882],
							"lerp_mode": "catmullrom"
						},
						"1.8333": {
							"post": [-7.45276, 3.93394, 66.98729],
							"lerp_mode": "catmullrom"
						},
						"2.0417": {
							"post": [-7.48657, 3.86894, 66.49038],
							"lerp_mode": "catmullrom"
						},
						"2.2083": {
							"post": [-7.48297, 3.90421, 65.74146],
							"lerp_mode": "catmullrom"
						},
						"2.375": {
							"post": [-7.11661, 4.53992, 70.71442],
							"lerp_mode": "catmullrom"
						},
						"2.5": {
							"post": [-7.1256, 4.49349, 71.71259],
							"lerp_mode": "catmullrom"
						},
						"2.625": {
							"post": [-6.93347, 4.40008, 70.96618],
							"lerp_mode": "catmullrom"
						},
						"2.8333": {
							"post": [-6.6813, 4.4117, 70.71663],
							"lerp_mode": "catmullrom"
						},
						"3.0": {
							"post": [-6.63882, 4.78727, 62.72895],
							"lerp_mode": "catmullrom"
						},
						"3.2083": {
							"post": [0.52466, 0.68222, 7.99329],
							"lerp_mode": "catmullrom"
						},
						"3.3333": {
							"post": [-0.08213, 0.04686, -0.9978],
							"lerp_mode": "catmullrom"
						},
						"3.4583": {
							"post": [0.04086, -0.02379, 0.99887],
							"lerp_mode": "catmullrom"
						},
						"3.5833": {
							"post": [0, 0, 0],
							"lerp_mode": "catmullrom"
						}
					},
					"position": {
						"0.0": {
							"post": [0, 0, 0.75],
							"lerp_mode": "catmullrom"
						},
						"0.125": {
							"post": [-0.25, -0.25, 0.75],
							"lerp_mode": "catmullrom"
						},
						"0.2083": {
							"post": [-0.55, -0.25, 0.75],
							"lerp_mode": "catmullrom"
						},
						"0.2917": {
							"post": [-0.65, -0.45, 0.75],
							"lerp_mode": "catmullrom"
						},
						"0.5": {
							"post": [-0.55, -0.35, 0.75],
							"lerp_mode": "catmullrom"
						},
						"0.7917": {
							"post": [-0.49, -0.39, 0.75],
							"lerp_mode": "catmullrom"
						},
						"1.0417": {
							"post": [-0.49, -0.49, 0.75],
							"lerp_mode": "catmullrom"
						},
						"1.25": {
							"post": [-0.09, -0.79, 0.75],
							"lerp_mode": "catmullrom"
						},
						"1.375": {
							"post": [1.11, -0.79, 0.75],
							"lerp_mode": "catmullrom"
						},
						"1.4583": {
							"post": [1.51, -0.14, 0.75],
							"lerp_mode": "catmullrom"
						},
						"1.5417": {
							"post": [1.71, -0.04, 0.75],
							"lerp_mode": "catmullrom"
						},
						"1.6667": {
							"post": [1.61, -0.14, 0.75],
							"lerp_mode": "catmullrom"
						},
						"1.8333": {
							"post": [1.575, -0.16, 0.75],
							"lerp_mode": "catmullrom"
						},
						"2.375": {
							"post": [1.71, -0.16, 0.75],
							"lerp_mode": "catmullrom"
						},
						"2.5": {
							"post": [1.735, -0.135, 0.75],
							"lerp_mode": "catmullrom"
						},
						"2.8333": {
							"post": [1.565, -0.205, 0.75],
							"lerp_mode": "catmullrom"
						},
						"3.0": {
							"post": [1.27, -0.4, 0.75],
							"lerp_mode": "catmullrom"
						},
						"3.0833": {
							"post": [0.57, -1.35, 0.75],
							"lerp_mode": "catmullrom"
						},
						"3.2083": {
							"post": [-0.03, -0.9, 0.75],
							"lerp_mode": "catmullrom"
						},
						"3.3333": {
							"post": [-0.05, 0, 0.55],
							"lerp_mode": "catmullrom"
						},
						"3.4583": {
							"post": [0, 0, 0.75],
							"lerp_mode": "catmullrom"
						},
						"3.5833": {
							"post": [0, 0, 0.75],
							"lerp_mode": "catmullrom"
						}
					}
				},
				"left_arm": {
					"rotation": {
						"0.0": {
							"post": [92.91802, -35.8154, -137.76872],
							"lerp_mode": "catmullrom"
						}
					},
					"position": {
						"0.0": {
							"post": [-2.7, -7, -4.6],
							"lerp_mode": "catmullrom"
						}
					}
				},
				"right_arm": {
					"rotation": {
						"0.0": {
							"post": [112.89204, 16.94531, -177.05528],
							"lerp_mode": "catmullrom"
						}
					},
					"position": {
						"0.0": {
							"post": [3.9, -6.2, 7.25],
							"lerp_mode": "catmullrom"
						}
					}
				}
			}
		},
		"reload_start": {
			"loop": "hold_on_last_frame",
			"animation_length": 0.625,
			"bones": {
				"gun_body": {
					"rotation": {
						"0.0": {
							"post": [0, 0, 0],
							"lerp_mode": "catmullrom"
						},
						"0.125": {
							"post": [-0.82915, -1.00687, -0.54268],
							"lerp_mode": "catmullrom"
						},
						"0.4167": {
							"post": [-3.31145, 0.23353, 3.28666],
							"lerp_mode": "catmullrom"
						},
						"0.5417": {
							"post": [-3.28827, -0.14595, 5.56229],
							"lerp_mode": "catmullrom"
						},
						"0.625": {
							"post": [-3.29861, -0.1393, 5.81201],
							"lerp_mode": "catmullrom"
						}
					},
					"position": {
						"0.0": {
							"post": [0, 0, 0.75],
							"lerp_mode": "catmullrom"
						},
						"0.125": {
							"post": [-0.1, -0.42, 0.65],
							"lerp_mode": "catmullrom"
						},
						"0.2083": {
							"post": [-0.05, -0.38, 0.57],
							"lerp_mode": "catmullrom"
						},
						"0.2917": {
							"post": [0, -0.55, 0.5],
							"lerp_mode": "catmullrom"
						},
						"0.4167": {
							"post": [-0.05, -0.475, 0.5],
							"lerp_mode": "catmullrom"
						},
						"0.5417": {
							"post": [-0.1, -0.475, 0.5],
							"lerp_mode": "catmullrom"
						},
						"0.625": {
							"post": [-0.1, -0.475, 0.5],
							"lerp_mode": "catmullrom"
						}
					}
				},
				"left_arm": {
					"rotation": {
						"0.0": {
							"post": [92.91802, -35.8154, -137.76872],
							"lerp_mode": "catmullrom"
						},
						"0.25": {
							"post": [92.92, -35.82, -137.77],
							"lerp_mode": "catmullrom"
						},
						"0.4583": {
							"post": [93.12859, -40.81305, -138.10611],
							"lerp_mode": "catmullrom"
						},
						"0.625": {
							"post": [93.12859, -40.81305, -138.10611],
							"lerp_mode": "catmullrom"
						}
					},
					"position": {
						"0.0": {
							"post": [-2.7, -7, -4.6],
							"lerp_mode": "catmullrom"
						},
						"0.1667": [1.3, -9.25, -1.85],
						"0.25": [1.3, -9.25, 5.15],
						"0.4583": [-0.7, -5.5, 3.4],
						"0.625": [-0.7, -5.5, 3.4]
					}
				},
				"right_arm": {
					"rotation": {
						"0.0": {
							"post": [112.89204, 16.94531, -177.05528],
							"lerp_mode": "catmullrom"
						}
					},
					"position": {
						"0.0": {
							"post": [3.9, -6.2, 7.25],
							"lerp_mode": "catmullrom"
						}
					}
				},
				"lever": {
					"rotation": [0, 0, 0],
					"position": [0, 0, 0]
				}
			}
		},
		"reload_loop": {
			"loop": true,
			"animation_length": 0.7083,
			"bones": {
				"gun_body": {
					"rotation": {
						"0.0": {
							"post": [-3.29861, -0.1393, 5.81201],
							"lerp_mode": "catmullrom"
						},
						"0.125": {
							"post": [-3.37028, -0.02503, 8.55735],
							"lerp_mode": "catmullrom"
						},
						"0.2083": {
							"post": [-3.3645, 0.54743, 5.51851],
							"lerp_mode": "catmullrom"
						},
						"0.2917": {
							"post": [-3.36914, 0.51806, 5.01935],
							"lerp_mode": "catmullrom"
						},
						"0.4167": {
							"post": [-3.3409, 0.50844, 4.52049],
							"lerp_mode": "catmullrom"
						},
						"0.5417": {
							"post": [-3.35455, -0.11854, 6.81036],
							"lerp_mode": "catmullrom"
						},
						"0.7083": {
							"post": [-3.29861, -0.1393, 5.81201],
							"lerp_mode": "catmullrom"
						}
					},
					"position": {
						"0.0": {
							"post": [-0.1, -0.475, 0.5],
							"lerp_mode": "catmullrom"
						},
						"0.125": {
							"post": [-0.1, -0.47, 0.4],
							"lerp_mode": "catmullrom"
						},
						"0.2083": {
							"post": [-0.1, -0.47, 0.15],
							"lerp_mode": "catmullrom"
						},
						"0.2917": {
							"post": [-0.1, -0.47, 0.35],
							"lerp_mode": "catmullrom"
						},
						"0.4167": {
							"post": [-0.1, -0.495, 0.45],
							"lerp_mode": "catmullrom"
						},
						"0.5417": {
							"post": [-0.1, -0.475, 0.6],
							"lerp_mode": "catmullrom"
						},
						"0.7083": {
							"post": [-0.1, -0.475, 0.5],
							"lerp_mode": "catmullrom"
						}
					}
				},
				"left_arm": {
					"rotation": {
						"0.0": {
							"post": [93.12859, -40.81305, -138.10611],
							"lerp_mode": "catmullrom"
						},
						"0.125": {
							"post": [93.12859, -40.81305, -138.10611],
							"lerp_mode": "catmullrom"
						},
						"0.1667": {
							"post": [92.92, -35.82, -137.77],
							"lerp_mode": "catmullrom"
						},
						"0.2917": {
							"post": [92.81747, -32.82376, -137.58822],
							"lerp_mode": "catmullrom"
						},
						"0.4583": {
							"post": [92.92, -35.82, -137.77],
							"lerp_mode": "catmullrom"
						},
						"0.5417": {
							"post": [92.92, -35.82, -137.77],
							"lerp_mode": "catmullrom"
						},
						"0.7083": {
							"post": [93.12859, -40.81305, -138.10611],
							"lerp_mode": "catmullrom"
						}
					},
					"position": {
						"0.0": [-0.7, -5.5, 3.4],
						"0.125": [-0.7, -5.5, 3.4],
						"0.1667": [-0.95, -5, 1.9],
						"0.2917": [-1.2, -5, 1.9],
						"0.4583": [-0.7, -5.2, 3.9],
						"0.5417": [-0.45, -5, 4.9],
						"0.7083": [-0.7, -5.5, 3.4]
					}
				},
				"right_arm": {
					"rotation": {
						"0.0": {
							"post": [112.89204, 16.94531, -177.05528],
							"lerp_mode": "catmullrom"
						}
					},
					"position": {
						"0.0": {
							"post": [3.9, -6.2, 7.25],
							"lerp_mode": "catmullrom"
						}
					}
				}
			},
			"sound_effects": {
				"0.125": {
					"effect": "reload_mag_in"
				}
			},
			"particle_effects": {
				"0.25": {
					"effect": "loaded"
				},
				"0.7083": {
					"effect": "loop_end"
				}
			}
		},
		"reload_stop": {
			"loop": "hold_on_last_frame",
			"animation_length": 1.2083,
			"bones": {
				"gun_body": {
					"rotation": {
						"0.0": {
							"post": [-3.29861, -0.1393, 5.81201],
							"lerp_mode": "catmullrom"
						},
						"0.0833": {
							"post": [-4.27591, 0.43678, 12.78897],
							"lerp_mode": "catmullrom"
						},
						"0.2083": {
							"post": [-2.4905, 0.21782, 12.49527],
							"lerp_mode": "catmullrom"
						},
						"0.3333": {
							"post": [-2.46207, 0.43399, 17.49067],
							"lerp_mode": "catmullrom"
						},
						"0.4167": {
							"post": [-2.42729, 0.56818, 20.98814],
							"lerp_mode": "catmullrom"
						},
						"0.5": {
							"post": [-2.40108, 1.67261, 23.44418],
							"lerp_mode": "catmullrom"
						},
						"0.5833": {
							"post": [-2.28707, 1.96665, 32.43984],
							"lerp_mode": "catmullrom"
						},
						"0.6667": {
							"post": [-2.47169, 1.80475, 29.44017],
							"lerp_mode": "catmullrom"
						},
						"0.75": {
							"post": [-2.53533, 0.6742, 25.98631],
							"lerp_mode": "catmullrom"
						},
						"0.8333": {
							"post": [-1.80934, 0.28078, 14.53249],
							"lerp_mode": "catmullrom"
						},
						"1.0417": {
							"post": [0.02047, -0.01431, -0.99969],
							"lerp_mode": "catmullrom"
						},
						"1.125": {
							"post": [0.09955, -0.01566, 0.0897],
							"lerp_mode": "catmullrom"
						},
						"1.2083": {
							"post": [0, 0, 0],
							"lerp_mode": "catmullrom"
						}
					},
					"position": {
						"0.0": {
							"post": [-0.1, -0.475, 0.5],
							"lerp_mode": "catmullrom"
						},
						"0.0833": {
							"post": [-0.3, -0.67, 0.5],
							"lerp_mode": "catmullrom"
						},
						"0.2083": {
							"post": [0.2, -0.8, 0.75],
							"lerp_mode": "catmullrom"
						},
						"0.3333": {
							"post": [0.7, -0.8, 0.75],
							"lerp_mode": "catmullrom"
						},
						"0.4167": {
							"post": [1, -1, 0.75],
							"lerp_mode": "catmullrom"
						},
						"0.5": {
							"post": [1, -1, 0.35],
							"lerp_mode": "catmullrom"
						},
						"0.5833": {
							"post": [1, -0.9, 0.15],
							"lerp_mode": "catmullrom"
						},
						"0.6667": {
							"post": [1.1, -1.1, 0.15],
							"lerp_mode": "catmullrom"
						},
						"0.75": {
							"post": [1.1, -1.3, 0.35],
							"lerp_mode": "catmullrom"
						},
						"0.875": {
							"post": [0.85, -1.8, 0.05],
							"lerp_mode": "catmullrom"
						},
						"1.0417": {
							"post": [0, -0.6, 1.05],
							"lerp_mode": "catmullrom"
						},
						"1.125": {
							"post": [0, 0, 0.75],
							"lerp_mode": "catmullrom"
						},
						"1.2083": {
							"post": [0, 0, 0.75],
							"lerp_mode": "catmullrom"
						}
					}
				},
				"right_arm": {
					"rotation": {
						"0.0": {
							"post": [112.89204, 16.94531, -177.05528],
							"lerp_mode": "catmullrom"
						},
						"0.2083": {
							"post": [112.89204, 16.94531, -177.05528],
							"lerp_mode": "catmullrom"
						},
						"0.4167": [112.89204, 16.94531, -177.05528],
						"0.5": [82.89204, 16.94531, -177.05528],
						"0.6667": [82.89204, 16.94531, -177.05528],
						"0.75": [112.89204, 16.94531, -177.05528],
						"1.0417": {
							"pre": [112.89204, 16.94531, -177.05528],
							"post": [112.89204, 16.94531, -177.05528],
							"lerp_mode": "catmullrom"
						}
					},
					"position": {
						"0.0": {
							"post": [3.9, -6.2, 7.25],
							"lerp_mode": "catmullrom"
						},
						"0.2083": {
							"post": [3.9, -6.2, 7.25],
							"lerp_mode": "catmullrom"
						},
						"0.4167": [3.9, -6.2, 7.25],
						"0.5": [3.9, -3.2, 6.25],
						"0.6667": [3.9, -3.2, 6.25],
						"0.75": [3.9, -6.2, 7.25],
						"1.0417": {
							"pre": [3.9, -6.2, 7.25],
							"post": [3.9, -6.2, 7.25],
							"lerp_mode": "catmullrom"
						}
					},
					"scale": 1
				},
				"left_arm": {
					"rotation": {
						"0.0": {
							"post": [93.12859, -40.81305, -138.10611],
							"lerp_mode": "catmullrom"
						},
						"0.2083": [92.91802, -35.8154, -137.76872],
						"0.3333": {
							"pre": [92.91802, -35.8154, -137.76872],
							"post": [92.91802, -35.8154, -137.76872],
							"lerp_mode": "catmullrom"
						},
						"0.4167": [92.91802, -35.8154, -137.76872],
						"0.75": [92.91802, -35.8154, -137.76872],
						"1.0417": {
							"pre": [92.91802, -35.8154, -137.76872],
							"post": [92.91802, -35.8154, -137.76872],
							"lerp_mode": "catmullrom"
						}
					},
					"position": {
						"0.0": [-0.7, -5.5, 3.4],
						"0.125": [-0.7, -7.12, -1.59],
						"0.2083": [-2.7, -7, -4.6],
						"0.3333": {
							"pre": [-2.7, -7, -4.6],
							"post": [-2.7, -7, -4.6],
							"lerp_mode": "catmullrom"
						},
						"0.4167": [-2.7, -7, -4.6],
						"0.75": [-2.7, -7, -4.6],
						"1.0417": {
							"pre": [-2.7, -7, -4.6],
							"post": [-2.7, -7, -4.6],
							"lerp_mode": "catmullrom"
						}
					}
				},
				"shell": {
					"rotation": {
						"0.0": {
							"post": [0, 0, 0],
							"lerp_mode": "catmullrom"
						}
					},
					"position": {
						"0.0": {
							"post": [12.92273, -9.12064, 2.46337],
							"lerp_mode": "catmullrom"
						}
					},
					"scale": {
						"0.0": {
							"post": [1, 1, 1],
							"lerp_mode": "catmullrom"
						},
						"0.2083": [0, 0, 0]
					}
				},
				"lever": {
					"rotation": {
						"0.0": [0, 0, 0],
						"0.2083": [0, 0, 0],
						"0.3333": [0, 0, 0],
						"0.4167": [0, 0, 0],
						"0.5": [-47.5, 0, 0],
						"0.6667": [-47.5, 0, 0],
						"0.75": [0, 0, 0],
						"1.0417": [0, 0, 0]
					},
					"position": {
						"0.0": [0, 0, 0],
						"0.2083": [0, 0, 0],
						"0.3333": [0, 0, 0],
						"0.4167": [0, 0, 0],
						"0.75": [0, 0, 0],
						"1.0417": [0, 0, 0]
					}
				},
				"bolt": {
					"position": {
						"0.375": [0, 0, 0],
						"0.4167": [0, 0, 0],
						"0.5": [0, 0, 2.25],
						"0.6667": [0, 0, 2.25],
						"0.75": [0, 0, 0]
					}
				}
			},
			"sound_effects": {
				"0.4167": {
					"effect": "lever"
				}
			},
			"particle_effects": {
				"0.75": {
					"effect": "end_reload"
				}
			}
		},
		"idle": {
			"loop": true,
			"bones": {
				"right_arm": {
					"rotation": {
						"0.0": {
							"post": [112.89204, 16.94531, -177.05528],
							"lerp_mode": "catmullrom"
						}
					},
					"position": {
						"0.0": {
							"post": [3.9, -6.2, 7.25],
							"lerp_mode": "catmullrom"
						}
					}
				},
				"left_arm": {
					"rotation": {
						"0.0": {
							"post": [92.91802, -35.8154, -137.76872],
							"lerp_mode": "catmullrom"
						}
					},
					"position": {
						"0.0": {
							"post": [-2.7, -7, -4.6],
							"lerp_mode": "catmullrom"
						}
					}
				},
				"gun_body": {
					"rotation": {
						"0.0": {
							"post": [0, 0, 0],
							"lerp_mode": "catmullrom"
						}
					},
					"position": {
						"0.0": {
							"post": [0, 0, 0.75],
							"lerp_mode": "catmullrom"
						}
					}
				},
				"shell": {
					"scale": 0
				},
				"lever": {
					"rotation": [0, 0, 0],
					"position": [0, 0, 0]
				}
			}
		},
		"aim_shoot": {
			"loop": true,
			"animation_length": 1.5,
			"bones": {
				"right_arm": {
					"rotation": {
						"0.0": {
							"post": [112.89204, 16.94531, -177.05528],
							"lerp_mode": "catmullrom"
						},
						"0.2333": [112.89204, 16.94531, -177.05528],
						"0.3": [82.89204, 16.94531, -177.05528],
						"0.5667": [82.89204, 16.94531, -177.05528],
						"0.6667": [112.89204, 16.94531, -177.05528]
					},
					"position": {
						"0.0": {
							"post": [3.9, -6.2, 7.25],
							"lerp_mode": "catmullrom"
						},
						"0.2333": [3.9, -6.2, 7.25],
						"0.3": [3.9, -3.2, 6.25],
						"0.5667": [3.9, -3.2, 6.25],
						"0.6667": [3.9, -6.2, 7.25]
					}
				},
				"left_arm": {
					"rotation": {
						"0.0": {
							"post": [92.91802, -35.8154, -137.76872],
							"lerp_mode": "catmullrom"
						},
						"0.2333": [92.91802, -35.8154, -137.76872],
						"0.6667": [92.91802, -35.8154, -137.76872]
					},
					"position": {
						"0.0": {
							"post": [-2.7, -7, -4.6],
							"lerp_mode": "catmullrom"
						},
						"0.2333": [-2.7, -7, -4.6],
						"0.6667": [-2.7, -7, -4.6]
					}
				},
				"gun_body": {
					"rotation": {
						"0.0": {
							"post": [0, 0, 0],
							"lerp_mode": "catmullrom"
						},
						"0.0333": {
							"post": [-9.99762, 0.10901, 2.49762],
							"lerp_mode": "catmullrom"
						},
						"0.1": {
							"post": [-7.49762, -0.10901, -2.49762],
							"lerp_mode": "catmullrom"
						},
						"0.2333": {
							"post": [-2.48817, 0.32642, 2.4834],
							"lerp_mode": "catmullrom"
						},
						"0.3667": {
							"post": [1.4122, 0.19111, -1.51089],
							"lerp_mode": "catmullrom"
						},
						"0.5": {
							"post": [2.40005, 0.13929, -1.01026],
							"lerp_mode": "catmullrom"
						},
						"0.6333": {
							"post": [1.48923, -0.17399, -2.24344],
							"lerp_mode": "catmullrom"
						},
						"0.8333": [0.09734, -0.15481, -0.4827],
						"0.9333": [0, 0, 0]
					},
					"position": {
						"0.0": {
							"post": [0, -0.5, 0.75],
							"lerp_mode": "catmullrom"
						},
						"0.0333": {
							"post": [0, -0.5, 2],
							"lerp_mode": "catmullrom"
						},
						"0.1": {
							"post": [0, -0.5, 2.25],
							"lerp_mode": "catmullrom"
						},
						"0.1667": {
							"post": [0, -0.84, 2],
							"lerp_mode": "catmullrom"
						},
						"0.2333": {
							"post": [0, -0.75, 1.75],
							"lerp_mode": "catmullrom"
						},
						"0.3667": {
							"post": [0.1, -0.85, 1.75],
							"lerp_mode": "catmullrom"
						},
						"0.5": {
							"post": [-0.1, -0.65, 1.55],
							"lerp_mode": "catmullrom"
						},
						"0.6333": {
							"post": [0.05, -0.45, 1.1],
							"lerp_mode": "catmullrom"
						},
						"0.7333": {
							"post": [0, -0.55, 0.77],
							"lerp_mode": "catmullrom"
						},
						"0.8333": {
							"post": [0, 0, 0.75],
							"lerp_mode": "catmullrom"
						},
						"0.9333": {
							"post": [0, 0, 0.75],
							"lerp_mode": "catmullrom"
						}
					}
				},
				"shell": {
					"scale": {
						"0.0": {
							"post": [0, 0, 0],
							"lerp_mode": "catmullrom"
						},
						"0.6667": {
							"post": [0, 0, 0],
							"lerp_mode": "catmullrom"
						}
					}
				},
				"lever": {
					"rotation": {
						"0.2333": [0, 0, 0],
						"0.3": [-47.5, 0, 0],
						"0.5667": [-47.5, 0, 0],
						"0.6667": [0, 0, 0]
					},
					"position": {
						"0.2333": [0, 0, 0],
						"0.6667": [0, 0, 0]
					}
				},
				"bolt": {
					"position": {
						"0.2333": [0, 0, 0],
						"0.3667": [0, 0, 2.25],
						"0.5333": [0, 0, 2.25],
						"0.6667": [0, 0, 0],
						"0.8667": [0, 0, 0]
					}
				}
			},
			"sound_effects": {
				"0.3": {
					"effect": "lever"
				}
			},
			"particle_effects": {
				"0.3": {
					"effect": "eject_casing"
				}
			}
		},
		"draw": {
			"animation_length": 0.7917,
			"bones": {
				"gun_body": {
					"rotation": {
						"0.0": {
							"post": [0, -5, 10],
							"lerp_mode": "catmullrom"
						},
						"0.1667": {
							"post": [5.04296, -8.98466, 9.64733],
							"lerp_mode": "catmullrom"
						},
						"0.375": {
							"post": [-0.21849, -4.49047, 10.01237],
							"lerp_mode": "catmullrom"
						},
						"0.5417": {
							"post": [0, -1, 2.5],
							"lerp_mode": "catmullrom"
						},
						"0.6667": {
							"post": [-0.04127, 0.02307, -0.99889],
							"lerp_mode": "catmullrom"
						},
						"0.7917": {
							"post": [0, 0, 0],
							"lerp_mode": "catmullrom"
						}
					},
					"position": {
						"0.0": {
							"post": [0, -4.25, -0.25],
							"lerp_mode": "catmullrom"
						},
						"0.1667": {
							"post": [0, -2.15, 0.75],
							"lerp_mode": "catmullrom"
						},
						"0.375": {
							"post": [0.25, -1, 0.25],
							"lerp_mode": "catmullrom"
						},
						"0.5417": {
							"post": [0, -0.5, 0.95],
							"lerp_mode": "catmullrom"
						},
						"0.6667": {
							"post": [0, 0, 0.75],
							"lerp_mode": "catmullrom"
						},
						"0.7917": {
							"post": [0, 0, 0.75],
							"lerp_mode": "catmullrom"
						}
					}
				},
				"shell": {
					"scale": 0
				},
				"left_arm": {
					"rotation": {
						"0.0": {
							"post": [92.91802, -35.8154, -137.76872],
							"lerp_mode": "catmullrom"
						}
					},
					"position": {
						"0.0": {
							"post": [-2.7, -7, -4.6],
							"lerp_mode": "catmullrom"
						}
					}
				},
				"right_arm": {
					"rotation": {
						"0.0": {
							"post": [112.89204, 16.94531, -177.05528],
							"lerp_mode": "catmullrom"
						}
					},
					"position": {
						"0.0": {
							"post": [3.9, -6.2, 7.25],
							"lerp_mode": "catmullrom"
						}
					}
				},
				"lever": {
					"rotation": [0, 0, 0],
					"position": [0, 0, 0]
				}
			}
		},
		"shoot": {
			"loop": true,
			"animation_length": 0.9333,
			"bones": {
				"right_arm": {
					"rotation": {
						"0.0": {
							"post": [112.89204, 16.94531, -177.05528],
							"lerp_mode": "catmullrom"
						},
						"0.2333": [112.89204, 16.94531, -177.05528],
						"0.3": [82.89204, 16.94531, -177.05528],
						"0.6": [82.89204, 16.94531, -177.05528],
						"0.6667": [112.89204, 16.94531, -177.05528]
					},
					"position": {
						"0.0": {
							"post": [3.9, -6.2, 7.25],
							"lerp_mode": "catmullrom"
						},
						"0.2333": [3.9, -6.2, 7.25],
						"0.3": [3.9, -3.2, 6.25],
						"0.6": [3.9, -3.2, 6.25],
						"0.6667": [3.9, -6.2, 7.25]
					}
				},
				"left_arm": {
					"rotation": {
						"0.0": {
							"post": [92.91802, -35.8154, -137.76872],
							"lerp_mode": "catmullrom"
						},
						"0.2333": [92.91802, -35.8154, -137.76872],
						"0.6667": [92.91802, -35.8154, -137.76872]
					},
					"position": {
						"0.0": {
							"post": [-2.7, -7, -4.6],
							"lerp_mode": "catmullrom"
						},
						"0.2333": [-2.7, -7, -4.6],
						"0.6667": [-2.7, -7, -4.6]
					}
				},
				"gun_body": {
					"rotation": {
						"0.0": {
							"post": [0, 0, 0],
							"lerp_mode": "catmullrom"
						},
						"0.0333": {
							"post": [-12.49762, 0.10901, 2.49762],
							"lerp_mode": "catmullrom"
						},
						"0.1": {
							"post": [-9.99762, -0.10901, -2.49762],
							"lerp_mode": "catmullrom"
						},
						"0.2333": {
							"post": [-4.98817, 0.32642, 2.4834],
							"lerp_mode": "catmullrom"
						},
						"0.3667": {
							"post": [-5.08468, 0.16643, -0.51119],
							"lerp_mode": "catmullrom"
						},
						"0.5": {
							"post": [-5.07264, 0.38778, 1.97902],
							"lerp_mode": "catmullrom"
						},
						"0.5667": {
							"post": [-4.19587, 0.28205, 0.82704],
							"lerp_mode": "catmullrom"
						},
						"0.6333": {
							"post": [-3.05726, 0.49472, 3.97622],
							"lerp_mode": "catmullrom"
						},
						"0.7333": {
							"post": [-1.21043, 0.34172, 0.98176],
							"lerp_mode": "catmullrom"
						},
						"0.8333": [-0.03078, 0.44585, -0.99831],
						"0.9333": [0, 0, 0]
					},
					"position": {
						"0.0": {
							"post": [0, -0.5, 0.75],
							"lerp_mode": "catmullrom"
						},
						"0.0333": {
							"post": [0, -0.5, 2],
							"lerp_mode": "catmullrom"
						},
						"0.1": {
							"post": [0, -0.5, 2.25],
							"lerp_mode": "catmullrom"
						},
						"0.1667": {
							"post": [0, -0.84, 2],
							"lerp_mode": "catmullrom"
						},
						"0.2333": {
							"post": [0, -0.75, 1.75],
							"lerp_mode": "catmullrom"
						},
						"0.3667": {
							"post": [0, -0.85, 1.55],
							"lerp_mode": "catmullrom"
						},
						"0.5": {
							"post": [0, -0.65, 1.55],
							"lerp_mode": "catmullrom"
						},
						"0.6333": {
							"post": [0, -0.45, 1.35],
							"lerp_mode": "catmullrom"
						},
						"0.7333": {
							"post": [0, -0.55, 0.77],
							"lerp_mode": "catmullrom"
						},
						"0.8333": {
							"post": [0, 0, 0.75],
							"lerp_mode": "catmullrom"
						},
						"0.9333": {
							"post": [0, 0, 0.75],
							"lerp_mode": "catmullrom"
						}
					}
				},
				"lever": {
					"rotation": {
						"0.0": [0, 0, 0],
						"0.2333": [0, 0, 0],
						"0.3": [-47.5, 0, 0],
						"0.6": [-47.5, 0, 0],
						"0.6667": [0, 0, 0]
					},
					"position": {
						"0.0": [0, 0, 0],
						"0.2333": [0, 0, 0],
						"0.6667": [0, 0, 0]
					}
				},
				"bolt": {
					"position": {
						"0.2333": [0, 0, 0],
						"0.3667": [0, 0, 2.25],
						"0.6": [0, 0, 2.25],
						"0.6667": [0, 0, 0],
						"0.8667": [0, 0, 0]
					}
				}
			},
			"sound_effects": {
				"0.3": {
					"effect": "lever"
				}
			},
			"particle_effects": {
				"0.3": {
					"effect": "eject_casing"
				}
			}
		}
	}
}