{
	"format_version": "1.8.0",
	"animations": {
		"shoot": {
			"loop": true,
			"animation_length": 1.25,
			"bones": {
				"right_arm": {
					"rotation": {
						"0.0": [90, 0, -180],
						"0.125": {
							"pre": [90, 0, -180],
							"post": [90, 0, -180],
							"lerp_mode": "catmullrom"
						},
						"0.1667": {
							"post": [96.5, -15, -180],
							"lerp_mode": "catmullrom"
						},
						"0.25": {
							"post": [104.50547, -1.14013, -178.06397],
							"lerp_mode": "catmullrom"
						},
						"0.2917": {
							"post": [106.75547, -1.14013, -178.06397],
							"lerp_mode": "catmullrom"
						},
						"0.3333": {
							"post": [106.75547, -1.14013, -178.06397],
							"lerp_mode": "catmullrom"
						},
						"0.4583": {
							"post": [106.75547, -1.14013, -178.06397],
							"lerp_mode": "catmullrom"
						},
						"0.5833": [90, 0, -180],
						"0.6667": [90, 0, -180]
					},
					"position": {
						"0.0": {
							"post": [5.65, -2.2, 7.75],
							"lerp_mode": "catmullrom"
						},
						"0.125": {
							"post": [5.65, -2.2, 5.75],
							"lerp_mode": "catmullrom"
						},
						"0.1667": {
							"post": [4.65, -2.21745, 4.2501],
							"lerp_mode": "catmullrom"
						},
						"0.25": {
							"post": [4.275, -1.22004, 4.24128],
							"lerp_mode": "catmullrom"
						},
						"0.2917": {
							"post": [4.275, -1.22004, 4.24128],
							"lerp_mode": "catmullrom"
						},
						"0.3333": {
							"post": [4.27, -1.22, 4.765],
							"lerp_mode": "catmullrom"
						},
						"0.4583": {
							"post": [4.27, -1.22, 4.765],
							"lerp_mode": "catmullrom"
						},
						"0.5833": {
							"post": [5.65, -2.2, 7.75],
							"lerp_mode": "catmullrom"
						},
						"0.6667": {
							"post": [5.65, -2.2, 7.75],
							"lerp_mode": "catmullrom"
						}
					}
				},
				"left_arm": {
					"rotation": {
						"0.0": [73.95054, -26.20116, -129.71317],
						"0.5833": [73.95054, -26.20116, -129.71317],
						"0.6667": [73.95054, -26.20116, -129.71317]
					},
					"position": {
						"0.0": {
							"post": [-1.95, -5.85, -2.85],
							"lerp_mode": "catmullrom"
						},
						"0.5833": {
							"post": [-1.95, -5.85, -2.85],
							"lerp_mode": "catmullrom"
						},
						"0.6667": {
							"post": [-1.95, -5.85, -2.85],
							"lerp_mode": "catmullrom"
						}
					}
				},
				"gun_body": {
					"rotation": {
						"0.0": {
							"post": [-19.51828, -2.68394, -10.63855],
							"lerp_mode": "catmullrom"
						},
						"0.0833": {
							"post": [-17.17709, 0.89617, 1.32923],
							"lerp_mode": "catmullrom"
						},
						"0.1667": {
							"post": [-16.67709, 0.89617, 1.32923],
							"lerp_mode": "catmullrom"
						},
						"0.2917": {
							"post": [-9.06176, -0.28574, 6.5823],
							"lerp_mode": "catmullrom"
						},
						"0.4167": {
							"post": [-9.25664, -2.73305, 13.00437],
							"lerp_mode": "catmullrom"
						},
						"0.5417": [-0.15703, -1.99589, 10.00137],
						"0.7083": [0, -0.5, 1],
						"0.7917": [0, 0, 0]
					},
					"position": {
						"0.0": {
							"post": [-0.25, 1, 1.675],
							"lerp_mode": "catmullrom"
						},
						"0.0833": {
							"post": [-0.55, 0.8, 2.28],
							"lerp_mode": "catmullrom"
						},
						"0.1667": {
							"post": [-0.75, 0.2, 1.98],
							"lerp_mode": "catmullrom"
						},
						"0.2917": {
							"post": [-0.75, -0.1, 1.78],
							"lerp_mode": "catmullrom"
						},
						"0.4167": {
							"post": [-0.95, -1.1, 1.58],
							"lerp_mode": "catmullrom"
						},
						"0.5417": [0, -0.1, 2],
						"0.7083": [-0.025, 0, 0],
						"0.7917": [0, 0, 0]
					}
				},
				"bolt": {
					"position": {
						"0.0": {
							"post": [0, 0, 2.25],
							"lerp_mode": "catmullrom"
						},
						"0.125": {
							"post": [0, 0, 0],
							"lerp_mode": "catmullrom"
						},
						"0.4167": {
							"post": [0, 0, 0],
							"lerp_mode": "catmullrom"
						},
						"0.4583": {
							"post": [0, 0, 0],
							"lerp_mode": "catmullrom"
						}
					}
				},
				"hammer": {
					"rotation": {
						"0.0": {
							"post": [77.5, 0, 0],
							"lerp_mode": "catmullrom"
						},
						"0.25": {
							"post": [77.5, 0, 0],
							"lerp_mode": "catmullrom"
						},
						"0.3333": {
							"post": [-5.62, 0, 0],
							"lerp_mode": "catmullrom"
						},
						"0.4583": {
							"post": [-5.62, 0, 0],
							"lerp_mode": "catmullrom"
						},
						"0.5833": {
							"post": [0, 0, 0],
							"lerp_mode": "catmullrom"
						},
						"0.6667": {
							"post": [0, 0, 0],
							"lerp_mode": "catmullrom"
						}
					}
				},
				"flash": {
					"rotation": {
						"0.0": {
							"post": [0, 90, 45],
							"lerp_mode": "catmullrom"
						},
						"0.4583": {
							"post": [0, 90, 45],
							"lerp_mode": "catmullrom"
						}
					},
					"position": {
						"0.0": {
							"post": [-1, 1.30781, 0.14391],
							"lerp_mode": "catmullrom"
						},
						"0.4583": {
							"post": [-1, 1.31, 0.14],
							"lerp_mode": "catmullrom"
						}
					},
					"scale": {
						"0.0": {
							"post": [1, 1, 1],
							"lerp_mode": "catmullrom"
						},
						"0.0417": {
							"post": [1.2, 1.2, 1.2],
							"lerp_mode": "catmullrom"
						},
						"0.125": {
							"post": [0, 0, 0],
							"lerp_mode": "catmullrom"
						},
						"0.4583": {
							"post": [0, 0, 0],
							"lerp_mode": "catmullrom"
						}
					}
				}
			},
			"particle_effects": {
				"0.0": {
					"effect": "eject_casing"
				}
			}
		},
		"draw": {
			"loop": "hold_on_last_frame",
			"animation_length": 0.75,
			"bones": {
				"right_arm": {
					"rotation": [90, 0, -180],
					"position": [5.65, -2.2, 7.75]
				},
				"left_arm": {
					"rotation": [73.95054, -26.20116, -129.71317],
					"position": [-1.95, -5.85, -2.85]
				},
				"gun_body": {
					"rotation": {
						"0.0": {
							"post": [14.33501, -4.46375, 16.93839],
							"lerp_mode": "catmullrom"
						},
						"0.3333": {
							"post": [6.4524, -6.37074, 7.68062],
							"lerp_mode": "catmullrom"
						},
						"0.5": {
							"post": [0, 0, -2],
							"lerp_mode": "catmullrom"
						},
						"0.625": {
							"post": [0, 0, 1],
							"lerp_mode": "catmullrom"
						},
						"0.75": {
							"post": [0, 0, 0],
							"lerp_mode": "catmullrom"
						}
					},
					"position": {
						"0.0": {
							"post": [3, -8, -2],
							"lerp_mode": "catmullrom"
						},
						"0.1667": {
							"post": [1, -6.33, -1.33],
							"lerp_mode": "catmullrom"
						},
						"0.3333": {
							"post": [0.1, -2.16, -0.66],
							"lerp_mode": "catmullrom"
						},
						"0.5": {
							"post": [-0.2, -0.3, 0.1],
							"lerp_mode": "catmullrom"
						},
						"0.625": {
							"post": [-0.025, -0.025, 0.05],
							"lerp_mode": "catmullrom"
						},
						"0.75": {
							"post": [0, 0, 0],
							"lerp_mode": "catmullrom"
						}
					}
				},
				"bolt": {
					"position": [0, 0, 0]
				}
			}
		},
		"aim_shoot": {
			"loop": true,
			"animation_length": 1.3333,
			"bones": {
				"right_arm": {
					"rotation": {
						"0.0": [90, 0, -180],
						"0.125": {
							"pre": [90, 0, -180],
							"post": [90, 0, -180],
							"lerp_mode": "catmullrom"
						},
						"0.1667": {
							"post": [96.5, -15, -180],
							"lerp_mode": "catmullrom"
						},
						"0.25": {
							"post": [104.50547, -1.14013, -178.06397],
							"lerp_mode": "catmullrom"
						},
						"0.2917": {
							"post": [106.75547, -1.14013, -178.06397],
							"lerp_mode": "catmullrom"
						},
						"0.3333": {
							"post": [106.75547, -1.14013, -178.06397],
							"lerp_mode": "catmullrom"
						},
						"0.4583": {
							"post": [106.75547, -1.14013, -178.06397],
							"lerp_mode": "catmullrom"
						},
						"0.5833": [90, 0, -180],
						"0.6667": [90, 0, -180]
					},
					"position": {
						"0.0": [5.65, -2.2, 7.75],
						"0.125": {
							"pre": [5.65, -2.2, 5.75],
							"post": [5.65, -2.2, 5.75],
							"lerp_mode": "catmullrom"
						},
						"0.1667": {
							"post": [4.65, -2.21745, 4.2501],
							"lerp_mode": "catmullrom"
						},
						"0.25": {
							"post": [4.275, -1.22004, 4.24128],
							"lerp_mode": "catmullrom"
						},
						"0.2917": {
							"post": [4.275, -1.22004, 4.24128],
							"lerp_mode": "catmullrom"
						},
						"0.3333": {
							"post": [4.27, -1.22, 4.765],
							"lerp_mode": "catmullrom"
						},
						"0.4583": {
							"post": [4.27, -1.22, 4.765],
							"lerp_mode": "catmullrom"
						},
						"0.5833": {
							"post": [5.65, -2.2, 7.75],
							"lerp_mode": "catmullrom"
						},
						"0.6667": {
							"post": [5.65, -2.2, 7.75],
							"lerp_mode": "catmullrom"
						}
					}
				},
				"left_arm": {
					"rotation": {
						"0.0": [73.95054, -26.20116, -129.71317],
						"0.5833": [73.95054, -26.20116, -129.71317],
						"0.6667": [73.95054, -26.20116, -129.71317]
					},
					"position": {
						"0.0": [-1.95, -5.85, -2.85],
						"0.5833": {
							"pre": [-1.95, -5.85, -2.85],
							"post": [-1.95, -5.85, -2.85],
							"lerp_mode": "catmullrom"
						},
						"0.6667": {
							"post": [-1.95, -5.85, -2.85],
							"lerp_mode": "catmullrom"
						}
					}
				},
				"gun_body": {
					"rotation": {
						"0.0": {
							"post": [-34.51828, -2.68394, -10.63855],
							"lerp_mode": "catmullrom"
						},
						"0.0833": {
							"post": [-31.29114, -0.95237, 2.42266],
							"lerp_mode": "catmullrom"
						},
						"0.1667": {
							"post": [-19.68522, -1.97763, 2.19032],
							"lerp_mode": "catmullrom"
						},
						"0.2917": {
							"post": [-14.06176, -0.28574, 6.5823],
							"lerp_mode": "catmullrom"
						},
						"0.4167": {
							"post": [-9.25664, -2.73305, 13.00437],
							"lerp_mode": "catmullrom"
						},
						"0.5417": [-0.15703, -1.99589, 10.00137],
						"0.7083": [0, -1.25, 1],
						"0.7917": [0.00627, -0.04045, -1.24933],
						"0.875": [0, 0, 0]
					},
					"position": {
						"0.0": {
							"post": [-0.25, 1, 2.675],
							"lerp_mode": "catmullrom"
						},
						"0.0833": {
							"post": [-0.55, 0.8, 2.28],
							"lerp_mode": "catmullrom"
						},
						"0.1667": {
							"post": [-0.75, 0.2, 1.98],
							"lerp_mode": "catmullrom"
						},
						"0.2917": {
							"post": [-0.75, -0.1, 1.78],
							"lerp_mode": "catmullrom"
						},
						"0.4167": {
							"post": [-0.95, -1.1, 1.58],
							"lerp_mode": "catmullrom"
						},
						"0.5417": [0, -0.1, 2],
						"0.7083": [-0.025, 0, -0.2],
						"0.7917": [0, 0, 0],
						"0.875": [0, 0, 0]
					}
				},
				"bolt": {
					"position": {
						"0.0": {
							"post": [0, 0, 2.25],
							"lerp_mode": "catmullrom"
						},
						"0.125": {
							"post": [0, 0, 0],
							"lerp_mode": "catmullrom"
						},
						"0.4167": {
							"post": [0, 0, 0],
							"lerp_mode": "catmullrom"
						},
						"0.4583": {
							"post": [0, 0, 0],
							"lerp_mode": "catmullrom"
						}
					}
				},
				"hammer": {
					"rotation": {
						"0.0": {
							"post": [77.5, 0, 0],
							"lerp_mode": "catmullrom"
						},
						"0.25": {
							"post": [77.5, 0, 0],
							"lerp_mode": "catmullrom"
						},
						"0.3333": {
							"post": [-5.62, 0, 0],
							"lerp_mode": "catmullrom"
						},
						"0.4583": {
							"post": [-5.62, 0, 0],
							"lerp_mode": "catmullrom"
						},
						"0.5833": {
							"post": [0, 0, 0],
							"lerp_mode": "catmullrom"
						},
						"0.6667": {
							"post": [0, 0, 0],
							"lerp_mode": "catmullrom"
						}
					}
				},
				"flash": {
					"rotation": {
						"0.0": {
							"post": [0, 90, 45],
							"lerp_mode": "catmullrom"
						},
						"0.4583": {
							"post": [0, 90, 45],
							"lerp_mode": "catmullrom"
						}
					},
					"position": {
						"0.0": {
							"post": [-1, 1.30781, 0.14391],
							"lerp_mode": "catmullrom"
						},
						"0.4583": {
							"post": [-1, 1.31, 0.14],
							"lerp_mode": "catmullrom"
						}
					},
					"scale": {
						"0.0": {
							"post": [1, 1, 1],
							"lerp_mode": "catmullrom"
						},
						"0.0417": {
							"post": [1.2, 1.2, 1.2],
							"lerp_mode": "catmullrom"
						},
						"0.125": {
							"post": [0, 0, 0],
							"lerp_mode": "catmullrom"
						},
						"0.4583": {
							"post": [0, 0, 0],
							"lerp_mode": "catmullrom"
						}
					}
				}
			},
			"particle_effects": {
				"0.0": {
					"effect": "eject_casing"
				}
			}
		},
		"idle": {
			"loop": true,
			"bones": {
				"right_arm": {
					"rotation": [90, 0, -180],
					"position": [5.65, -2.2, 7.75]
				},
				"left_arm": {
					"rotation": [73.95054, -26.20116, -129.71317],
					"position": [-1.95, -5.85, -2.85]
				},
				"gun_body": {
					"rotation": [0, 0, 0],
					"position": [0, 0, 0]
				}
			}
		},
		"inspect": {
			"animation_length": 5.7083,
			"bones": {
				"right_arm": {
					"rotation": [90, 0, -180],
					"position": [5.65, -2.2, 7.75]
				},
				"left_arm": {
					"rotation": [73.95054, -26.20116, -129.71317],
					"position": [-1.95, -5.85, -2.85]
				},
				"gun_body": {
					"rotation": {
						"0.0": {
							"post": [0, 0, 0],
							"lerp_mode": "catmullrom"
						},
						"0.0833": {
							"post": [3.00183, -1.99726, 1.89529],
							"lerp_mode": "catmullrom"
						},
						"0.1667": {
							"post": [2.55122, -6.23706, 6.70495],
							"lerp_mode": "catmullrom"
						},
						"0.2917": {
							"post": [0.27073, -13.27068, -9.94541],
							"lerp_mode": "catmullrom"
						},
						"0.375": {
							"post": [-4.18707, -15.73941, -12.32629],
							"lerp_mode": "catmullrom"
						},
						"0.4583": {
							"post": [-8.8047, -17.55113, -17.30117],
							"lerp_mode": "catmullrom"
						},
						"0.5833": {
							"post": [-5.02462, -21.50286, -16.64362],
							"lerp_mode": "catmullrom"
						},
						"0.75": {
							"post": [-4.6463, -21.55744, -16.70991],
							"lerp_mode": "catmullrom"
						},
						"0.9167": {
							"post": [-4.63119, -21.58702, -17.71493],
							"lerp_mode": "catmullrom"
						},
						"1.0833": {
							"post": [-5.02462, -21.50286, -16.64362],
							"lerp_mode": "catmullrom"
						},
						"1.25": {
							"post": [1.40321, -22.01253, -33.87122],
							"lerp_mode": "catmullrom"
						},
						"1.375": {
							"post": [1.21018, -21.94946, -36.02695],
							"lerp_mode": "catmullrom"
						},
						"1.5": {
							"post": [0.48094, -21.95125, -33.13194],
							"lerp_mode": "catmullrom"
						},
						"1.625": {
							"post": [-0.21649, -21.70528, -31.24616],
							"lerp_mode": "catmullrom"
						},
						"1.75": {
							"post": [-0.23863, -21.67981, -30.23851],
							"lerp_mode": "catmullrom"
						},
						"2.125": {
							"post": [-0.4155, -21.70253, -30.70801],
							"lerp_mode": "catmullrom"
						},
						"2.375": {
							"post": [-2.42601, -21.82842, -25.31892],
							"lerp_mode": "catmullrom"
						},
						"2.5": {
							"post": [-2.68037, -16.70817, -15.89341],
							"lerp_mode": "catmullrom"
						},
						"2.6667": {
							"post": [-10.00044, -9.35134, -3.3075],
							"lerp_mode": "catmullrom"
						},
						"2.8333": {
							"post": [-14.88725, 18.41093, 8.37639],
							"lerp_mode": "catmullrom"
						},
						"3.0": {
							"post": [-7.34859, 26.7572, 42.40904],
							"lerp_mode": "catmullrom"
						},
						"3.1667": {
							"post": [-5.7878, 27.95393, 62.06671],
							"lerp_mode": "catmullrom"
						},
						"3.2917": {
							"post": [-6.65659, 28.28342, 66.58686],
							"lerp_mode": "catmullrom"
						},
						"3.4167": {
							"post": [-7.79217, 29.024, 64.18258],
							"lerp_mode": "catmullrom"
						},
						"3.5833": {
							"post": [-6.68546, 29.27605, 66.4544],
							"lerp_mode": "catmullrom"
						},
						"4.0833": {
							"post": [-6.10269, 29.39999, 68.35585],
							"lerp_mode": "catmullrom"
						},
						"4.2917": {
							"post": [-5.82218, 29.45193, 68.9268],
							"lerp_mode": "catmullrom"
						},
						"4.5": {
							"post": [8.70864, 26.34218, 53.65008],
							"lerp_mode": "catmullrom"
						},
						"4.625": {
							"post": [14.09586, 23.22629, 18.61251],
							"lerp_mode": "catmullrom"
						},
						"4.7917": {
							"post": [13.82793, 7.03246, 21.51596],
							"lerp_mode": "catmullrom"
						},
						"4.9583": {
							"post": [2.99954, 0.05233, -0.99863],
							"lerp_mode": "catmullrom"
						},
						"5.0833": {
							"post": [0.00608, -0.03218, -2.99947],
							"lerp_mode": "catmullrom"
						},
						"5.2083": {
							"post": [-0.00355, 0.0243, 0.2496],
							"lerp_mode": "catmullrom"
						},
						"5.3333": {
							"post": [0, 0, 0],
							"lerp_mode": "catmullrom"
						}
					},
					"position": {
						"0.0": {
							"post": [0, 0, 0],
							"lerp_mode": "catmullrom"
						},
						"0.0833": {
							"post": [-0.3, -0.4, 0],
							"lerp_mode": "catmullrom"
						},
						"0.1667": {
							"post": [-0.6, -0.8, 0.3],
							"lerp_mode": "catmullrom"
						},
						"0.2917": {
							"post": [-0.9, 0.5, 0.3],
							"lerp_mode": "catmullrom"
						},
						"0.375": {
							"post": [-0.6, 0.9, 0.3],
							"lerp_mode": "catmullrom"
						},
						"0.4583": {
							"post": [-0.1, 0.3, 0],
							"lerp_mode": "catmullrom"
						},
						"0.5833": {
							"post": [0.1, -0.15, 0],
							"lerp_mode": "catmullrom"
						},
						"0.75": {
							"post": [0.1, 0.2, 0],
							"lerp_mode": "catmullrom"
						},
						"0.9167": {
							"post": [0.2, 0.075, 0],
							"lerp_mode": "catmullrom"
						},
						"1.0833": {
							"post": [0.05, -0.07, 0],
							"lerp_mode": "catmullrom"
						},
						"1.25": {
							"post": [-0.15, 0.03, 0.1],
							"lerp_mode": "catmullrom"
						},
						"1.375": {
							"post": [-0.25, 0.03, 0.3],
							"lerp_mode": "catmullrom"
						},
						"1.5": {
							"post": [-0.15, -0.02, 0.3],
							"lerp_mode": "catmullrom"
						},
						"1.625": {
							"post": [-0.05, -0.07, 0.3],
							"lerp_mode": "catmullrom"
						},
						"1.75": {
							"post": [-0.1, -0.07, 0.35],
							"lerp_mode": "catmullrom"
						},
						"2.125": {
							"post": [-0.1, -0.07, 0.45],
							"lerp_mode": "catmullrom"
						},
						"2.375": {
							"post": [-0.175, -0.07, 0.325],
							"lerp_mode": "catmullrom"
						},
						"2.5": {
							"post": [0.22, -1.28, 0.72],
							"lerp_mode": "catmullrom"
						},
						"2.6667": {
							"post": [0.23, -3.57, 0.33],
							"lerp_mode": "catmullrom"
						},
						"2.8333": {
							"post": [1.23, -2.07, 0.33],
							"lerp_mode": "catmullrom"
						},
						"3.0": {
							"post": [1.63, -0.27, 0.33],
							"lerp_mode": "catmullrom"
						},
						"3.1667": {
							"post": [2.33, 0.23, -0.67],
							"lerp_mode": "catmullrom"
						},
						"3.2917": {
							"post": [2.63, -0.07, -0.87],
							"lerp_mode": "catmullrom"
						},
						"3.4167": {
							"post": [2.53, -0.17, -0.87],
							"lerp_mode": "catmullrom"
						},
						"3.5833": {
							"post": [2.43, -0.07, -0.87],
							"lerp_mode": "catmullrom"
						},
						"4.0833": {
							"post": [2.23, -0.27, -0.87],
							"lerp_mode": "catmullrom"
						},
						"4.2917": {
							"post": [2.405, -0.32, -0.87],
							"lerp_mode": "catmullrom"
						},
						"4.5": {
							"post": [2.67, -2.71, -1.73],
							"lerp_mode": "catmullrom"
						},
						"4.625": {
							"post": [1, -3.22, -2.47],
							"lerp_mode": "catmullrom"
						},
						"4.7917": {
							"post": [0.05, -2.64, -1.52],
							"lerp_mode": "catmullrom"
						},
						"4.9583": {
							"post": [-0.1, -0.9, -0.8],
							"lerp_mode": "catmullrom"
						},
						"5.0833": {
							"post": [-0.025, -0.075, -0.05],
							"lerp_mode": "catmullrom"
						},
						"5.2083": {
							"post": [0, 0, 0.125],
							"lerp_mode": "catmullrom"
						},
						"5.3333": {
							"post": [0, 0, 0],
							"lerp_mode": "catmullrom"
						}
					}
				},
				"bolt": {
					"position": {
						"0.0": {
							"post": [0, 0, 0],
							"lerp_mode": "catmullrom"
						}
					}
				}
			}
		},
		"reload": {
			"animation_length": 7.875,
			"bones": {
				"right_arm": {
					"rotation": {
						"0.0": [90, 0, -180],
						"0.9583": [90, 0, -180],
						"5.375": [90, 0, -180],
						"5.6667": [90, 0, -180]
					},
					"position": {
						"0.0": [5.65, -2.2, 7.75],
						"0.9583": [5.65, -2.2, 7.75],
						"5.375": [5.65, -2.2, 7.75],
						"5.6667": [5.65, -2.2, 7.75]
					}
				},
				"left_arm": {
					"rotation": {
						"0.0": [73.95054, -26.20116, -129.71317],
						"0.9583": [73.95054, -26.20116, -129.71317],
						"1.0": [73.95054, -26.20116, -129.71317],
						"1.25": [81.51061, -19.81193, -129.37973],
						"1.5417": {
							"pre": [81.82479, -12.39085, -130.51017],
							"post": [81.82479, -12.39085, -130.51017],
							"lerp_mode": "catmullrom"
						},
						"1.7083": {
							"post": [79.40986, -13.94503, -130.98749],
							"lerp_mode": "catmullrom"
						},
						"1.7917": {
							"post": [78.53218, -26.21629, -128.44624],
							"lerp_mode": "catmullrom"
						},
						"2.0417": {
							"post": [79.2845, -16.40195, -130.50869],
							"lerp_mode": "catmullrom"
						},
						"2.1667": {
							"post": [79.3866, -14.43649, -130.89261],
							"lerp_mode": "catmullrom"
						},
						"2.25": {
							"post": [78.88521, -22.29364, -129.30509],
							"lerp_mode": "catmullrom"
						},
						"2.375": {
							"post": [79.69847, -22.66529, -131.43187],
							"lerp_mode": "catmullrom"
						},
						"2.4583": {
							"post": [78.15721, -29.64419, -127.64605],
							"lerp_mode": "catmullrom"
						},
						"2.5833": {
							"post": [93.84387, -29.46891, -139.14498],
							"lerp_mode": "catmullrom"
						},
						"2.75": {
							"post": [93.88273, -30.46664, -139.22276],
							"lerp_mode": "catmullrom"
						},
						"2.8333": {
							"post": [95.05217, -30.31083, -141.53429],
							"lerp_mode": "catmullrom"
						},
						"3.0": {
							"post": [94.95422, -28.31844, -141.33426],
							"lerp_mode": "catmullrom"
						},
						"3.0833": {
							"post": [95.63316, -30.21771, -142.68706],
							"lerp_mode": "catmullrom"
						},
						"3.1667": {
							"post": [102.957, -20.76281, -149.12955],
							"lerp_mode": "catmullrom"
						},
						"3.3333": {
							"post": [90.19596, -11.07049, -155.40295],
							"lerp_mode": "catmullrom"
						},
						"3.4167": {
							"post": [99.04546, -8.24396, -178.05229],
							"lerp_mode": "catmullrom"
						},
						"3.5417": {
							"post": [111.19814, -7.87324, -197.2334],
							"lerp_mode": "catmullrom"
						},
						"3.8333": {
							"post": [113.19814, -7.87324, -197.2334],
							"lerp_mode": "catmullrom"
						},
						"4.3333": [108.19814, -7.87324, -197.2334],
						"4.4583": {
							"pre": [90.19596, -11.07049, -155.40295],
							"post": [90.19596, -11.07049, -155.40295],
							"lerp_mode": "catmullrom"
						},
						"4.5417": {
							"post": [99.04546, -8.24396, -178.05229],
							"lerp_mode": "catmullrom"
						},
						"4.6667": {
							"post": [111.19814, -7.87324, -197.2334],
							"lerp_mode": "catmullrom"
						},
						"4.9583": {
							"post": [113.19814, -7.87324, -197.2334],
							"lerp_mode": "catmullrom"
						},
						"5.4583": [108.19814, -7.87324, -197.2334],
						"6.25": [73.95054, -26.20116, -129.71317],
						"6.5417": [73.95054, -26.20116, -129.71317]
					},
					"position": {
						"0.0": [-1.95, -5.85, -2.85],
						"0.9583": [-1.95, -5.85, -2.85],
						"1.0": [2.3, -3.35, 4.15],
						"1.25": [2.05, -3.35, -9.85],
						"1.5417": {
							"pre": [-3.2, -2.85, -11.85],
							"post": [-3.2, -2.85, -11.85],
							"lerp_mode": "catmullrom"
						},
						"1.7083": {
							"post": [-3.2, -2.85, -11.85],
							"lerp_mode": "catmullrom"
						},
						"1.7917": {
							"post": [-2.95, -2.85, -12.1],
							"lerp_mode": "catmullrom"
						},
						"1.9167": {
							"post": [-2.95, -2.85, -12],
							"lerp_mode": "catmullrom"
						},
						"2.0417": {
							"post": [-2.95, -2.85, -12.6],
							"lerp_mode": "catmullrom"
						},
						"2.1667": {
							"post": [-2.95, -2.85, -12.4],
							"lerp_mode": "catmullrom"
						},
						"2.25": {
							"post": [-3.05, -2.85, -12.4],
							"lerp_mode": "catmullrom"
						},
						"2.375": {
							"post": [-2.85, -2.85, -12.4],
							"lerp_mode": "catmullrom"
						},
						"2.4583": {
							"post": [-1.35, -4.15, -12.3],
							"lerp_mode": "catmullrom"
						},
						"2.5833": {
							"post": [-3.35, -6.15, -11.3],
							"lerp_mode": "catmullrom"
						},
						"2.75": {
							"post": [-4.35, -7.15, -9.3],
							"lerp_mode": "catmullrom"
						},
						"2.8333": {
							"post": [-4.35, -7.15, -9.5],
							"lerp_mode": "catmullrom"
						},
						"2.9167": {
							"post": [-4.35, -7.15, -12.5],
							"lerp_mode": "catmullrom"
						},
						"3.0": {
							"post": [-4.35, -7.15, -13],
							"lerp_mode": "catmullrom"
						},
						"3.0833": {
							"post": [-4.35, -7.15, -10.5],
							"lerp_mode": "catmullrom"
						},
						"3.1667": {
							"post": [-4.35, -7.15, -12.5],
							"lerp_mode": "catmullrom"
						},
						"3.3333": {
							"post": [-3.35, -8.65, -15.75],
							"lerp_mode": "catmullrom"
						},
						"3.4167": {
							"post": [-3.35, -8.4, -15.55],
							"lerp_mode": "catmullrom"
						},
						"3.6667": {
							"post": [-4.85, -6.15, -15.55],
							"lerp_mode": "catmullrom"
						},
						"3.75": {
							"post": [-4.85, -4.4, -12.55],
							"lerp_mode": "catmullrom"
						},
						"3.8333": {
							"post": [-4.85, -4.47, -12.52],
							"lerp_mode": "catmullrom"
						},
						"3.9583": {
							"post": [-4.85, -4.4, -13.05],
							"lerp_mode": "catmullrom"
						},
						"4.0833": [-4.1, -5.1, -15],
						"4.2083": [-4.1, -5.1, -17],
						"4.3333": [-4.1, -6.85, -17.6],
						"4.4583": {
							"pre": [-3.35, -8.65, -15.75],
							"post": [-3.35, -8.65, -15.75],
							"lerp_mode": "catmullrom"
						},
						"4.5417": {
							"post": [-3.35, -8.4, -15.55],
							"lerp_mode": "catmullrom"
						},
						"4.7083": {
							"post": [-6.41, -6.94, -15.76],
							"lerp_mode": "catmullrom"
						},
						"4.7917": {
							"post": [-6.85, -6.15, -15.55],
							"lerp_mode": "catmullrom"
						},
						"4.875": {
							"post": [-6.85, -4.4, -12.55],
							"lerp_mode": "catmullrom"
						},
						"4.9583": {
							"post": [-6.85, -4.47, -12.52],
							"lerp_mode": "catmullrom"
						},
						"5.0833": {
							"post": [-6.85, -4.4, -13.05],
							"lerp_mode": "catmullrom"
						},
						"5.2083": [-6.1, -5.1, -15],
						"5.3333": [-6.1, -5.1, -17],
						"5.4583": [-4.1, -6.85, -17.6],
						"5.75": [-4.1, -7.85, -17.1],
						"5.875": [-4.1, -6.85, -12.6],
						"5.9583": [-4.1, -6.85, -12.2],
						"6.0417": [-4.1, -5.85, -8.1],
						"6.25": [-1.95, -5.85, -2.85],
						"6.5417": [-1.95, -5.85, -2.85]
					}
				},
				"gun_body": {
					"rotation": {
						"0.0": {
							"post": [0, 0, 0],
							"lerp_mode": "catmullrom"
						},
						"0.0833": {
							"post": [3, 0, -5],
							"lerp_mode": "catmullrom"
						},
						"0.25": {
							"post": [-6.85362, 4.98857, 7.22144],
							"lerp_mode": "catmullrom"
						},
						"0.4167": {
							"post": [-66.85362, 4.98857, 7.22144],
							"lerp_mode": "catmullrom"
						},
						"0.5417": {
							"post": [-66.59804, 8.26854, 9.73665],
							"lerp_mode": "catmullrom"
						},
						"0.75": {
							"post": [-66.85477, 7.09193, 10.30035],
							"lerp_mode": "catmullrom"
						},
						"1.2083": {
							"post": [-67.62821, 2.92809, 9.84953],
							"lerp_mode": "catmullrom"
						},
						"1.375": {
							"post": [-67.71347, 3.30779, 8.92371],
							"lerp_mode": "catmullrom"
						},
						"1.5417": {
							"post": [-67.2789, 5.48959, 10.83186],
							"lerp_mode": "catmullrom"
						},
						"1.7917": {
							"post": [-66.87254, 3.73497, 10.81502],
							"lerp_mode": "catmullrom"
						},
						"1.9167": {
							"post": [-67.31076, 4.50565, 11.24724],
							"lerp_mode": "catmullrom"
						},
						"2.0417": {
							"post": [-67.3738, 1.73709, 10.08996],
							"lerp_mode": "catmullrom"
						},
						"2.25": {
							"post": [-67.33802, 3.58295, 10.86077],
							"lerp_mode": "catmullrom"
						},
						"2.3333": {
							"post": [-67.35902, 2.66008, 10.47507],
							"lerp_mode": "catmullrom"
						},
						"2.4167": {
							"post": [-67.33802, 3.58295, 10.86077],
							"lerp_mode": "catmullrom"
						},
						"2.5833": {
							"post": [-67.31076, 4.50565, 11.24724],
							"lerp_mode": "catmullrom"
						},
						"2.7917": {
							"post": [-67.35902, 2.66008, 10.47507],
							"lerp_mode": "catmullrom"
						},
						"2.9583": {
							"post": [-67.40489, 2.12157, 9.1663],
							"lerp_mode": "catmullrom"
						},
						"3.125": {
							"post": [-67.38755, 3.04475, 9.55104],
							"lerp_mode": "catmullrom"
						},
						"3.25": {
							"post": [-67.36729, -0.10893, 9.31989],
							"lerp_mode": "catmullrom"
						},
						"3.4167": {
							"post": [-67.28605, -0.02406, 11.31635],
							"lerp_mode": "catmullrom"
						},
						"3.5": {
							"post": [-67.28121, -1.48285, 9.62159],
							"lerp_mode": "catmullrom"
						},
						"3.6667": {
							"post": [-67.27144, 2.20689, 11.1665],
							"lerp_mode": "catmullrom"
						},
						"3.7917": {
							"post": [-67.23769, -1.48197, 16.01056],
							"lerp_mode": "catmullrom"
						},
						"3.9167": {
							"post": [-67.19492, 1.59718, 15.13505],
							"lerp_mode": "catmullrom"
						},
						"4.0417": {
							"post": [-67.13056, 0.69659, 15.56623],
							"lerp_mode": "catmullrom"
						},
						"4.2083": {
							"post": [-67.10579, 2.15048, 17.26557],
							"lerp_mode": "catmullrom"
						},
						"4.375": {
							"post": [-67.15761, 1.61768, 15.95489],
							"lerp_mode": "catmullrom"
						},
						"4.625": {
							"post": [-67.28605, -0.02406, 11.31635],
							"lerp_mode": "catmullrom"
						},
						"4.7083": {
							"post": [-67.28121, -1.48285, 9.62159],
							"lerp_mode": "catmullrom"
						},
						"4.875": {
							"post": [-67.27144, 2.20689, 11.1665],
							"lerp_mode": "catmullrom"
						},
						"5.0": {
							"post": [-67.23769, -1.48197, 16.01056],
							"lerp_mode": "catmullrom"
						},
						"5.125": {
							"post": [-67.19492, 1.59718, 15.13505],
							"lerp_mode": "catmullrom"
						},
						"5.25": {
							"post": [-67.13056, 0.69659, 15.56623],
							"lerp_mode": "catmullrom"
						},
						"5.4167": {
							"post": [-67.10579, 2.15048, 17.26557],
							"lerp_mode": "catmullrom"
						},
						"5.5417": {
							"post": [-65.20649, -3.04076, 21.58694],
							"lerp_mode": "catmullrom"
						},
						"5.7083": {
							"post": [-65.73545, -9.50798, 28.56811],
							"lerp_mode": "catmullrom"
						},
						"5.9167": {
							"post": [-66.49747, -12.2405, 27.30705],
							"lerp_mode": "catmullrom"
						},
						"6.0": {
							"post": [-66.06, -13.86, 24.88],
							"lerp_mode": "catmullrom"
						},
						"6.0833": {
							"post": [-66.06, -13.86, 24.88],
							"lerp_mode": "catmullrom"
						},
						"6.1667": {
							"post": [-64.82732, -17.01984, 19.41496],
							"lerp_mode": "catmullrom"
						},
						"6.25": {
							"post": [-63.22138, -17.07631, 13.56943],
							"lerp_mode": "catmullrom"
						},
						"6.375": {
							"post": [-60.35052, -19.08995, 17.20551],
							"lerp_mode": "catmullrom"
						},
						"6.6667": [0.01417, 1.0653, 0.99802],
						"6.7917": [0.01417, 0.0653, 0.99777],
						"6.875": {
							"pre": [0, 0, 0],
							"post": [0, 0, 0],
							"lerp_mode": "catmullrom"
						}
					},
					"position": {
						"0.0": {
							"post": [0, 0, 0],
							"lerp_mode": "catmullrom"
						},
						"0.0833": {
							"post": [-0.3, -0.4, 0.1],
							"lerp_mode": "catmullrom"
						},
						"0.25": {
							"post": [-1.2, -2.2, 0.7],
							"lerp_mode": "catmullrom"
						},
						"0.4167": {
							"post": [-1.7, -7.1, 0.2],
							"lerp_mode": "catmullrom"
						},
						"0.5417": {
							"post": [-1.6, -8, 0.2],
							"lerp_mode": "catmullrom"
						},
						"0.6667": {
							"post": [-1.87, -7.73, 0.2],
							"lerp_mode": "catmullrom"
						},
						"0.9167": {
							"post": [-1.96, -7.95, 0.2],
							"lerp_mode": "catmullrom"
						},
						"1.2083": {
							"post": [-2, -7.8, 0.2],
							"lerp_mode": "catmullrom"
						},
						"1.375": {
							"post": [-2.3, -7.73, 0.2],
							"lerp_mode": "catmullrom"
						},
						"1.5417": {
							"post": [-2.38, -7.69, 0.2],
							"lerp_mode": "catmullrom"
						},
						"1.6667": {
							"post": [-1.9, -7.9, 0.2],
							"lerp_mode": "catmullrom"
						},
						"1.7917": {
							"post": [-1.8, -7.7, 0.2],
							"lerp_mode": "catmullrom"
						},
						"2.0417": {
							"post": [-1.8, -7.6, 0.2],
							"lerp_mode": "catmullrom"
						},
						"2.25": {
							"post": [-1.8, -7.8, 0.2],
							"lerp_mode": "catmullrom"
						},
						"2.3333": {
							"post": [-1.8, -7.6, 0.2],
							"lerp_mode": "catmullrom"
						},
						"2.5833": {
							"post": [-1.8, -7.8, 0.1],
							"lerp_mode": "catmullrom"
						},
						"2.7917": {
							"post": [-1.8, -7.7, 0.1],
							"lerp_mode": "catmullrom"
						},
						"2.9583": {
							"post": [-1.8, -7.4, 0.1],
							"lerp_mode": "catmullrom"
						},
						"3.125": {
							"post": [-1.8, -7.7, 0.1],
							"lerp_mode": "catmullrom"
						},
						"3.25": {
							"post": [-1.8, -7.5, 0.1],
							"lerp_mode": "catmullrom"
						},
						"3.4167": {
							"post": [-1.8, -8.25, 0.1],
							"lerp_mode": "catmullrom"
						},
						"3.6667": {
							"post": [-1.55, -8.75, 0.1],
							"lerp_mode": "catmullrom"
						},
						"3.7917": {
							"post": [-2.3, -8.75, 0.1],
							"lerp_mode": "catmullrom"
						},
						"3.9167": {
							"post": [-2.1, -8.75, 0.1],
							"lerp_mode": "catmullrom"
						},
						"4.0417": {
							"post": [-2.2, -8.75, 0.1],
							"lerp_mode": "catmullrom"
						},
						"4.2083": {
							"post": [-2.2, -8.95, 0.1],
							"lerp_mode": "catmullrom"
						},
						"4.375": {
							"post": [-2.2, -8.85, 0.1],
							"lerp_mode": "catmullrom"
						},
						"4.625": {
							"post": [-1.8, -8.25, 0.1],
							"lerp_mode": "catmullrom"
						},
						"4.875": {
							"post": [-1.55, -8.75, 0.1],
							"lerp_mode": "catmullrom"
						},
						"5.0": {
							"post": [-2.3, -8.75, 0.1],
							"lerp_mode": "catmullrom"
						},
						"5.125": {
							"post": [-2.1, -8.75, 0.1],
							"lerp_mode": "catmullrom"
						},
						"5.25": {
							"post": [-2.2, -8.75, 0.1],
							"lerp_mode": "catmullrom"
						},
						"5.4167": {
							"post": [-2.2, -8.95, 0.1],
							"lerp_mode": "catmullrom"
						},
						"5.5417": {
							"post": [-2.2, -9.85, 0.1],
							"lerp_mode": "catmullrom"
						},
						"5.7083": {
							"post": [-3.2, -9.85, 0.1],
							"lerp_mode": "catmullrom"
						},
						"5.9167": {
							"post": [-3.1, -10.05, 0.1],
							"lerp_mode": "catmullrom"
						},
						"6.0": {
							"post": [-3.09, -9.47, 0.1],
							"lerp_mode": "catmullrom"
						},
						"6.0833": {
							"post": [-3.09, -9.47, 0.1],
							"lerp_mode": "catmullrom"
						},
						"6.1667": {
							"post": [-3.1, -8.05, 0.1],
							"lerp_mode": "catmullrom"
						},
						"6.25": {
							"post": [-2.85, -7.75, 0.1],
							"lerp_mode": "catmullrom"
						},
						"6.375": {
							"post": [-2.85, -8.95, -1.4],
							"lerp_mode": "catmullrom"
						},
						"6.5": {
							"post": [-1.63, -6.05, -1.57],
							"lerp_mode": "catmullrom"
						},
						"6.6667": [0.1, -0.2, -0.3],
						"6.7917": [0, 0, 0],
						"6.875": {
							"pre": [0, 0, 0],
							"post": [0, 0, 0],
							"lerp_mode": "catmullrom"
						}
					}
				},
				"ram": {
					"rotation": {
						"0.0": [0, 0, 0],
						"3.1667": [0, 0, 0],
						"3.3333": [50, 0, 0],
						"3.4167": [70, 0, 0],
						"3.5417": [61, 0, 0],
						"3.6667": [20, 0, 0],
						"3.75": [0, 0, 0],
						"4.0833": [10, 0, 0],
						"4.2083": [15, 0, 0],
						"4.4583": [50, 0, 0],
						"4.5417": [70, 0, 0],
						"4.6667": [61, 0, 0],
						"4.7917": [20, 0, 0],
						"4.875": [0, 0, 0],
						"5.2083": [10, 0, 0],
						"5.3333": [15, 0, 0],
						"5.875": [3, 0, 0],
						"5.9583": [1, 0, 0],
						"6.0417": [0, 0, 0]
					},
					"position": {
						"0.0": [0, 0, 0],
						"2.75": [0, 0, 0],
						"2.8333": [0, 0, -0.2],
						"2.9167": [0, 0, -3.2],
						"3.0833": [0, 0, -3.2],
						"3.1667": [0, 0, -5.2],
						"3.3333": [0, -6.5, -9.95],
						"3.4167": [0.5, -6.5, -7.95],
						"3.5417": [1, -6, -8.7],
						"3.6667": [1, -0.25, -8.2],
						"3.75": [1, 2, -4.2],
						"3.8333": [1, 2, -4.3],
						"3.9583": [1, 2, -4.7],
						"4.0833": [1, 1, -7.4],
						"4.2083": [1, 0.75, -9.4],
						"4.3333": [0, -1.25, -10.4],
						"4.4583": [0, -6.5, -9.95],
						"4.5417": [0.5, -6.5, -7.95],
						"4.6667": [1, -6, -8.7],
						"4.7083": [-1, -4.08, -8.53],
						"4.7917": [-1, -0.25, -8.2],
						"4.875": [-1, 2, -4.2],
						"4.9583": [-1, 2, -4.3],
						"5.0833": [-1, 2, -4.7],
						"5.2083": [-1, 1, -7.4],
						"5.3333": [-1, 0.75, -9.4],
						"5.4583": [0, -1.25, -10.4],
						"5.75": [0, -2.25, -9.9],
						"5.875": [0, -1.13, -4.95],
						"5.9583": [0, -1.13, -4.55],
						"6.0417": [0, 0, 0]
					}
				},
				"ball": {
					"position": {
						"0.9583": [0, 0, 0],
						"1.0": [5, 0, 9],
						"1.25": [5, 0, -5],
						"1.5417": [0, 0, -6],
						"1.625": [-0.05, 0, -5.84],
						"1.7083": [0, 0, -4.75],
						"1.7917": [0, 0, -4.25],
						"1.9167": [0, 0, -4.15],
						"2.0417": [0, 0, -4.15],
						"2.1667": [0, 0, -3.9],
						"2.2917": [0, 0, -3.43],
						"3.5417": [0, 0, -3.43],
						"3.6667": [0, 0, -1.4]
					}
				},
				"ball2": {
					"position": {
						"0.9583": [0, 0, 0],
						"1.0": [5, 0, 9],
						"1.25": [5, 0, -5],
						"1.5417": [0, 0, -6],
						"1.625": [-0.05, 0, -5.84],
						"1.7083": [0, 0, -4.75],
						"1.7917": [0, 0, -4.25],
						"1.9167": [0, 0, -4.15],
						"2.0417": [0, 0, -4.15],
						"2.1667": [0, 0, -3.9],
						"2.3333": [0, 0, -3.42],
						"4.6667": [0, 0, -3.42],
						"4.7917": [0, 0, -1.4]
					}
				}
			},
			"sound_effects": {
				"0.0": {
					"effect": "bolt_release"
				},
				"0.7083": {
					"effect": "gun_rustle"
				},
				"1.5417": {
					"effect": "slap"
				},
				"1.9583": {
					"effect": "bolt_pull"
				},
				"3.0833": {
					"effect": "jam"
				}
			},
			"particle_effects": {
				"4.5417": {
					"effect": "loaded"
				}
			}
		}
	}
}