{
	"format_version": "1.8.0",
	"animations": {
		"draw": {
			"animation_length": 1.0833,
			"bones": {
				"right_arm": {
					"rotation": [93.71914, 31.2528, -187.25188],
					"position": [2.07498, -2.57461, 6.29652]
				},
				"left_arm": {
					"rotation": [107.88091, -26.01067, -181.36893],
					"position": [0.55101, -2.36253, -0.80646]
				},
				"gun_body": {
					"rotation": {
						"0.0": {
							"post": [11.9643, -5.28148, 2.69652],
							"lerp_mode": "catmullrom"
						},
						"0.3333": {
							"post": [0, 0, -2.5],
							"lerp_mode": "catmullrom"
						},
						"0.5417": {
							"post": [0, 0, -2.5],
							"lerp_mode": "catmullrom"
						},
						"0.6667": {
							"post": [0.57395, 0.04236, 0.81801],
							"lerp_mode": "catmullrom"
						},
						"0.7917": {
							"post": [0, 0, 0],
							"lerp_mode": "catmullrom"
						}
					},
					"position": {
						"0.0": {
							"post": [0, -1, 0],
							"lerp_mode": "catmullrom"
						},
						"0.3333": {
							"post": [-0.4, 0.3, 1.5],
							"lerp_mode": "catmullrom"
						},
						"0.5417": {
							"post": [0, -0.1, 0.2],
							"lerp_mode": "catmullrom"
						},
						"0.6667": {
							"post": [0, 0, 0],
							"lerp_mode": "catmullrom"
						},
						"0.7917": {
							"post": [0, 0, 0],
							"lerp_mode": "catmullrom"
						}
					}
				},
				"bolt": {
					"position": [0, 0, 0]
				}
			}
		},
		"shoot": {
			"loop": true,
			"animation_length": 1.1667,
			"bones": {
				"right_arm": {
					"rotation": [93.71914, 31.2528, -187.25188],
					"position": [2.07498, -2.57461, 6.29652]
				},
				"left_arm": {
					"rotation": [107.88091, -26.01067, -181.36893],
					"position": [0.55101, -2.36253, -0.80646]
				},
				"gun_body": {
					"rotation": {
						"0.0": {
							"post": [-7.4552, -0.76022, -7.45999],
							"lerp_mode": "catmullrom"
						},
						"0.25": {
							"post": [-2.49762, -0.10901, -4.99762],
							"lerp_mode": "catmullrom"
						},
						"0.4167": {
							"post": [0.00174, -0.03996, -1.63],
							"lerp_mode": "catmullrom"
						},
						"0.5833": {
							"post": [0, 0, 0],
							"lerp_mode": "catmullrom"
						}
					},
					"position": {
						"0.0": {
							"post": [0, 0, 0],
							"lerp_mode": "catmullrom"
						},
						"0.25": {
							"post": [0, 0, 0],
							"lerp_mode": "catmullrom"
						},
						"0.4167": {
							"post": [-0.1, -0.1, 0],
							"lerp_mode": "catmullrom"
						},
						"0.5833": {
							"post": [0, 0, 0],
							"lerp_mode": "catmullrom"
						}
					}
				},
				"barrel": {
					"position": {
						"0.0": {
							"post": [0, 0, 2.9],
							"lerp_mode": "catmullrom"
						},
						"0.1667": {
							"post": [0, 0, 0],
							"lerp_mode": "catmullrom"
						},
						"0.3333": {
							"post": [0, 0, 0],
							"lerp_mode": "catmullrom"
						}
					}
				},
				"bolt": {
					"position": [0, 0, 0]
				}
			}
		},
		"aim_shoot": {
			"loop": true,
			"animation_length": 1.1667,
			"bones": {
				"right_arm": {
					"rotation": [93.71914, 31.2528, -187.25188],
					"position": [2.07498, -2.57461, 6.29652]
				},
				"left_arm": {
					"rotation": [107.88091, -26.01067, -181.36893],
					"position": [0.55101, -2.36253, -0.80646]
				},
				"gun_body": {
					"rotation": {
						"0.0": {
							"post": [-3, 0, -1.5],
							"lerp_mode": "catmullrom"
						},
						"0.0833": {
							"post": [0.16667, 0, -1.83333],
							"lerp_mode": "catmullrom"
						},
						"0.25": {
							"post": [0, 0, -2.5],
							"lerp_mode": "catmullrom"
						},
						"0.4167": {
							"post": [0, 0, -1.5],
							"lerp_mode": "catmullrom"
						},
						"0.5833": {
							"post": [0, 0, 0],
							"lerp_mode": "catmullrom"
						}
					},
					"position": {
						"0.0": {
							"post": [0, -0.1, 0.8],
							"lerp_mode": "catmullrom"
						},
						"0.25": {
							"post": [0, -0.1, 0.2],
							"lerp_mode": "catmullrom"
						},
						"0.4167": {
							"post": [0, -0.1, 0.2],
							"lerp_mode": "catmullrom"
						},
						"0.5833": {
							"post": [0, 0, 0],
							"lerp_mode": "catmullrom"
						}
					}
				},
				"barrel": {
					"position": {
						"0.0": {
							"post": [0, 0, 2.9],
							"lerp_mode": "catmullrom"
						},
						"0.1667": {
							"post": [0, 0, 0],
							"lerp_mode": "catmullrom"
						},
						"0.3333": {
							"post": [0, 0, 0],
							"lerp_mode": "catmullrom"
						}
					}
				},
				"bolt": {
					"position": [0, 0, 0]
				}
			}
		},
		"reload": {
			"animation_length": 4.1667,
			"bones": {
				"gun_body": {
					"rotation": {
						"0.0": {
							"post": [0, 0, 0],
							"lerp_mode": "catmullrom"
						},
						"0.3333": {
							"post": [-16.18891, -2.18799, -8.51402],
							"lerp_mode": "catmullrom"
						},
						"0.5833": {
							"post": [-13.18891, -2.18799, -8.51402],
							"lerp_mode": "catmullrom"
						},
						"0.6667": {
							"post": [-16.18891, -2.18799, -8.51402],
							"lerp_mode": "catmullrom"
						},
						"0.75": {
							"post": [-13.18891, -2.18799, -8.51402],
							"lerp_mode": "catmullrom"
						},
						"0.9167": {
							"post": [-2.49859, -2.40307, -13.26296],
							"lerp_mode": "catmullrom"
						},
						"1.0833": {
							"post": [3.35971, -2.5976, -10.0157],
							"lerp_mode": "catmullrom"
						},
						"1.1667": {
							"post": [3.27, -2.71, -8.02],
							"lerp_mode": "catmullrom"
						},
						"1.5": {
							"post": [0.04407, -2.75546, -19.02939],
							"lerp_mode": "catmullrom"
						},
						"1.75": {
							"post": [3.29407, -2.75546, -19.02939],
							"lerp_mode": "catmullrom"
						},
						"1.9167": {
							"post": [0.79407, -2.75546, -19.02939],
							"lerp_mode": "catmullrom"
						},
						"2.0": {
							"post": [-3.70593, -2.75546, -19.02939],
							"lerp_mode": "catmullrom"
						},
						"2.0833": {
							"post": [-7.06875, -2.4502, -16.54553],
							"lerp_mode": "catmullrom"
						},
						"2.25": {
							"post": [-3.74163, -2.70675, -18.28012],
							"lerp_mode": "catmullrom"
						},
						"2.9167": {
							"post": [-1.01476, -2.07176, -2.49764],
							"lerp_mode": "catmullrom"
						},
						"3.5833": {
							"post": [-0.70687, -2.19592, -10.75244],
							"lerp_mode": "catmullrom"
						},
						"3.75": {
							"post": [0, 0, -6.75],
							"lerp_mode": "catmullrom"
						},
						"3.9167": {
							"post": [0, 0, 0],
							"lerp_mode": "catmullrom"
						},
						"4.0": {
							"post": [-0.03537, -0.27487, -0.96075],
							"lerp_mode": "catmullrom"
						},
						"4.1667": {
							"post": [0, 0, 0],
							"lerp_mode": "catmullrom"
						}
					},
					"position": {
						"0.0": {
							"post": [0, 0, 0],
							"lerp_mode": "catmullrom"
						},
						"0.1667": {
							"post": [-1.08637, 2.63593, 4.79367],
							"lerp_mode": "catmullrom"
						},
						"0.3333": {
							"post": [-0.9831, 2.47627, 4.59498],
							"lerp_mode": "catmullrom"
						},
						"0.5833": {
							"post": [-0.8387, 1.09052, 4.3791],
							"lerp_mode": "catmullrom"
						},
						"0.6667": {
							"post": [-0.86954, 1.22341, 4.62765],
							"lerp_mode": "catmullrom"
						},
						"0.75": {
							"post": [-0.8387, 1.09052, 4.3791],
							"lerp_mode": "catmullrom"
						},
						"0.9167": {
							"post": [-0.70531, 0.20114, 4.33781],
							"lerp_mode": "catmullrom"
						},
						"1.0833": {
							"post": [-0.37591, -1.23384, 4.43],
							"lerp_mode": "catmullrom"
						},
						"1.1667": {
							"post": [-0.38, -1.23, 4.43],
							"lerp_mode": "catmullrom"
						},
						"1.3333": {
							"post": [-0.4878, -0.44174, 4.43674],
							"lerp_mode": "catmullrom"
						},
						"1.5833": {
							"post": [-0.31884, -0.93632, 4.4404],
							"lerp_mode": "catmullrom"
						},
						"1.8333": {
							"post": [-0.31884, -1.18632, 4.4404],
							"lerp_mode": "catmullrom"
						},
						"2.0": {
							"post": [-0.68491, -0.86017, 4.4626],
							"lerp_mode": "catmullrom"
						},
						"2.0833": {
							"post": [-0.69272, -0.37272, 4.62554],
							"lerp_mode": "catmullrom"
						},
						"2.25": {
							"post": [-0.43491, -0.61017, 4.4626],
							"lerp_mode": "catmullrom"
						},
						"2.5": {
							"post": [-0.41, -0.37, 4.09],
							"lerp_mode": "catmullrom"
						},
						"2.9167": {
							"post": [-0.40973, 0.11749, 2.84893],
							"lerp_mode": "catmullrom"
						},
						"3.3333": {
							"post": [-0.43, -0.08, 2.96],
							"lerp_mode": "catmullrom"
						},
						"3.5833": {
							"post": [-0.41857, -0.13733, 1.34873],
							"lerp_mode": "catmullrom"
						},
						"3.75": {
							"post": [0, -0.25, -0.25],
							"lerp_mode": "catmullrom"
						},
						"3.9167": {
							"post": [0, -0.25, 0],
							"lerp_mode": "catmullrom"
						},
						"4.0": {
							"post": [0, 0, 0.2],
							"lerp_mode": "catmullrom"
						},
						"4.1667": {
							"post": [0, 0, 0],
							"lerp_mode": "catmullrom"
						}
					}
				},
				"right_arm": {
					"rotation": {
						"0.0": [93.71914, 31.2528, -187.25188],
						"3.0": [93.71914, 31.2528, -187.25188],
						"3.1667": [114.7829, 5.66095, -159.71659],
						"3.5": [122.2829, 5.66095, -159.71659],
						"3.8333": [102.2829, 5.66095, -159.71659],
						"4.0": [93.71914, 31.2528, -187.25188]
					},
					"position": {
						"0.0": [2.07498, -2.57461, 6.29652],
						"3.0": [2.07498, -2.57461, 6.29652],
						"3.1667": [2.07, -4.57, 6.3],
						"3.5": [2.07, -2.57, 3.3],
						"3.5833": [2.07, -2.57, 6.3],
						"3.75": [2.07, -2.57, 6.3],
						"3.8333": [2.07, -4.57, 6.3],
						"4.0": [2.07498, -2.57461, 6.29652]
					}
				},
				"left_arm": {
					"rotation": {
						"0.0": [107.88091, -26.01067, -181.36893],
						"0.1667": [107.88091, -26.01067, -181.36893],
						"0.4167": [94.47113, -34.60073, -179.44629],
						"0.5833": [78.88086, -24.80695, -181.77794],
						"1.0833": [77.72, -34.6, -179.45],
						"1.25": [77.72, -34.6, -179.45],
						"2.1667": [77.72, -34.6, -179.45],
						"2.3333": [61.47, -34.6, -179.45],
						"2.4167": [68.22, -34.6, -179.45],
						"2.5": [79.45829, -13.25647, -179.87108],
						"2.6667": [107.88091, -26.01067, -181.36893]
					},
					"position": {
						"0.0": [0.55101, -2.36253, -0.80646],
						"0.1667": [0.55101, -2.36253, -0.80646],
						"0.4167": [3.08823, -3.37235, -0.18944],
						"0.5833": [2.73891, -7.63764, 3.19704],
						"1.0833": [2.92964, -7.1022, 2.83797],
						"1.25": [2.92964, -7.1022, 2.83797],
						"2.1667": [2.92964, -7.1022, 2.83797],
						"2.3333": [2.91262, -8.2695, 2.83006],
						"2.4167": [2.91262, -8.2695, 2.83006],
						"2.5": [1.76792, -10.39589, 2.38102],
						"2.6667": [0.55101, -2.36253, -0.80646]
					}
				},
				"magazine": {
					"rotation": {
						"0.5833": {
							"pre": [0, 0, 0],
							"post": [0, 0, 0],
							"lerp_mode": "catmullrom"
						},
						"0.6667": {
							"post": [0, 0, 0],
							"lerp_mode": "catmullrom"
						},
						"0.75": {
							"post": [5.5, 0, 0],
							"lerp_mode": "catmullrom"
						},
						"0.9167": {
							"post": [25.70876, 5.49327, -11.24556],
							"lerp_mode": "catmullrom"
						},
						"1.0833": {
							"post": [42.20876, 5.49327, -11.24556],
							"lerp_mode": "catmullrom"
						},
						"1.25": {
							"post": [42.20876, 5.49327, -11.24556],
							"lerp_mode": "catmullrom"
						},
						"1.4167": {
							"post": [42.20876, 5.49327, -11.24556],
							"lerp_mode": "catmullrom"
						},
						"1.5833": {
							"post": [17.04124, -1.31825, 11.2741],
							"lerp_mode": "catmullrom"
						},
						"1.6667": {
							"post": [10.57587, 4.2227, -6.913],
							"lerp_mode": "catmullrom"
						},
						"1.75": {
							"post": [15.20876, 5.49327, -11.24556],
							"lerp_mode": "catmullrom"
						},
						"1.9167": {
							"post": [5.5, 0, 0],
							"lerp_mode": "catmullrom"
						},
						"2.0833": {
							"post": [0, 0, 0],
							"lerp_mode": "catmullrom"
						},
						"3.9167": {
							"post": [0, 0, 0],
							"lerp_mode": "catmullrom"
						}
					},
					"position": {
						"0.5833": {
							"pre": [0, 0, 0],
							"post": [0, 0, 0],
							"lerp_mode": "catmullrom"
						},
						"0.6667": {
							"post": [0, 0, 0],
							"lerp_mode": "catmullrom"
						},
						"0.75": {
							"post": [0, -1.225, 0],
							"lerp_mode": "catmullrom"
						},
						"0.9167": {
							"post": [1.19596, -6.53944, 1.37031],
							"lerp_mode": "catmullrom"
						},
						"1.0833": {
							"post": [6.49602, -12.85172, 13.33355],
							"lerp_mode": "catmullrom"
						},
						"1.25": {
							"post": [6.49602, -12.85172, 13.33355],
							"lerp_mode": "catmullrom"
						},
						"1.4167": {
							"post": [6.49602, -12.85172, 13.33355],
							"lerp_mode": "catmullrom"
						},
						"1.5833": {
							"post": [5.39412, -8.12951, 4.33433],
							"lerp_mode": "catmullrom"
						},
						"1.75": {
							"post": [1.19596, -6.53944, 1.37031],
							"lerp_mode": "catmullrom"
						},
						"1.9167": {
							"post": [0, -1.225, 0],
							"lerp_mode": "catmullrom"
						},
						"2.0833": {
							"post": [0, 0, 0],
							"lerp_mode": "catmullrom"
						},
						"3.9167": {
							"post": [0, 0, 0],
							"lerp_mode": "catmullrom"
						}
					}
				},
				"barrel": {
					"rotation": {
						"0.0": [0, 0, 0],
						"0.1667": {
							"pre": [0, 0, 0],
							"post": [0, 0, 0],
							"lerp_mode": "catmullrom"
						},
						"3.5": {
							"post": [0, 0, 0],
							"lerp_mode": "catmullrom"
						},
						"3.6667": {
							"post": [0, 0, 0],
							"lerp_mode": "catmullrom"
						},
						"3.9167": [0, 0, 0]
					},
					"position": {
						"0.0": [0, 0, 0],
						"0.1667": {
							"pre": [0, 0, 1.25],
							"post": [0, 0, 1.25],
							"lerp_mode": "catmullrom"
						},
						"3.5": {
							"post": [0, 0, 1.25],
							"lerp_mode": "catmullrom"
						},
						"3.6667": {
							"post": [0, 0, 0],
							"lerp_mode": "catmullrom"
						},
						"3.9167": [0, 0, 0]
					}
				},
				"grip": {
					"rotation": {
						"3.5": [0, 0, 0],
						"3.5833": [36, 0, 0],
						"3.6667": [41, 0, 0],
						"3.75": [36, 0, 0],
						"3.8333": [0, 0, 0],
						"3.9167": [0, 0, 0]
					},
					"position": {
						"0.0": {
							"post": [0, 0, 0],
							"lerp_mode": "catmullrom"
						},
						"3.5": [0, 0, 0],
						"3.6667": [-0.25, 0, 0],
						"3.8333": [0, 0, 0],
						"3.9167": [0, 0, 0]
					}
				},
				"gun_body2": {
					"rotation": {
						"0.0": [0, 0, 0],
						"0.25": [-5, 0, 0],
						"3.4167": [-5, 0, 0],
						"3.9167": [0, 0, 0]
					},
					"position": {
						"0.0": [0, 0, 0],
						"0.25": [0, 0, -3],
						"3.4167": [0, 0, -3],
						"3.9167": [0, 0, 0]
					}
				},
				"bolt": {
					"position": {
						"0.0": [0, 0, 0],
						"3.5": [0, 0, 0],
						"3.5833": [0, 0, 3],
						"3.75": [0, 0, 3],
						"3.8333": [0, 0, 0]
					}
				}
			},
			"sound_effects": {
				"0.6667": {
					"effect": "reload_mag_out"
				},
				"1.1667": {
					"effect": "gun_rustle"
				},
				"1.8333": {
					"effect": "reload_mag_in"
				},
				"3.5": {
					"effect": "bolt"
				}
			},
			"particle_effects": {
				"3.75": {
					"effect": "loaded"
				}
			}
		},
		"idle": {
			"loop": true,
			"bones": {
				"right_arm": {
					"rotation": [93.71914, 31.2528, -187.25188],
					"position": [1.07498, -0.57461, 9.29652]
				},
				"left_arm": {
					"rotation": [107.88091, -26.01067, -181.36893],
					"position": [0.55101, -2.36253, -0.80646]
				},
				"gun_body": {
					"rotation": [0, 0, 0],
					"position": [0, 0, 0]
				},
				"barrel": {
					"rotation": [0, 0, 0],
					"position": [0, 0, 0]
				}
			}
		},
		"inspect": {
			"animation_length": 7.7699,
			"bones": {
				"main": {
					"rotation": [0, 0, 0]
				},
				"lever": {
					"rotation": [0, 0, 0],
					"position": [0, 0, 0]
				},
				"gun_body": {
					"rotation": {
						"0.0": {
							"post": [0, 0, 0],
							"lerp_mode": "catmullrom"
						},
						"0.2679": {
							"post": [0, -2.5, -5],
							"lerp_mode": "catmullrom"
						},
						"0.4464": {
							"post": [-4.57853, -4.95404, -14.80965],
							"lerp_mode": "catmullrom"
						},
						"0.625": {
							"post": [-4.508, -7.02695, -15.65254],
							"lerp_mode": "catmullrom"
						},
						"0.8036": {
							"post": [-4.62773, -7.0966, -14.70862],
							"lerp_mode": "catmullrom"
						},
						"1.0714": {
							"post": [-4.508, -7.02695, -15.65254],
							"lerp_mode": "catmullrom"
						},
						"1.6964": {
							"post": [-4.52, -7.02, -16.21],
							"lerp_mode": "catmullrom"
						},
						"2.2321": {
							"post": [-4.64204, -6.94013, -15.20575],
							"lerp_mode": "catmullrom"
						},
						"2.6786": {
							"post": [-6.51282, -5.22584, 2.31015],
							"lerp_mode": "catmullrom"
						},
						"2.9464": {
							"post": [-8.3243, -0.56277, 37.05356],
							"lerp_mode": "catmullrom"
						},
						"3.125": {
							"post": [-8.53622, 3.77089, 65.74516],
							"lerp_mode": "catmullrom"
						},
						"3.3036": {
							"post": [-7.54113, 3.72387, 66.74372],
							"lerp_mode": "catmullrom"
						},
						"3.5714": {
							"post": [-7.47547, 3.85454, 67.73732],
							"lerp_mode": "catmullrom"
						},
						"3.75": {
							"post": [-7.46974, 3.90147, 66.73882],
							"lerp_mode": "catmullrom"
						},
						"3.9286": {
							"post": [-7.45276, 3.93394, 66.98729],
							"lerp_mode": "catmullrom"
						},
						"4.375": {
							"post": [-7.48657, 3.86894, 66.49038],
							"lerp_mode": "catmullrom"
						},
						"4.7321": {
							"post": [-7.48297, 3.90421, 65.74146],
							"lerp_mode": "catmullrom"
						},
						"5.0893": {
							"post": [-7.11661, 4.53992, 70.71442],
							"lerp_mode": "catmullrom"
						},
						"5.3571": {
							"post": [-7.1256, 4.49349, 71.71259],
							"lerp_mode": "catmullrom"
						},
						"5.625": {
							"post": [-6.93347, 4.40008, 70.96618],
							"lerp_mode": "catmullrom"
						},
						"6.0714": {
							"post": [-6.6813, 4.4117, 70.71663],
							"lerp_mode": "catmullrom"
						},
						"6.4286": {
							"post": [-6.63882, 4.78727, 62.72895],
							"lerp_mode": "catmullrom"
						},
						"6.875": {
							"post": [0.52466, 0.68222, 7.99329],
							"lerp_mode": "catmullrom"
						},
						"7.1429": {
							"post": [-0.08213, 0.04686, -0.9978],
							"lerp_mode": "catmullrom"
						},
						"7.4107": {
							"post": [0.04086, -0.02379, 0.99887],
							"lerp_mode": "catmullrom"
						},
						"7.6786": {
							"post": [0, 0, 0],
							"lerp_mode": "catmullrom"
						}
					},
					"position": {
						"0.0": {
							"post": [0, 0, 0],
							"lerp_mode": "catmullrom"
						},
						"0.2679": {
							"post": [-0.25, -0.25, 0.75],
							"lerp_mode": "catmullrom"
						},
						"0.4464": {
							"post": [-0.55, -0.25, 0.75],
							"lerp_mode": "catmullrom"
						},
						"0.625": {
							"post": [-0.65, -0.45, 0.75],
							"lerp_mode": "catmullrom"
						},
						"1.0714": {
							"post": [-0.55, -0.35, 0.75],
							"lerp_mode": "catmullrom"
						},
						"1.6964": {
							"post": [-0.49, -0.39, 0.75],
							"lerp_mode": "catmullrom"
						},
						"2.2321": {
							"post": [-0.49, -0.49, 0.75],
							"lerp_mode": "catmullrom"
						},
						"2.6786": {
							"post": [-0.09, -0.79, 0.75],
							"lerp_mode": "catmullrom"
						},
						"2.9464": {
							"post": [1.11, -0.79, 0.75],
							"lerp_mode": "catmullrom"
						},
						"3.125": {
							"post": [1.51, -0.14, 0.75],
							"lerp_mode": "catmullrom"
						},
						"3.3036": {
							"post": [1.71, -0.04, 0.75],
							"lerp_mode": "catmullrom"
						},
						"3.5714": {
							"post": [1.61, -0.14, 0.75],
							"lerp_mode": "catmullrom"
						},
						"3.9286": {
							"post": [1.575, -0.16, 0.75],
							"lerp_mode": "catmullrom"
						},
						"5.0893": {
							"post": [1.71, -0.16, 0.75],
							"lerp_mode": "catmullrom"
						},
						"5.3571": {
							"post": [1.735, -0.135, 0.75],
							"lerp_mode": "catmullrom"
						},
						"6.0714": {
							"post": [1.565, -0.205, 0.75],
							"lerp_mode": "catmullrom"
						},
						"6.4286": {
							"post": [1.27, -0.4, 0.75],
							"lerp_mode": "catmullrom"
						},
						"6.6071": {
							"post": [0.57, -1.35, 0.75],
							"lerp_mode": "catmullrom"
						},
						"6.875": {
							"post": [-0.03, -0.9, 0.75],
							"lerp_mode": "catmullrom"
						},
						"7.1429": {
							"post": [-0.05, 0, 0],
							"lerp_mode": "catmullrom"
						},
						"7.4107": {
							"post": [0, 0, 0],
							"lerp_mode": "catmullrom"
						},
						"7.6786": {
							"post": [0, 0, 0],
							"lerp_mode": "catmullrom"
						}
					}
				},
				"left_arm": {
					"rotation": [107.88091, -26.01067, -181.36893],
					"position": [0.55101, -2.36253, -0.80646]
				},
				"right_arm": {
					"rotation": [93.71914, 31.2528, -187.25188],
					"position": [2.07498, -2.57461, 6.29652]
				},
				"bolt": {
					"position": [0, 0, 0]
				}
			}
		}
	}
}