{
	"format_version": "1.8.0",
	"animations": {
		"shoot": {
			"loop": true,
			"animation_length": 0.375,
			"bones": {
				"right_arm": {
					"rotation": [90, 0, -180],
					"position": [5.65, -2.2, 5.75]
				},
				"left_arm": {
					"rotation": [73.95054, -26.20116, -129.71317],
					"position": [-3.2, -5.85, -2.85]
				},
				"gun_body": {
					"rotation": {
						"0.0": [-3.99821, 1.8208, -2.63334],
						"0.0833": [-3.99621, -0.17434, -2.49392],
						"0.1667": [-4.99527, -0.21782, -2.4905],
						"0.3333": [1.67, 0, 0.25],
						"0.375": [0, 0, 0]
					},
					"position": {
						"0.0": [-0.39962, 0.15759, 1.99878],
						"0.0833": [0, 0.175, 2.1],
						"0.1667": [0.00436, -0.00952, 1.29129],
						"0.2083": [0, 0, 0.5],
						"0.2917": [0.1, -0.05087, 0.15999],
						"0.375": [0, 0, 0]
					}
				}
			},
			"particle_effects": {
				"0.0": {
					"effect": "eject_casing"
				}
			}
		},
		"aim_shoot": {
			"loop": true,
			"animation_length": 0.375,
			"bones": {
				"right_arm": {
					"rotation": [90, 0, -180],
					"position": [5.65, -2.2, 5.75]
				},
				"left_arm": {
					"rotation": [73.95054, -26.20116, -129.71317],
					"position": [-3.2, -5.85, -2.85]
				},
				"gun_body": {
					"rotation": {
						"0.0": [-3.99821, 1.8208, -2.63334],
						"0.0833": [-3.99621, -0.17434, -2.49392],
						"0.1667": [-4.99527, -0.21782, -2.4905],
						"0.3333": [1.67, 0, 0.25],
						"0.375": [0, 0, 0]
					},
					"position": {
						"0.0": [-0.39962, 0.15759, 1.99878],
						"0.0833": [0, 0.175, 2.1],
						"0.1667": [0.00436, -0.00952, 1.29129],
						"0.2083": [0, 0, 0.5],
						"0.2917": [0.1, -0.05087, 0.15999],
						"0.375": [0, 0, 0]
					}
				}
			},
			"particle_effects": {
				"0.0": {
					"effect": "eject_casing"
				}
			}
		},
		"draw": {
			"animation_length": 0.75,
			"bones": {
				"right_arm": {
					"rotation": [90, 0, -180],
					"position": [5.65, -2.2, 5.75]
				},
				"left_arm": {
					"rotation": [73.95054, -26.20116, -129.71317],
					"position": [-3.2, -5.85, -2.85]
				},
				"gun_body": {
					"rotation": {
						"0.0": {
							"post": [14.33501, -4.46375, 16.93839],
							"lerp_mode": "catmullrom"
						},
						"0.3333": {
							"post": [6.4524, -6.37074, 7.68062],
							"lerp_mode": "catmullrom"
						},
						"0.5": {
							"post": [0, 0, -2],
							"lerp_mode": "catmullrom"
						},
						"0.625": {
							"post": [0, 0, 1],
							"lerp_mode": "catmullrom"
						},
						"0.75": [0, 0, 0]
					},
					"position": {
						"0.0": {
							"post": [3, -8, -2],
							"lerp_mode": "catmullrom"
						},
						"0.1667": {
							"post": [1, -6.33, -1.33],
							"lerp_mode": "catmullrom"
						},
						"0.3333": {
							"post": [0.1, -2.16, -0.66],
							"lerp_mode": "catmullrom"
						},
						"0.5": {
							"post": [-0.2, -0.3, 0.1],
							"lerp_mode": "catmullrom"
						},
						"0.625": {
							"post": [-0.025, -0.025, 0.05],
							"lerp_mode": "catmullrom"
						},
						"0.75": [0, 0, 0]
					}
				},
				"shell": {
					"scale": 0
				}
			}
		},
		"idle": {
			"loop": true,
			"bones": {
				"right_arm": {
					"rotation": [90, 0, -180],
					"position": [5.65, -2.2, 5.75]
				},
				"left_arm": {
					"rotation": [73.95054, -26.20116, -129.71317],
					"position": [-3.2, -5.85, -2.85]
				}
			}
		},
		"reload_start": {
			"animation_length": 0.5,
			"bones": {
				"gun_body": {
					"rotation": {
						"0.0": [0, 0, 0],
						"0.1667": [0, 0, 10],
						"0.25": [0, 0, 0],
						"0.375": [-0.01834, -0.12551, -2.9973],
						"0.5": [-0.02053, -0.12517, -1.9973]
					},
					"position": {
						"0.0": [0, 0, 0],
						"0.0833": [0, -0.12, -0.25],
						"0.1667": [0, 0.25, -0.5],
						"0.25": [0, 0.05, -0.7],
						"0.375": [0, -0.05, -0.5],
						"0.5": [0, 0.05, -0.4]
					}
				},
				"right_arm": {
					"rotation": {
						"0.0": [90, 0, -180],
						"0.5": [90, 0, -180]
					},
					"position": {
						"0.0": [5.65, -2.2, 5.75],
						"0.5": [5.65, -2.2, 5.75]
					}
				},
				"left_arm": {
					"rotation": {
						"0.0": [73.95054, -26.20116, -129.71317],
						"0.0833": [73.95054, -26.20116, -129.71317],
						"0.2083": [81.72994, -29.38542, -146.29944],
						"0.3333": [113.63616, -19.73944, -215.14122],
						"0.5": [113.63616, -19.73944, -215.14122]
					},
					"position": {
						"0.0": [-3.2, -5.85, -2.85],
						"0.0833": [-3.2, -5.85, -2.85],
						"0.2083": [6.8, -8.85, 0.15],
						"0.3333": [8.8, -8.85, 7.15],
						"0.5": [8.8, -8.85, 7.15]
					}
				},
				"barrels": {
					"rotation": {
						"0.0": [0, 0, 0],
						"0.125": [0, 0, 0],
						"0.25": [0, 0, 57.5],
						"0.3333": [0, 0, 97.5],
						"0.4167": [0, 0, 92.5]
					}
				}
			},
			"sound_effects": {
				"0.125": {
					"effect": "reload_mag_out"
				}
			}
		},
		"reload_loop": {
			"loop": true,
			"animation_length": 0.7917,
			"bones": {
				"gun_body": {
					"rotation": {
						"0.0": [-0.02053, -0.12517, -1.9973],
						"0.2083": [-0.01615, -0.12581, -3.9973],
						"0.3333": [0.97947, -0.12517, -1.9973],
						"0.4167": [0.96505, -1.20992, 2.98516],
						"0.5": [0.91753, -1.33963, 0.991],
						"0.6667": [-0.124, -0.39508, -3.95399],
						"0.7917": [-0.02053, -0.12517, -1.9973]
					},
					"position": {
						"0.0": [0, 0.05, -0.4],
						"0.2083": [0, -0.05, -0.05],
						"0.3333": [0, 0.05, -0.6],
						"0.4167": [0, 0.05, -0.05],
						"0.5": [0, 0.05, 0.3],
						"0.6667": [0, 0.05, -0.6],
						"0.7917": [0, 0.05, -0.4]
					}
				},
				"right_arm": {
					"rotation": [90, 0, -180],
					"position": [5.65, -2.2, 5.75]
				},
				"left_arm": {
					"rotation": {
						"0.0": [113.63616, -19.73944, -215.14122],
						"0.2083": [116.51957, -15.49075, -224.64296],
						"0.3333": [119.01957, -15.49075, -224.64296],
						"0.4167": [106.05589, -2.97243, -220.78188],
						"0.5": [103.90553, -5.792, -222.16101],
						"0.625": [94.36557, -15.49075, -224.64296],
						"0.75": [113.63616, -19.73944, -215.14122]
					},
					"position": {
						"0.0": {
							"post": [8.8, -8.85, 7.15],
							"lerp_mode": "catmullrom"
						},
						"0.2083": [0.42881, -6.21325, 0.21631],
						"0.3333": [0.43, -6.71, -0.03],
						"0.4167": [-1.07, -5.71, -1.28],
						"0.5": [-0.72, -5.21, -0.78],
						"0.625": [0.43, -6.96, 0.72],
						"0.75": {
							"pre": [8.8, -8.85, 7.15],
							"post": [8.8, -8.85, 7.15],
							"lerp_mode": "catmullrom"
						}
					}
				},
				"barrels": {
					"rotation": [0, 0, 92.5]
				}
			},
			"sound_effects": {
				"0.3333": {
					"effect": "reload_mag_in"
				}
			},
			"particle_effects": {
				"0.75": {
					"effect": "loaded"
				}
			}
		},
		"reload_stop": {
			"animation_length": 1.1667,
			"bones": {
				"gun_body": {
					"rotation": {
						"0.0": {
							"post": [-0.02053, -0.12517, -1.9973],
							"lerp_mode": "catmullrom"
						},
						"0.1667": {
							"post": [0, 0, 5],
							"lerp_mode": "catmullrom"
						},
						"0.3333": {
							"post": [0.43538, -0.24155, -3.86816],
							"lerp_mode": "catmullrom"
						},
						"0.5": [0.0456, 0.02527, 0.99865],
						"0.6667": [0.06817, 0.00044, 0.00233],
						"0.8333": [0, 0, 0]
					},
					"position": {
						"0.0": {
							"post": [0, 0.05, -0.4],
							"lerp_mode": "catmullrom"
						},
						"0.1667": {
							"post": [0.2, -0.2, 0],
							"lerp_mode": "catmullrom"
						},
						"0.3333": {
							"post": [-0.1, -0.45, 0],
							"lerp_mode": "catmullrom"
						},
						"0.5": [0, 0, -0.2],
						"0.6667": [0, -0.1, 0],
						"0.8333": [0, 0, 0]
					}
				},
				"right_arm": {
					"rotation": {
						"0.0": {
							"post": [90, 0, -180],
							"lerp_mode": "catmullrom"
						},
						"0.1667": {
							"post": [90, 0, -180],
							"lerp_mode": "catmullrom"
						},
						"0.3333": {
							"post": [90, 0, -180],
							"lerp_mode": "catmullrom"
						},
						"0.5": [90, 0, -180],
						"0.5833": [90, 0, -180]
					},
					"position": {
						"0.0": {
							"post": [5.65, -2.2, 5.75],
							"lerp_mode": "catmullrom"
						},
						"0.1667": {
							"post": [5.65, -2.2, 5.75],
							"lerp_mode": "catmullrom"
						},
						"0.3333": {
							"post": [5.65, -2.2, 5.75],
							"lerp_mode": "catmullrom"
						},
						"0.5": [5.65, -2.2, 5.75],
						"0.5833": [5.65, -2.2, 5.75]
					}
				},
				"left_arm": {
					"rotation": {
						"0.0": {
							"post": [113.63616, -19.73944, -215.14122],
							"lerp_mode": "catmullrom"
						},
						"0.1667": {
							"post": [73.95054, -26.20116, -129.71317],
							"lerp_mode": "catmullrom"
						},
						"0.3333": {
							"post": [158.29528, -11.57905, -181.08961],
							"lerp_mode": "catmullrom"
						},
						"0.4167": {
							"post": [158.29528, -11.57905, -181.08961],
							"lerp_mode": "catmullrom"
						},
						"0.5833": [73.95054, -26.20116, -129.71317]
					},
					"position": {
						"0.0": {
							"post": [8.8, -8.85, 7.15],
							"lerp_mode": "catmullrom"
						},
						"0.1667": {
							"post": [0.8, -6.85, -2.85],
							"lerp_mode": "catmullrom"
						},
						"0.3333": {
							"post": [-2.95, -6.85, -7.85],
							"lerp_mode": "catmullrom"
						},
						"0.4167": {
							"post": [-2.95, -6.85, -7.85],
							"lerp_mode": "catmullrom"
						},
						"0.5833": [-3.2, -5.85, -2.85]
					}
				},
				"barrels": {
					"rotation": {
						"0.0": [0, 0, 92.5],
						"0.1667": [0, 0, 92.5],
						"0.3333": [0, 0, 0]
					},
					"position": [0, 0, 0]
				}
			},
			"sound_effects": {
				"0.25": {
					"effect": "reload_mag_out"
				}
			},
			"particle_effects": {
				"0.4167": {
					"effect": "end_reload"
				}
			}
		},
		"inspect": {
			"animation_length": 5.7083,
			"bones": {
				"bolt": {
					"position": {
						"0.0": {
							"post": [0, 0, 0],
							"lerp_mode": "catmullrom"
						}
					}
				},
				"gun_body": {
					"rotation": {
						"0.0": {
							"post": [0, 0, 0],
							"lerp_mode": "catmullrom"
						},
						"0.0833": {
							"post": [3.00183, -1.99726, 1.89529],
							"lerp_mode": "catmullrom"
						},
						"0.1667": {
							"post": [2.55122, -6.23706, 6.70495],
							"lerp_mode": "catmullrom"
						},
						"0.2917": {
							"post": [0.27073, -13.27068, -9.94541],
							"lerp_mode": "catmullrom"
						},
						"0.375": {
							"post": [-4.18707, -15.73941, -12.32629],
							"lerp_mode": "catmullrom"
						},
						"0.4583": {
							"post": [-8.8047, -17.55113, -17.30117],
							"lerp_mode": "catmullrom"
						},
						"0.5833": {
							"post": [-5.02462, -21.50286, -16.64362],
							"lerp_mode": "catmullrom"
						},
						"0.75": {
							"post": [-4.6463, -21.55744, -16.70991],
							"lerp_mode": "catmullrom"
						},
						"0.9167": {
							"post": [-4.63119, -21.58702, -17.71493],
							"lerp_mode": "catmullrom"
						},
						"1.0833": {
							"post": [-5.02462, -21.50286, -16.64362],
							"lerp_mode": "catmullrom"
						},
						"1.25": {
							"post": [1.40321, -22.01253, -33.87122],
							"lerp_mode": "catmullrom"
						},
						"1.375": {
							"post": [1.21018, -21.94946, -36.02695],
							"lerp_mode": "catmullrom"
						},
						"1.5": {
							"post": [0.48094, -21.95125, -33.13194],
							"lerp_mode": "catmullrom"
						},
						"1.625": {
							"post": [-0.21649, -21.70528, -31.24616],
							"lerp_mode": "catmullrom"
						},
						"1.75": {
							"post": [-0.23863, -21.67981, -30.23851],
							"lerp_mode": "catmullrom"
						},
						"2.125": {
							"post": [-0.4155, -21.70253, -30.70801],
							"lerp_mode": "catmullrom"
						},
						"2.375": {
							"post": [-2.42601, -21.82842, -25.31892],
							"lerp_mode": "catmullrom"
						},
						"2.5": {
							"post": [-2.68037, -16.70817, -15.89341],
							"lerp_mode": "catmullrom"
						},
						"2.6667": {
							"post": [-10.00044, -9.35134, -3.3075],
							"lerp_mode": "catmullrom"
						},
						"2.8333": {
							"post": [-14.88725, 18.41093, 8.37639],
							"lerp_mode": "catmullrom"
						},
						"3.0": {
							"post": [-7.34859, 26.7572, 42.40904],
							"lerp_mode": "catmullrom"
						},
						"3.1667": {
							"post": [-5.7878, 27.95393, 62.06671],
							"lerp_mode": "catmullrom"
						},
						"3.2917": {
							"post": [-6.65659, 28.28342, 66.58686],
							"lerp_mode": "catmullrom"
						},
						"3.4167": {
							"post": [-7.79217, 29.024, 64.18258],
							"lerp_mode": "catmullrom"
						},
						"3.5833": {
							"post": [-6.68546, 29.27605, 66.4544],
							"lerp_mode": "catmullrom"
						},
						"4.0833": {
							"post": [-6.10269, 29.39999, 68.35585],
							"lerp_mode": "catmullrom"
						},
						"4.2917": {
							"post": [-5.82218, 29.45193, 68.9268],
							"lerp_mode": "catmullrom"
						},
						"4.5": {
							"post": [8.70864, 26.34218, 53.65008],
							"lerp_mode": "catmullrom"
						},
						"4.625": {
							"post": [14.09586, 23.22629, 18.61251],
							"lerp_mode": "catmullrom"
						},
						"4.7917": {
							"post": [13.82793, 7.03246, 21.51596],
							"lerp_mode": "catmullrom"
						},
						"4.9583": {
							"post": [2.99954, 0.05233, -0.99863],
							"lerp_mode": "catmullrom"
						},
						"5.0833": {
							"post": [0.00608, -0.03218, -2.99947],
							"lerp_mode": "catmullrom"
						},
						"5.2083": {
							"post": [-0.00355, 0.0243, 0.2496],
							"lerp_mode": "catmullrom"
						},
						"5.3333": {
							"post": [0, 0, 0],
							"lerp_mode": "catmullrom"
						}
					},
					"position": {
						"0.0": {
							"post": [0, 0, 0],
							"lerp_mode": "catmullrom"
						},
						"0.0833": {
							"post": [-0.3, -0.4, 0],
							"lerp_mode": "catmullrom"
						},
						"0.1667": {
							"post": [-0.6, -0.8, 0.3],
							"lerp_mode": "catmullrom"
						},
						"0.2917": {
							"post": [-0.9, 0.5, 0.3],
							"lerp_mode": "catmullrom"
						},
						"0.375": {
							"post": [-0.6, 0.9, 0.3],
							"lerp_mode": "catmullrom"
						},
						"0.4583": {
							"post": [-0.1, 0.3, 0],
							"lerp_mode": "catmullrom"
						},
						"0.5833": {
							"post": [0.1, -0.15, 0],
							"lerp_mode": "catmullrom"
						},
						"0.75": {
							"post": [0.1, 0.2, 0],
							"lerp_mode": "catmullrom"
						},
						"0.9167": {
							"post": [0.2, 0.075, 0],
							"lerp_mode": "catmullrom"
						},
						"1.0833": {
							"post": [0.05, -0.07, 0],
							"lerp_mode": "catmullrom"
						},
						"1.25": {
							"post": [-0.15, 0.03, 0.1],
							"lerp_mode": "catmullrom"
						},
						"1.375": {
							"post": [-0.25, 0.03, 0.3],
							"lerp_mode": "catmullrom"
						},
						"1.5": {
							"post": [-0.15, -0.02, 0.3],
							"lerp_mode": "catmullrom"
						},
						"1.625": {
							"post": [-0.05, -0.07, 0.3],
							"lerp_mode": "catmullrom"
						},
						"1.75": {
							"post": [-0.1, -0.07, 0.35],
							"lerp_mode": "catmullrom"
						},
						"2.125": {
							"post": [-0.1, -0.07, 0.45],
							"lerp_mode": "catmullrom"
						},
						"2.375": {
							"post": [-0.175, -0.07, 0.325],
							"lerp_mode": "catmullrom"
						},
						"2.5": {
							"post": [0.22, -1.28, 0.72],
							"lerp_mode": "catmullrom"
						},
						"2.6667": {
							"post": [0.23, -3.57, 0.33],
							"lerp_mode": "catmullrom"
						},
						"2.8333": {
							"post": [1.23, -2.07, 0.33],
							"lerp_mode": "catmullrom"
						},
						"3.0": {
							"post": [1.63, -0.27, 0.33],
							"lerp_mode": "catmullrom"
						},
						"3.1667": {
							"post": [2.33, 0.23, -0.67],
							"lerp_mode": "catmullrom"
						},
						"3.2917": {
							"post": [2.63, -0.07, -0.87],
							"lerp_mode": "catmullrom"
						},
						"3.4167": {
							"post": [2.53, -0.17, -0.87],
							"lerp_mode": "catmullrom"
						},
						"3.5833": {
							"post": [2.43, -0.07, -0.87],
							"lerp_mode": "catmullrom"
						},
						"4.0833": {
							"post": [2.23, -0.27, -0.87],
							"lerp_mode": "catmullrom"
						},
						"4.2917": {
							"post": [2.405, -0.32, -0.87],
							"lerp_mode": "catmullrom"
						},
						"4.5": {
							"post": [2.67, -2.71, -1.73],
							"lerp_mode": "catmullrom"
						},
						"4.625": {
							"post": [1, -3.22, -2.47],
							"lerp_mode": "catmullrom"
						},
						"4.7917": {
							"post": [0.05, -2.64, -1.52],
							"lerp_mode": "catmullrom"
						},
						"4.9583": {
							"post": [-0.1, -0.9, -0.8],
							"lerp_mode": "catmullrom"
						},
						"5.0833": {
							"post": [-0.025, -0.075, -0.05],
							"lerp_mode": "catmullrom"
						},
						"5.2083": {
							"post": [0, 0, 0.125],
							"lerp_mode": "catmullrom"
						},
						"5.3333": {
							"post": [0, 0, 0],
							"lerp_mode": "catmullrom"
						}
					}
				},
				"shell": {
					"scale": 0
				},
				"right_arm": {
					"rotation": [90, 0, -180],
					"position": [5.65, -2.2, 5.75]
				},
				"left_arm": {
					"rotation": [73.95054, -26.20116, -129.71317],
					"position": [-3.2, -5.85, -2.85]
				}
			}
		}
	}
}