{
	"format_version": "1.8.0",
	"animations": {
		"shoot": {
			"loop": true,
			"animation_length": 1,
			"bones": {
				"gun_body": {
					"rotation": {
						"0.0": {
							"post": [-17.17819, -3.29629, -9.47025],
							"lerp_mode": "catmullrom"
						},
						"0.0417": {
							"post": [-16.62675, -5.47975, -16.66694],
							"lerp_mode": "catmullrom"
						},
						"0.125": {
							"post": [-4.58863, -5.09959, -11.66007],
							"lerp_mode": "catmullrom"
						},
						"0.2083": {
							"post": [-5.21422, -4.45786, -4.16143],
							"lerp_mode": "catmullrom"
						},
						"0.3333": {
							"post": [-2.89941, -1.83848, -1.78385],
							"lerp_mode": "catmullrom"
						},
						"0.4583": {
							"post": [-0.15586, 0.62511, -9.29451],
							"lerp_mode": "catmullrom"
						},
						"0.5417": {
							"post": [-2.67758, 0.61929, -11.29462],
							"lerp_mode": "catmullrom"
						},
						"0.6667": {
							"post": [-1.70602, 0.74199, -7.93228],
							"lerp_mode": "catmullrom"
						},
						"0.7917": [0, 0, 0],
						"0.875": [0.04577, 0.00041, 0.99895],
						"1.0": [0, 0, 0]
					},
					"position": {
						"0.0": {
							"post": [0, 0, 1],
							"lerp_mode": "catmullrom"
						},
						"0.0417": {
							"post": [0, 0.5, 1.25],
							"lerp_mode": "catmullrom"
						},
						"0.125": {
							"post": [0, 0.25, 1.5],
							"lerp_mode": "catmullrom"
						},
						"0.2083": {
							"post": [0, -0.5, 1.25],
							"lerp_mode": "catmullrom"
						},
						"0.3333": {
							"post": [0, -0.75, 0.75],
							"lerp_mode": "catmullrom"
						},
						"0.4583": {
							"post": [-0.25, -0.5, 0.5],
							"lerp_mode": "catmullrom"
						},
						"0.5417": {
							"post": [-0.25, -0.5, 0.6],
							"lerp_mode": "catmullrom"
						},
						"0.6667": {
							"post": [0, -0.7, 0.5],
							"lerp_mode": "catmullrom"
						},
						"1.0": [0, 0, 0]
					}
				},
				"bolt": {
					"position": {
						"0.0": {
							"post": [0, 0, 2.25],
							"lerp_mode": "catmullrom"
						},
						"0.2083": {
							"post": [0, 0, 0],
							"lerp_mode": "catmullrom"
						},
						"0.6667": {
							"post": [0, 0, 0],
							"lerp_mode": "catmullrom"
						},
						"0.75": {
							"post": [0, 0, 0],
							"lerp_mode": "catmullrom"
						},
						"1.0": {
							"post": [0, 0, 0],
							"lerp_mode": "catmullrom"
						}
					}
				},
				"right_arm": {
					"rotation": {
						"0.0": [90, 0, -180],
						"0.2083": [90, 0, -180],
						"0.4583": [112.5, 0, -180],
						"0.6667": [125, 0, -180],
						"0.7917": [115, 0, -180],
						"0.9167": [90, 0, -180]
					},
					"position": {
						"0.0": [5.65, -2.2, 4.5],
						"0.2083": [5.65, -2.2, 4.5],
						"0.4583": [3.9, -1.95, 2.5],
						"0.6667": [3.9, -4.05, 2.5],
						"0.7917": [4.15, -4.05, 3.5],
						"0.9167": [5.65, -2.2, 4.5]
					}
				},
				"hammer": {
					"rotation": {
						"0.0": {
							"post": [77.5, 0, 0],
							"lerp_mode": "catmullrom"
						},
						"0.4583": {
							"post": [77.5, 0, 0],
							"lerp_mode": "catmullrom"
						},
						"0.6667": {
							"post": [-5.62, 0, 0],
							"lerp_mode": "catmullrom"
						},
						"0.75": {
							"post": [0, 0, 0],
							"lerp_mode": "catmullrom"
						},
						"1.0": {
							"post": [0, 0, 0],
							"lerp_mode": "catmullrom"
						}
					}
				},
				"flash": {
					"rotation": {
						"0.0": {
							"post": [314.30248, 44.68812, -227.48162],
							"lerp_mode": "catmullrom"
						},
						"1.0": {
							"post": [314.3, 44.69, -227.48],
							"lerp_mode": "catmullrom"
						}
					},
					"position": {
						"0.0": {
							"post": [-1.12714, 0.27466, -1.39701],
							"lerp_mode": "catmullrom"
						},
						"0.0833": {
							"post": [-1.12706, 0.27252, -1.61716],
							"lerp_mode": "catmullrom"
						},
						"1.0": {
							"post": [-1.13, 1.02, -0.9],
							"lerp_mode": "catmullrom"
						}
					},
					"scale": {
						"0.0": [1, 1, 1],
						"0.0833": [1.5, 1.5, 1.5],
						"0.2083": [0, 0, 0],
						"0.75": [0, 0, 0],
						"1.0": [0, 0, 0]
					}
				},
				"left_arm": {
					"rotation": {
						"0.0": {
							"post": [73.95054, -26.20116, -129.71317],
							"lerp_mode": "catmullrom"
						},
						"0.75": {
							"post": [73.95054, -26.20116, -129.71317],
							"lerp_mode": "catmullrom"
						},
						"1.0": {
							"post": [73.95, -26.2, -129.71],
							"lerp_mode": "catmullrom"
						}
					},
					"position": {
						"0.0": {
							"post": [-2.7, -5.85, -2.85],
							"lerp_mode": "catmullrom"
						},
						"0.75": {
							"post": [-2.7, -5.85, -2.85],
							"lerp_mode": "catmullrom"
						},
						"1.0": {
							"post": [-2.7, -5.85, -2.85],
							"lerp_mode": "catmullrom"
						}
					},
					"scale": {
						"0.0": {
							"post": [0, 0, 0],
							"lerp_mode": "catmullrom"
						},
						"1.0": {
							"post": [0, 0, 0],
							"lerp_mode": "catmullrom"
						}
					}
				}
			},
			"particle_effects": {
				"0.0": {
					"effect": "eject_casing"
				}
			}
		},
		"reload": {
			"animation_length": 5,
			"bones": {
				"gun_body": {
					"rotation": {
						"0.0": [0, 0, 0],
						"0.125": {
							"pre": [-3.05779, -0.83982, 3.04949],
							"post": [-3.05779, -0.83982, 3.04949],
							"lerp_mode": "catmullrom"
						},
						"0.4167": {
							"post": [-15.91744, -3.91296, 16.22388],
							"lerp_mode": "catmullrom"
						},
						"0.875": {
							"post": [-35.87563, -31.43247, 8.29501],
							"lerp_mode": "catmullrom"
						},
						"1.2083": {
							"post": [-39.9, -34.91, 4.4],
							"lerp_mode": "catmullrom"
						},
						"1.3333": {
							"post": [-37.18915, -38.29156, -1.65737],
							"lerp_mode": "catmullrom"
						},
						"1.4583": {
							"post": [-37.50495, -35.75301, 2.6227],
							"lerp_mode": "catmullrom"
						},
						"1.6667": {
							"post": [-38.60933, -34.69338, 2.90248],
							"lerp_mode": "catmullrom"
						},
						"2.0833": {
							"post": [-39.48291, -29.84492, 4.3411],
							"lerp_mode": "catmullrom"
						},
						"2.25": {
							"post": [-41.14319, -27.25618, 7.81326],
							"lerp_mode": "catmullrom"
						},
						"2.375": {
							"post": [-40.03294, -30.47774, 3.44555],
							"lerp_mode": "catmullrom"
						},
						"2.5": {
							"post": [-39.11122, -32.9999, -0.2058],
							"lerp_mode": "catmullrom"
						},
						"2.6667": {
							"post": [-39.06148, -32.76812, 0.73907],
							"lerp_mode": "catmullrom"
						},
						"2.8333": {
							"post": [-42.39049, -27.86873, 7.32229],
							"lerp_mode": "catmullrom"
						},
						"3.0833": {
							"post": [-40.59438, -30.2061, 2.4005],
							"lerp_mode": "catmullrom"
						},
						"3.2083": {
							"post": [-43.52133, -25.1764, 8.68797],
							"lerp_mode": "catmullrom"
						},
						"3.2917": {
							"post": [-42.24133, -29.22358, 3.70558],
							"lerp_mode": "catmullrom"
						},
						"3.375": {
							"post": [-43.04175, -27.86866, 5.38037],
							"lerp_mode": "catmullrom"
						},
						"3.7083": {
							"post": [-42.17863, -25.87613, 7.89486],
							"lerp_mode": "catmullrom"
						},
						"3.9167": {
							"post": [-37.71684, -29.17109, 3.65288],
							"lerp_mode": "catmullrom"
						},
						"4.0417": {
							"post": [-39.37569, -26.67763, 7.1934],
							"lerp_mode": "catmullrom"
						},
						"4.2083": {
							"post": [-34.05736, -31.20187, 0.35523],
							"lerp_mode": "catmullrom"
						},
						"4.4167": {
							"post": [-36.39429, -28.31604, 5.05996],
							"lerp_mode": "catmullrom"
						},
						"4.625": {
							"post": [-11.83102, -14.96568, 15.40346],
							"lerp_mode": "catmullrom"
						},
						"4.7917": {
							"post": [-0.12978, 0.95523, -1.9975],
							"lerp_mode": "catmullrom"
						},
						"4.9167": {
							"post": [0.06544, 0.02068, 0.99765],
							"lerp_mode": "catmullrom"
						},
						"5.0": [0, 0, 0]
					},
					"position": {
						"0.0": [0, 0, 0],
						"0.125": {
							"pre": [0, -0.5, 0.25],
							"post": [0, -0.5, 0.25],
							"lerp_mode": "catmullrom"
						},
						"0.25": {
							"post": [0, -2.5, 1.25],
							"lerp_mode": "catmullrom"
						},
						"0.4167": {
							"post": [0.25, -2.4, 1],
							"lerp_mode": "catmullrom"
						},
						"0.875": {
							"post": [-0.25, -4.4, 0.8],
							"lerp_mode": "catmullrom"
						},
						"1.2083": {
							"post": [-0.26, -4.84, 1],
							"lerp_mode": "catmullrom"
						},
						"1.3333": {
							"post": [-0.25, -5.2, 1.05],
							"lerp_mode": "catmullrom"
						},
						"1.4583": {
							"post": [-0.25, -4.9, 0.85],
							"lerp_mode": "catmullrom"
						},
						"1.6667": {
							"post": [-0.25, -5.06, 0.76],
							"lerp_mode": "catmullrom"
						},
						"1.7917": {
							"post": [-0.25, -5.31, 1.01],
							"lerp_mode": "catmullrom"
						},
						"2.0": {
							"post": [-0.25, -5.41, 1.01],
							"lerp_mode": "catmullrom"
						},
						"2.25": {
							"post": [-0.25, -5.21, 1.01],
							"lerp_mode": "catmullrom"
						},
						"2.375": {
							"post": [-0.15, -5.51, 1.01],
							"lerp_mode": "catmullrom"
						},
						"2.6667": {
							"post": [-0.15, -5.31, 1.01],
							"lerp_mode": "catmullrom"
						},
						"2.8333": {
							"post": [-0.25, -5.61, 1.01],
							"lerp_mode": "catmullrom"
						},
						"3.0833": {
							"post": [-0.05, -5.41, 1.01],
							"lerp_mode": "catmullrom"
						},
						"3.2083": {
							"post": [-0.05, -5.71, 1.01],
							"lerp_mode": "catmullrom"
						},
						"3.2917": {
							"post": [-0.05, -5.71, 0.91],
							"lerp_mode": "catmullrom"
						},
						"3.4583": {
							"post": [0.15, -5.81, 0.91],
							"lerp_mode": "catmullrom"
						},
						"3.75": {
							"post": [-0.05, -6.46, 0.91],
							"lerp_mode": "catmullrom"
						},
						"3.9167": {
							"post": [-0.05, -6.16, 0.81],
							"lerp_mode": "catmullrom"
						},
						"4.0417": {
							"post": [-0.05, -6.36, 0.81],
							"lerp_mode": "catmullrom"
						},
						"4.2083": {
							"post": [-0.05, -6.56, 0.61],
							"lerp_mode": "catmullrom"
						},
						"4.4167": {
							"post": [-0.05, -5.86, 1.61],
							"lerp_mode": "catmullrom"
						},
						"4.625": {
							"post": [0.5, -0.75, 0],
							"lerp_mode": "catmullrom"
						},
						"4.7917": {
							"post": [0.1, 0, -0.2],
							"lerp_mode": "catmullrom"
						},
						"4.9167": {
							"post": [0, 0, 0],
							"lerp_mode": "catmullrom"
						},
						"5.0": [0, 0, 0]
					}
				},
				"ram": {
					"rotation": {
						"0.0": {
							"post": [0, 0, 0],
							"lerp_mode": "catmullrom"
						},
						"1.9583": {
							"post": [0, 0, 0],
							"lerp_mode": "catmullrom"
						},
						"2.2083": {
							"post": [1.85, 0, 0],
							"lerp_mode": "catmullrom"
						},
						"2.3333": {
							"post": [0, 0, 0],
							"lerp_mode": "catmullrom"
						},
						"2.4583": {
							"post": [-25, 0, 0],
							"lerp_mode": "catmullrom"
						},
						"2.5417": {
							"post": [0, 0, 0],
							"lerp_mode": "catmullrom"
						},
						"4.0417": {
							"post": [1.85, 0, 0],
							"lerp_mode": "catmullrom"
						},
						"4.2083": {
							"post": [0, 0, 0],
							"lerp_mode": "catmullrom"
						}
					},
					"position": {
						"0.0": {
							"post": [0, 0, 0],
							"lerp_mode": "catmullrom"
						},
						"1.9583": {
							"post": [0, 0, 0],
							"lerp_mode": "catmullrom"
						},
						"2.2083": {
							"post": [0, 0, 0],
							"lerp_mode": "catmullrom"
						},
						"2.3333": {
							"post": [0, 0, -4],
							"lerp_mode": "catmullrom"
						},
						"2.4583": {
							"post": [0.5, -0.75, -7],
							"lerp_mode": "catmullrom"
						},
						"2.5417": {
							"post": [0, 1.25, -7],
							"lerp_mode": "catmullrom"
						},
						"2.6667": {
							"post": [0, 1.25, -7.5],
							"lerp_mode": "catmullrom"
						},
						"2.7917": {
							"post": [0, 1.25, -5.5],
							"lerp_mode": "catmullrom"
						},
						"2.875": {
							"post": [0, 1.25, -5.25],
							"lerp_mode": "catmullrom"
						},
						"2.9583": {
							"post": [0, 1.25, -5.75],
							"lerp_mode": "catmullrom"
						},
						"3.0833": {
							"post": [0, 1.25, -6.75],
							"lerp_mode": "catmullrom"
						},
						"3.1667": {
							"post": [0, 1.25, -7],
							"lerp_mode": "catmullrom"
						},
						"3.2917": {
							"post": [0, 1.25, -4.25],
							"lerp_mode": "catmullrom"
						},
						"3.5": {
							"post": [0, 1.25, -4.25],
							"lerp_mode": "catmullrom"
						},
						"3.75": {
							"post": [0, 1.25, -7.25],
							"lerp_mode": "catmullrom"
						},
						"3.9167": {
							"post": [-0.5, -0.75, -7.25],
							"lerp_mode": "catmullrom"
						},
						"4.0417": {
							"post": [0, 0, -4],
							"lerp_mode": "catmullrom"
						},
						"4.125": {
							"post": [0, 0, -3],
							"lerp_mode": "catmullrom"
						},
						"4.2083": {
							"post": [0, 0, 0],
							"lerp_mode": "catmullrom"
						}
					}
				},
				"right_arm": {
					"rotation": {
						"0.0": {
							"post": [90, 0, -180],
							"lerp_mode": "catmullrom"
						}
					},
					"position": {
						"0.0": {
							"post": [5.65, -2.2, 5.75],
							"lerp_mode": "catmullrom"
						}
					}
				},
				"ball": {
					"rotation": {
						"0.0": {
							"post": [0, 0, 0],
							"lerp_mode": "catmullrom"
						}
					},
					"position": {
						"0.0": {
							"post": [0, 0, 0],
							"lerp_mode": "catmullrom"
						}
					},
					"scale": {
						"0.0": {
							"post": [0, 0, 0],
							"lerp_mode": "catmullrom"
						}
					}
				},
				"left_arm": {
					"rotation": {
						"0.0": {
							"post": [73.95054, -26.20116, -129.71317],
							"lerp_mode": "catmullrom"
						},
						"0.75": {
							"post": [73.95054, -26.20116, -129.71317],
							"lerp_mode": "catmullrom"
						},
						"0.9167": {
							"post": [76.713, -31.58372, -127.53831],
							"lerp_mode": "catmullrom"
						},
						"1.0": {
							"post": [63.49986, -30.58811, -103.46366],
							"lerp_mode": "catmullrom"
						},
						"1.125": {
							"post": [88.49986, -30.58811, -103.46366],
							"lerp_mode": "catmullrom"
						},
						"1.25": {
							"post": [34.32435, -16.93604, -79.88454],
							"lerp_mode": "catmullrom"
						},
						"1.375": {
							"post": [43.70855, -21.32988, -86.03685],
							"lerp_mode": "catmullrom"
						},
						"1.5": {
							"post": [42.80468, -20.19415, -83.42602],
							"lerp_mode": "catmullrom"
						},
						"1.7917": {
							"post": [54.54306, 14.60942, -43.8676],
							"lerp_mode": "catmullrom"
						},
						"1.9583": {
							"post": [62.54306, 14.60942, -43.8676],
							"lerp_mode": "catmullrom"
						},
						"2.2083": {
							"post": [62.71, 16.26, -43.87],
							"lerp_mode": "catmullrom"
						},
						"2.3333": {
							"post": [62.54306, 14.60942, -43.8676],
							"lerp_mode": "catmullrom"
						},
						"2.4583": {
							"post": [64.31502, -7.65921, -43.79733],
							"lerp_mode": "catmullrom"
						},
						"3.2917": {
							"post": [54.31502, -7.65921, -43.79733],
							"lerp_mode": "catmullrom"
						},
						"3.5": {
							"post": [54.31502, -7.65921, -43.79733],
							"lerp_mode": "catmullrom"
						},
						"3.75": {
							"post": [71.81502, -7.65921, -43.79733],
							"lerp_mode": "catmullrom"
						},
						"4.0417": {
							"post": [62.71, 16.26, -43.87],
							"lerp_mode": "catmullrom"
						},
						"4.2083": [62.71, 16.26, -43.87],
						"4.3333": [62.71, 16.26, -43.87],
						"4.625": {
							"pre": [73.95054, -26.20116, -129.71317],
							"post": [73.95054, -26.20116, -129.71317],
							"lerp_mode": "catmullrom"
						}
					},
					"position": {
						"0.0": {
							"post": [0.3, -5.85, 5.15],
							"lerp_mode": "catmullrom"
						},
						"0.6667": {
							"post": [0.3, -5.85, 5.15],
							"lerp_mode": "catmullrom"
						},
						"0.9167": {
							"post": [0.3, -2.85, -8.85],
							"lerp_mode": "catmullrom"
						},
						"1.0": {
							"post": [-0.7, -1.85, -10.85],
							"lerp_mode": "catmullrom"
						},
						"1.125": {
							"post": [-2.7, -1.85, -10.85],
							"lerp_mode": "catmullrom"
						},
						"1.25": {
							"post": [-0.7, -1.85, -10.35],
							"lerp_mode": "catmullrom"
						},
						"1.375": {
							"post": [-0.7, -1.85, -8.85],
							"lerp_mode": "catmullrom"
						},
						"1.5": {
							"post": [-1.7, -1.95, -8.85],
							"lerp_mode": "catmullrom"
						},
						"1.625": {
							"post": [-1.39, -3.12, -9.26],
							"lerp_mode": "catmullrom"
						},
						"1.7917": {
							"post": [-1.95, -4.95, -10.85],
							"lerp_mode": "catmullrom"
						},
						"1.9583": {
							"post": [-3.45, -4.95, -8.85],
							"lerp_mode": "catmullrom"
						},
						"2.125": {
							"post": [-3.45, -4.95, -7.6],
							"lerp_mode": "catmullrom"
						},
						"2.2083": {
							"post": [-3.45, -4.95, -7.85],
							"lerp_mode": "catmullrom"
						},
						"2.3333": {
							"post": [-3.45, -4.95, -10.85],
							"lerp_mode": "catmullrom"
						},
						"2.4583": {
							"post": [-3.45, -4.95, -12.85],
							"lerp_mode": "catmullrom"
						},
						"2.5417": {
							"post": [-4.2, -3.7, -12.85],
							"lerp_mode": "catmullrom"
						},
						"2.6667": {
							"post": [-4.2, -3.7, -13.35],
							"lerp_mode": "catmullrom"
						},
						"2.7917": {
							"post": [-4.2, -3.7, -11.35],
							"lerp_mode": "catmullrom"
						},
						"2.875": {
							"post": [-4.2, -3.7, -11.1],
							"lerp_mode": "catmullrom"
						},
						"2.9583": {
							"post": [-4.2, -3.7, -11.6],
							"lerp_mode": "catmullrom"
						},
						"3.0833": {
							"post": [-4.2, -3.7, -12.6],
							"lerp_mode": "catmullrom"
						},
						"3.1667": {
							"post": [-4.2, -3.7, -12.85],
							"lerp_mode": "catmullrom"
						},
						"3.2917": {
							"post": [-3.45, -3.7, -10.35],
							"lerp_mode": "catmullrom"
						},
						"3.5": {
							"post": [-3.45, -3.7, -10.35],
							"lerp_mode": "catmullrom"
						},
						"3.75": {
							"post": [-4.7, -3.95, -13.35],
							"lerp_mode": "catmullrom"
						},
						"3.9167": {
							"post": [-4.7, -5.95, -13.35],
							"lerp_mode": "catmullrom"
						},
						"4.0417": {
							"post": [-3.45, -4.95, -10.85],
							"lerp_mode": "catmullrom"
						},
						"4.125": {
							"post": [-3.45, -4.95, -9.85],
							"lerp_mode": "catmullrom"
						},
						"4.2083": [-3.45, -4.95, -6.85],
						"4.3333": [-3.45, -4.95, -6.85],
						"4.625": {
							"pre": [0.3, -5.85, 5.15],
							"post": [0.3, -5.85, 5.15],
							"lerp_mode": "catmullrom"
						}
					}
				}
			},
			"sound_effects": {
				"0.0417": {
					"effect": "bolt_release"
				},
				"0.75": {
					"effect": "gun_rustle"
				},
				"1.5833": {
					"effect": "slap"
				},
				"2.0": {
					"effect": "bolt_pull"
				},
				"3.125": {
					"effect": "jam"
				}
			},
			"particle_effects": {
				"4.5833": {
					"effect": "loaded"
				}
			}
		},
		"draw": {
			"animation_length": 1.3333,
			"bones": {
				"gun_body": {
					"rotation": {
						"0.0": {
							"post": [-36.39429, -28.31604, 5.05996],
							"lerp_mode": "catmullrom"
						},
						"0.2917": {
							"post": [-11.83102, -14.96568, 15.40346],
							"lerp_mode": "catmullrom"
						},
						"0.4583": {
							"post": [-0.12978, 0.95523, -1.9975],
							"lerp_mode": "catmullrom"
						},
						"0.5833": {
							"post": [0.06544, 0.02068, 0.99765],
							"lerp_mode": "catmullrom"
						},
						"0.6667": [0, 0, 0]
					},
					"position": {
						"0.0": {
							"post": [-0.05, -5.86, 1.61],
							"lerp_mode": "catmullrom"
						},
						"0.2917": {
							"post": [0.5, -0.75, 0],
							"lerp_mode": "catmullrom"
						},
						"0.4583": {
							"post": [0.1, -0.5, -0.2],
							"lerp_mode": "catmullrom"
						},
						"0.5833": {
							"post": [0, 0, 0],
							"lerp_mode": "catmullrom"
						},
						"0.6667": [0, 0, 0]
					}
				},
				"bolt": {
					"position": [0, 0, 0]
				},
				"right_arm": {
					"rotation": [90, 0, -180],
					"position": [5.65, -2.2, 4.5]
				},
				"left_arm": {
					"rotation": {
						"0.0": [140.17567, -51.6326, -321.0655],
						"0.4583": [73.95054, -26.20116, -129.71317],
						"0.625": [73.95054, -26.20116, -129.71317]
					},
					"position": {
						"0.0": [21.5, -9.02963, -2.1441],
						"0.2083": [-1.95, -5.49, -2.72],
						"0.4583": [-2.7, -5.85, -2.85],
						"0.625": [-2.7, -5.85, -2.85]
					},
					"scale": 0
				}
			}
		},
		"idle": {
			"loop": true,
			"bones": {
				"shell": {
					"scale": 0
				},
				"gun_body": {
					"rotation": [0, 0, 0],
					"position": [0, 0, 0]
				},
				"right_arm": {
					"rotation": [90, 0, -180],
					"position": [5.65, -2.2, 4.5]
				},
				"left_arm": {
					"scale": 0
				}
			}
		},
		"inspect": {
			"animation_length": 4.625,
			"bones": {
				"shell": {
					"scale": 0
				},
				"gun_body": {
					"rotation": {
						"0.0": [0, 0, 0],
						"0.0833": {
							"pre": [-2.5, 0, -5],
							"post": [-2.5, 0, -5],
							"lerp_mode": "catmullrom"
						},
						"0.1667": {
							"post": [-7.47864, -0.32621, -12.49294],
							"lerp_mode": "catmullrom"
						},
						"0.25": {
							"post": [-19.87314, -1.2969, -19.9307],
							"lerp_mode": "catmullrom"
						},
						"0.3333": {
							"post": [-20.01114, -1.32137, -21.92263],
							"lerp_mode": "catmullrom"
						},
						"0.4167": {
							"post": [-20.05087, -0.29358, -19.10387],
							"lerp_mode": "catmullrom"
						},
						"0.5": {
							"post": [-20.13961, -0.34129, -21.10006],
							"lerp_mode": "catmullrom"
						},
						"0.6667": {
							"post": [-20.12016, -0.35702, -19.64359],
							"lerp_mode": "catmullrom"
						},
						"0.9167": {
							"post": [-20.18918, -0.31605, -21.09822],
							"lerp_mode": "catmullrom"
						},
						"1.125": {
							"post": [-20.12013, -0.30421, -20.10105],
							"lerp_mode": "catmullrom"
						},
						"1.375": {
							"post": [-19.62013, -0.30421, -20.10105],
							"lerp_mode": "catmullrom"
						},
						"1.5833": {
							"post": [-19.45564, 5.40033, -11.50732],
							"lerp_mode": "catmullrom"
						},
						"1.7083": {
							"post": [-19.18413, 8.74651, -4.95155],
							"lerp_mode": "catmullrom"
						},
						"1.8333": {
							"post": [-13.53441, 21.41526, 20.89118],
							"lerp_mode": "catmullrom"
						},
						"1.9583": {
							"post": [-13.15756, 22.64686, 23.72199],
							"lerp_mode": "catmullrom"
						},
						"2.0833": {
							"post": [-13.13595, 22.65322, 24.22988],
							"lerp_mode": "catmullrom"
						},
						"2.1667": {
							"post": [-13.53975, 22.42253, 23.17639],
							"lerp_mode": "catmullrom"
						},
						"2.5417": {
							"post": [-13.49666, 22.43546, 24.19195],
							"lerp_mode": "catmullrom"
						},
						"2.6667": {
							"post": [-12.59303, 21.91271, 26.53963],
							"lerp_mode": "catmullrom"
						},
						"2.75": {
							"post": [-11.31399, 21.55584, 29.92208],
							"lerp_mode": "catmullrom"
						},
						"2.8333": {
							"post": [-9.37669, 22.01837, 31.55077],
							"lerp_mode": "catmullrom"
						},
						"2.9583": {
							"post": [-8.63439, 23.31914, 33.52179],
							"lerp_mode": "catmullrom"
						},
						"3.0833": {
							"post": [-9.47944, 23.00426, 31.37356],
							"lerp_mode": "catmullrom"
						},
						"3.25": {
							"post": [-9.89625, 22.83598, 30.30332],
							"lerp_mode": "catmullrom"
						},
						"3.4583": {
							"post": [-6.34703, 23.24315, 32.98379],
							"lerp_mode": "catmullrom"
						},
						"3.7083": {
							"post": [-0.03224, 0.97326, 1.50032],
							"lerp_mode": "catmullrom"
						},
						"3.8333": {
							"post": [0, 0, 0],
							"lerp_mode": "catmullrom"
						},
						"3.9583": {
							"post": [-0.01558, -0.01399, -0.49956],
							"lerp_mode": "catmullrom"
						},
						"4.0833": [0, 0, 0]
					},
					"position": {
						"0.0": [0, 0, 0],
						"0.0833": {
							"pre": [0, -0.75, -0.25],
							"post": [0, -0.75, -0.25],
							"lerp_mode": "catmullrom"
						},
						"0.1667": {
							"post": [-0.25, 0, -0.75],
							"lerp_mode": "catmullrom"
						},
						"0.25": {
							"post": [-0.5, 2, -0.5],
							"lerp_mode": "catmullrom"
						},
						"0.3333": {
							"post": [-0.75, 1.5, -0.5],
							"lerp_mode": "catmullrom"
						},
						"0.5": {
							"post": [-0.75, 1.2, -0.5],
							"lerp_mode": "catmullrom"
						},
						"0.6667": {
							"post": [-0.775, 1.4, -0.5],
							"lerp_mode": "catmullrom"
						},
						"0.9167": {
							"post": [-0.895, 1.3, -0.5],
							"lerp_mode": "catmullrom"
						},
						"1.25": {
							"post": [-0.99, 1.175, -0.5],
							"lerp_mode": "catmullrom"
						},
						"1.5833": {
							"post": [-0.59, 1.18, -0.5],
							"lerp_mode": "catmullrom"
						},
						"1.7083": {
							"post": [0.16, -0.07, -0.5],
							"lerp_mode": "catmullrom"
						},
						"1.8333": {
							"post": [0.91, -0.57, -0.5],
							"lerp_mode": "catmullrom"
						},
						"1.9583": {
							"post": [1.16, -0.32, -0.5],
							"lerp_mode": "catmullrom"
						},
						"2.0833": {
							"post": [1.06, -0.32, -0.7],
							"lerp_mode": "catmullrom"
						},
						"2.2083": {
							"post": [1.06, -0.32, -0.66],
							"lerp_mode": "catmullrom"
						},
						"2.5417": {
							"post": [1.085, -0.32, -0.7],
							"lerp_mode": "catmullrom"
						},
						"2.6667": {
							"post": [0.99, -0.22, -0.7],
							"lerp_mode": "catmullrom"
						},
						"2.8333": {
							"post": [0.99, -0.02, -0.7],
							"lerp_mode": "catmullrom"
						},
						"3.0833": {
							"post": [1.09, -0.12, -0.8],
							"lerp_mode": "catmullrom"
						},
						"3.4583": {
							"post": [0.79, -0.72, -1.3],
							"lerp_mode": "catmullrom"
						},
						"3.5833": {
							"post": [0.38, -1.15, -0.68],
							"lerp_mode": "catmullrom"
						},
						"3.7083": {
							"post": [-0.1, -0.4, 0],
							"lerp_mode": "catmullrom"
						},
						"3.8333": {
							"post": [0, -0.1, 0.1],
							"lerp_mode": "catmullrom"
						},
						"3.9583": {
							"post": [0, 0, 0],
							"lerp_mode": "catmullrom"
						},
						"4.0833": [0, 0, 0]
					}
				},
				"right_arm": {
					"rotation": [90, 0, -180],
					"position": [5.65, -2.2, 4.5]
				},
				"left_arm": {
					"rotation": [73.95054, -26.20116, -129.71317],
					"position": [-3.5, -4.7, -2.85],
					"scale": 0
				}
			}
		},
		"aim_shoot": {
			"loop": true,
			"animation_length": 1,
			"bones": {
				"gun_body": {
					"rotation": {
						"0.0": {
							"post": [-17.17819, -3.29629, -9.47025],
							"lerp_mode": "catmullrom"
						},
						"0.0417": {
							"post": [-16.62675, -5.47975, -16.66694],
							"lerp_mode": "catmullrom"
						},
						"0.125": {
							"post": [-4.58863, -5.09959, -11.66007],
							"lerp_mode": "catmullrom"
						},
						"0.2083": {
							"post": [-5.21422, -4.45786, -4.16143],
							"lerp_mode": "catmullrom"
						},
						"0.3333": {
							"post": [-2.89941, -1.83848, -1.78385],
							"lerp_mode": "catmullrom"
						},
						"0.4583": {
							"post": [-0.15586, 0.62511, -9.29451],
							"lerp_mode": "catmullrom"
						},
						"0.5417": {
							"post": [-2.67758, 0.61929, -11.29462],
							"lerp_mode": "catmullrom"
						},
						"0.6667": {
							"post": [-1.70602, 0.74199, -7.93228],
							"lerp_mode": "catmullrom"
						},
						"0.7917": [0, 0, 0],
						"0.875": [0.04577, 0.00041, 0.99895],
						"1.0": [0, 0, 0]
					},
					"position": {
						"0.0": {
							"post": [0, 0, 1],
							"lerp_mode": "catmullrom"
						},
						"0.0417": {
							"post": [0, 0.5, 1.25],
							"lerp_mode": "catmullrom"
						},
						"0.125": {
							"post": [0, 0.25, 1.5],
							"lerp_mode": "catmullrom"
						},
						"0.2083": {
							"post": [0, -0.5, 1.25],
							"lerp_mode": "catmullrom"
						},
						"0.3333": {
							"post": [0, -0.75, 0.75],
							"lerp_mode": "catmullrom"
						},
						"0.4583": {
							"post": [-0.25, -0.5, 0.5],
							"lerp_mode": "catmullrom"
						},
						"0.5417": {
							"post": [-0.25, -0.5, 0.6],
							"lerp_mode": "catmullrom"
						},
						"0.6667": {
							"post": [0, -0.7, 0.5],
							"lerp_mode": "catmullrom"
						},
						"1.0": [0, 0, 0]
					}
				},
				"bolt": {
					"position": {
						"0.0": {
							"post": [0, 0, 2.25],
							"lerp_mode": "catmullrom"
						},
						"0.2083": {
							"post": [0, 0, 0],
							"lerp_mode": "catmullrom"
						},
						"0.6667": {
							"post": [0, 0, 0],
							"lerp_mode": "catmullrom"
						},
						"0.75": {
							"post": [0, 0, 0],
							"lerp_mode": "catmullrom"
						},
						"1.0": {
							"post": [0, 0, 0],
							"lerp_mode": "catmullrom"
						}
					}
				},
				"right_arm": {
					"rotation": {
						"0.0": [90, 0, -180],
						"0.2083": [90, 0, -180],
						"0.4583": [112.5, 0, -180],
						"0.6667": [125, 0, -180],
						"0.7917": [115, 0, -180],
						"0.9167": [90, 0, -180]
					},
					"position": {
						"0.0": [5.65, -2.2, 4.5],
						"0.2083": [5.65, -2.2, 4.5],
						"0.4583": [3.9, -1.95, 2.5],
						"0.6667": [3.9, -4.05, 2.5],
						"0.7917": [4.15, -4.05, 3.5],
						"0.9167": [5.65, -2.2, 4.5]
					}
				},
				"hammer": {
					"rotation": {
						"0.0": {
							"post": [77.5, 0, 0],
							"lerp_mode": "catmullrom"
						},
						"0.4583": {
							"post": [77.5, 0, 0],
							"lerp_mode": "catmullrom"
						},
						"0.6667": {
							"post": [-5.62, 0, 0],
							"lerp_mode": "catmullrom"
						},
						"0.75": {
							"post": [0, 0, 0],
							"lerp_mode": "catmullrom"
						},
						"1.0": {
							"post": [0, 0, 0],
							"lerp_mode": "catmullrom"
						}
					}
				},
				"flash": {
					"rotation": {
						"0.0": {
							"post": [314.30248, 44.68812, -227.48162],
							"lerp_mode": "catmullrom"
						},
						"1.0": {
							"post": [314.3, 44.69, -227.48],
							"lerp_mode": "catmullrom"
						}
					},
					"position": {
						"0.0": {
							"post": [-1.12714, 0.27466, -1.39701],
							"lerp_mode": "catmullrom"
						},
						"0.0833": {
							"post": [-1.12706, 0.27252, -1.61716],
							"lerp_mode": "catmullrom"
						},
						"1.0": {
							"post": [-1.13, 1.02, -0.9],
							"lerp_mode": "catmullrom"
						}
					},
					"scale": {
						"0.0": [1, 1, 1],
						"0.0833": [1.5, 1.5, 1.5],
						"0.2083": [0, 0, 0],
						"0.75": [0, 0, 0],
						"1.0": [0, 0, 0]
					}
				},
				"left_arm": {
					"rotation": {
						"0.0": {
							"post": [73.95054, -26.20116, -129.71317],
							"lerp_mode": "catmullrom"
						},
						"0.75": {
							"post": [73.95054, -26.20116, -129.71317],
							"lerp_mode": "catmullrom"
						},
						"1.0": {
							"post": [73.95, -26.2, -129.71],
							"lerp_mode": "catmullrom"
						}
					},
					"position": {
						"0.0": {
							"post": [-2.7, -5.85, -2.85],
							"lerp_mode": "catmullrom"
						},
						"0.75": {
							"post": [-2.7, -5.85, -2.85],
							"lerp_mode": "catmullrom"
						},
						"1.0": {
							"post": [-2.7, -5.85, -2.85],
							"lerp_mode": "catmullrom"
						}
					},
					"scale": {
						"0.0": {
							"post": [0, 0, 0],
							"lerp_mode": "catmullrom"
						},
						"1.0": {
							"post": [0, 0, 0],
							"lerp_mode": "catmullrom"
						}
					}
				}
			},
			"particle_effects": {
				"0.0": {
					"effect": "eject_casing"
				}
			}
		}
	}
}