{
	"format_version": "1.8.0",
	"animations": {
		"shoot": {
			"loop": true,
			"animation_length": 0.5833,
			"bones": {
				"right_arm": {
					"rotation": {
						"0.0": {
							"post": [90, 0, -180],
							"lerp_mode": "catmullrom"
						},
						"0.375": {
							"post": [90, 0, -180],
							"lerp_mode": "catmullrom"
						},
						"0.5": [90, 0, -180],
						"0.5833": [90, 0, -180]
					},
					"position": {
						"0.0": {
							"post": [5.65, -2.2, 5.5],
							"lerp_mode": "catmullrom"
						},
						"0.375": {
							"post": [5.65, -2.2, 5.75],
							"lerp_mode": "catmullrom"
						},
						"0.5": [5.65, -2.2, 5.75],
						"0.5833": [5.65, -2.2, 5.75]
					}
				},
				"left_arm": {
					"rotation": {
						"0.0": {
							"post": [73.95054, -26.20116, -129.71317],
							"lerp_mode": "catmullrom"
						},
						"0.375": {
							"post": [73.95054, -26.20116, -129.71317],
							"lerp_mode": "catmullrom"
						},
						"0.5": [73.95054, -26.20116, -129.71317],
						"0.5833": [73.95054, -26.20116, -129.71317]
					},
					"position": {
						"0.0": {
							"post": [-3.5, -4.7, -2.85],
							"lerp_mode": "catmullrom"
						},
						"0.375": {
							"post": [-3.2, -5.35, -3.85],
							"lerp_mode": "catmullrom"
						},
						"0.5": [-3.2, -5.35, -3.85],
						"0.5833": [-3.2, -5.35, -3.85]
					}
				},
				"gun_body": {
					"rotation": {
						"0.0": {
							"post": [-5.68284, -1.01786, -12.71714],
							"lerp_mode": "catmullrom"
						},
						"0.0833": {
							"post": [-1.36854, -3.79336, 2.99586],
							"lerp_mode": "catmullrom"
						},
						"0.1667": {
							"post": [2.3408, 0.38482, -5.62935],
							"lerp_mode": "catmullrom"
						},
						"0.2917": {
							"post": [1.39566, -0.06869, 1.23475],
							"lerp_mode": "catmullrom"
						},
						"0.375": {
							"post": [1.60361, 0.14873, 1.97507],
							"lerp_mode": "catmullrom"
						},
						"0.5": [0.04948, 0.18271, 0.49496],
						"0.5833": [0, 0, 0]
					},
					"position": {
						"0.0": {
							"post": [-0.04568, -0.17869, 2.36907],
							"lerp_mode": "catmullrom"
						},
						"0.0833": {
							"post": [0, -1.53485, 0.81587],
							"lerp_mode": "catmullrom"
						},
						"0.1667": {
							"post": [0, -2.03, 0.82],
							"lerp_mode": "catmullrom"
						},
						"0.375": {
							"post": [-0.1, -0.4, -0.2],
							"lerp_mode": "catmullrom"
						},
						"0.5": [0, 0, 0],
						"0.5833": [0, 0, 0]
					}
				},
				"bolt": {
					"position": {
						"0.0": [0, 0, 2.6],
						"0.125": [0, 0, 0],
						"0.375": [0, 0, 0]
					}
				},
				"shell": {
					"scale": 0
				}
			},
			"particle_effects": {
				"0.0": {
					"effect": "eject_casing"
				}
			}
		},
		"aim_shoot": {
			"loop": true,
			"animation_length": 0.5833,
			"bones": {
				"right_arm": {
					"rotation": {
						"0.0": {
							"post": [90, 0, -180],
							"lerp_mode": "catmullrom"
						},
						"0.375": {
							"post": [90, 0, -180],
							"lerp_mode": "catmullrom"
						},
						"0.5": [90, 0, -180],
						"0.5833": [90, 0, -180]
					},
					"position": {
						"0.0": {
							"post": [5.65, -2.2, 5.5],
							"lerp_mode": "catmullrom"
						},
						"0.375": {
							"post": [5.65, -2.2, 5.75],
							"lerp_mode": "catmullrom"
						},
						"0.5": [5.65, -2.2, 5.75],
						"0.5833": [5.65, -2.2, 5.75]
					}
				},
				"left_arm": {
					"rotation": {
						"0.0": {
							"post": [73.95054, -26.20116, -129.71317],
							"lerp_mode": "catmullrom"
						},
						"0.375": {
							"post": [73.95054, -26.20116, -129.71317],
							"lerp_mode": "catmullrom"
						},
						"0.5": [73.95054, -26.20116, -129.71317],
						"0.5833": [73.95054, -26.20116, -129.71317]
					},
					"position": {
						"0.0": {
							"post": [-3.5, -4.7, -2.85],
							"lerp_mode": "catmullrom"
						},
						"0.375": {
							"post": [-3.2, -5.35, -3.85],
							"lerp_mode": "catmullrom"
						},
						"0.5": [-3.2, -5.35, -3.85],
						"0.5833": [-3.2, -5.35, -3.85]
					}
				},
				"gun_body": {
					"rotation": {
						"0.0": {
							"post": [-5.68284, -1.01786, -12.71714],
							"lerp_mode": "catmullrom"
						},
						"0.0833": {
							"post": [-1.36854, -3.79336, 2.99586],
							"lerp_mode": "catmullrom"
						},
						"0.1667": {
							"post": [2.3408, 0.38482, -5.62935],
							"lerp_mode": "catmullrom"
						},
						"0.2917": {
							"post": [1.39566, -0.06869, 1.23475],
							"lerp_mode": "catmullrom"
						},
						"0.375": {
							"post": [1.60361, 0.14873, 1.97507],
							"lerp_mode": "catmullrom"
						},
						"0.5": [0.04948, 0.18271, 0.49496],
						"0.5833": [0, 0, 0]
					},
					"position": {
						"0.0": {
							"post": [-0.04568, -0.17869, 2.36907],
							"lerp_mode": "catmullrom"
						},
						"0.0833": {
							"post": [0, -1.53485, 0.81587],
							"lerp_mode": "catmullrom"
						},
						"0.1667": {
							"post": [0, -2.03, 0.82],
							"lerp_mode": "catmullrom"
						},
						"0.375": {
							"post": [-0.1, -0.4, -0.2],
							"lerp_mode": "catmullrom"
						},
						"0.5": [0, 0, 0],
						"0.5833": [0, 0, 0]
					}
				},
				"bolt": {
					"position": {
						"0.0": [0, 0, 2.6],
						"0.125": [0, 0, 0],
						"0.375": [0, 0, 0]
					}
				},
				"shell": {
					"scale": 0
				}
			},
			"particle_effects": {
				"0.0": {
					"effect": "eject_casing"
				}
			}
		},
		"draw": {
			"animation_length": 1.3333,
			"bones": {
				"right_arm": {
					"rotation": {
						"0.0": {
							"post": [90, 0, -180],
							"lerp_mode": "catmullrom"
						},
						"1.2083": [90, 0, -180]
					},
					"position": {
						"0.0": {
							"post": [5.65, -2.2, 5.5],
							"lerp_mode": "catmullrom"
						},
						"1.2083": [5.65, -2.2, 5.75]
					}
				},
				"left_arm": {
					"rotation": {
						"0.0": {
							"post": [72.47009, -11.21623, -129.00086],
							"lerp_mode": "catmullrom"
						},
						"0.5833": {
							"post": [72.47009, -11.21623, -129.00086],
							"lerp_mode": "catmullrom"
						},
						"0.7083": {
							"post": [73.95054, -26.20116, -129.71317],
							"lerp_mode": "catmullrom"
						},
						"0.875": {
							"post": [73.95054, -26.20116, -129.71317],
							"lerp_mode": "catmullrom"
						},
						"1.0": {
							"post": [73.95054, -26.20116, -129.71317],
							"lerp_mode": "catmullrom"
						},
						"1.125": {
							"post": [73.95054, -26.20116, -129.71317],
							"lerp_mode": "catmullrom"
						},
						"1.2083": {
							"post": [73.95054, -26.20116, -129.71317],
							"lerp_mode": "catmullrom"
						}
					},
					"position": {
						"0.0": {
							"post": [-3.81123, -6.22947, -3.30663],
							"lerp_mode": "catmullrom"
						},
						"0.125": {
							"post": [-3.56, -6.98, -3.06],
							"lerp_mode": "catmullrom"
						},
						"0.5833": {
							"post": [-3.56, -6.98, -3.06],
							"lerp_mode": "catmullrom"
						},
						"0.7083": {
							"post": [-3.2, -5.35, -5.35],
							"lerp_mode": "catmullrom"
						},
						"0.875": {
							"post": [-3.2, -5.35, -4.1],
							"lerp_mode": "catmullrom"
						},
						"1.0": {
							"post": [-3.2, -5.35, -3.85],
							"lerp_mode": "catmullrom"
						},
						"1.125": {
							"post": [-3.2, -5.35, -3.85],
							"lerp_mode": "catmullrom"
						},
						"1.2083": {
							"post": [-3.2, -5.35, -3.85],
							"lerp_mode": "catmullrom"
						}
					}
				},
				"gun_body": {
					"rotation": {
						"0.0": {
							"post": [3.36554, 3.47231, 15.51542],
							"lerp_mode": "catmullrom"
						},
						"0.125": {
							"post": [-6.63446, 3.47231, 15.51542],
							"lerp_mode": "catmullrom"
						},
						"0.25": {
							"post": [-19.41091, 0.99367, 8.4309],
							"lerp_mode": "catmullrom"
						},
						"0.375": {
							"post": [-29.1578, -0.79431, -4.18864],
							"lerp_mode": "catmullrom"
						},
						"0.5": {
							"post": [-33.08699, -2.43386, -6.70207],
							"lerp_mode": "catmullrom"
						},
						"0.5833": {
							"post": [-32.91383, -1.84526, -9.46956],
							"lerp_mode": "catmullrom"
						},
						"0.7083": {
							"post": [-22.97393, -2.88674, -9.15696],
							"lerp_mode": "catmullrom"
						},
						"0.875": [-7, 0, -10],
						"1.0": [0.02985, 0.0595, 0.9978],
						"1.125": [-0.04818, 0.00285, -0.99884],
						"1.2083": [0, 0, 0]
					},
					"position": {
						"0.0": {
							"post": [0.02342, -2.63275, -0.3157],
							"lerp_mode": "catmullrom"
						},
						"0.125": {
							"post": [0.02, -2.13, -0.82],
							"lerp_mode": "catmullrom"
						},
						"0.25": {
							"post": [-0.73, -1.23, -0.62],
							"lerp_mode": "catmullrom"
						},
						"0.375": {
							"post": [-0.98, -0.73, -1.12],
							"lerp_mode": "catmullrom"
						},
						"0.5": {
							"post": [-0.98, -1.18, -1.12],
							"lerp_mode": "catmullrom"
						},
						"0.5833": {
							"post": [-0.98, -1.38, -1.12],
							"lerp_mode": "catmullrom"
						},
						"0.7083": {
							"post": [-0.98, -2.13, -3.32],
							"lerp_mode": "catmullrom"
						},
						"0.875": [0, -0.55, -0.7],
						"1.0": [0, -0.15, 0.5],
						"1.125": [0, 0, 0],
						"1.2083": [0, 0, 0]
					}
				},
				"shell": {
					"scale": 0
				},
				"barrel": {
					"rotation": {
						"0.0": {
							"post": [35.78189, 0, 0],
							"lerp_mode": "catmullrom"
						},
						"0.125": {
							"post": [50.78, 0, 0],
							"lerp_mode": "catmullrom"
						},
						"0.5833": {
							"post": [50.78, 0, 0],
							"lerp_mode": "catmullrom"
						},
						"0.7083": {
							"post": [0, 0, 0],
							"lerp_mode": "catmullrom"
						}
					}
				}
			},
			"sound_effects": {
				"0.6667": {
					"effect": "mag_out"
				}
			}
		},
		"reload_start": {
			"loop": "hold_on_last_frame",
			"animation_length": 0.9167,
			"bones": {
				"gun_body": {
					"rotation": {
						"0.0": {
							"post": [0, 0, 0],
							"lerp_mode": "catmullrom"
						},
						"0.125": {
							"post": [-2.49658, -0.1308, -2.99715],
							"lerp_mode": "catmullrom"
						},
						"0.25": {
							"post": [0.50106, -0.13956, -1.99719],
							"lerp_mode": "catmullrom"
						},
						"0.375": {
							"post": [-5.05643, -0.60039, -7.45419],
							"lerp_mode": "catmullrom"
						},
						"0.5": {
							"post": [-12.51929, -1.14318, -9.89485],
							"lerp_mode": "catmullrom"
						},
						"0.625": {
							"post": [-17.55119, -0.38984, -7.51082],
							"lerp_mode": "catmullrom"
						},
						"0.75": {
							"post": [-24.9091, 2.78116, -0.7118],
							"lerp_mode": "catmullrom"
						},
						"0.8333": {
							"post": [-24.78436, 2.71417, 1.52574],
							"lerp_mode": "catmullrom"
						},
						"0.9167": {
							"post": [-24.68907, 3.00807, 0.71221],
							"lerp_mode": "catmullrom"
						}
					},
					"position": {
						"0.0": {
							"post": [0, 0, 0],
							"lerp_mode": "catmullrom"
						},
						"0.125": {
							"post": [0, -0.1, 0.5],
							"lerp_mode": "catmullrom"
						},
						"0.25": {
							"post": [0, -0.5, 0.7],
							"lerp_mode": "catmullrom"
						},
						"0.375": {
							"post": [0, -0.7, 0.5],
							"lerp_mode": "catmullrom"
						},
						"0.5": {
							"post": [0, -1.2, 1],
							"lerp_mode": "catmullrom"
						},
						"0.625": {
							"post": [0, -0.7, 0.8],
							"lerp_mode": "catmullrom"
						},
						"0.75": {
							"post": [0, -0.2, 0.55],
							"lerp_mode": "catmullrom"
						},
						"0.8333": {
							"post": [0.05, -0.3, 0.55],
							"lerp_mode": "catmullrom"
						},
						"0.9167": {
							"post": [0.1, -0.3, 0.55],
							"lerp_mode": "catmullrom"
						}
					}
				},
				"right_arm": {
					"rotation": {
						"0.0": [90, 0, -180],
						"0.125": [102.5, 0, -180]
					},
					"position": {
						"0.0": [5.65, -2.2, 5.75],
						"0.125": [5.4, -1.7, 5.75]
					}
				},
				"left_arm": {
					"rotation": {
						"0.0": {
							"post": [73.95054, -26.20116, -129.71317],
							"lerp_mode": "catmullrom"
						},
						"0.9167": {
							"post": [73.95, -26.2, -129.71],
							"lerp_mode": "catmullrom"
						}
					},
					"position": {
						"0.0": {
							"post": [-3.2, -5.35, -3.85],
							"lerp_mode": "catmullrom"
						},
						"0.25": {
							"post": [-1.2, -7.35, -2.85],
							"lerp_mode": "catmullrom"
						},
						"0.9167": {
							"post": [2.8, -6.35, 5.15],
							"lerp_mode": "catmullrom"
						}
					}
				},
				"shell": {
					"scale": {
						"0.0": [0, 0, 0],
						"0.2083": [0, 0, 0],
						"0.25": [0, 0, 0],
						"0.7083": [0, 0, 0],
						"0.8333": [0, 0, 0]
					}
				},
				"barrel": {
					"rotation": {
						"0.0": {
							"post": [0, 0, 0],
							"lerp_mode": "catmullrom"
						},
						"0.25": {
							"post": [0, 0, 0],
							"lerp_mode": "catmullrom"
						},
						"0.4167": {
							"post": [89.53, 0, 0],
							"lerp_mode": "catmullrom"
						},
						"0.5": {
							"post": [88.53095, 0, -0.625],
							"lerp_mode": "catmullrom"
						},
						"0.5833": {
							"post": [89.53, 0, 0],
							"lerp_mode": "catmullrom"
						},
						"0.9167": {
							"post": [89.53, 0, 0],
							"lerp_mode": "catmullrom"
						}
					},
					"position": [0, 0, 0]
				}
			},
			"sound_effects": {
				"0.25": {
					"effect": "reload_mag_out"
				},
				"0.2917": {
					"effect": "rustle"
				}
			}
		},
		"reload_loop": {
			"loop": true,
			"animation_length": 0.875,
			"bones": {
				"gun_body": {
					"rotation": {
						"0.0": {
							"post": [-24.68907, 3.00807, 0.71221],
							"lerp_mode": "catmullrom"
						},
						"0.1667": {
							"post": [-23.78762, 1.96175, -1.56047],
							"lerp_mode": "catmullrom"
						},
						"0.2917": {
							"post": [-24.32571, 5.29099, 5.72953],
							"lerp_mode": "catmullrom"
						},
						"0.4167": {
							"post": [-23.09675, 6.19672, 8.07394],
							"lerp_mode": "catmullrom"
						},
						"0.5833": {
							"post": [-23.43394, 4.72824, 2.84317],
							"lerp_mode": "catmullrom"
						},
						"0.75": {
							"post": [-24.73348, 2.59002, -0.1973],
							"lerp_mode": "catmullrom"
						},
						"0.875": {
							"post": [-24.68907, 3.00807, 0.71221],
							"lerp_mode": "catmullrom"
						}
					},
					"position": {
						"0.0": {
							"post": [0.1, -0.3, 0.55],
							"lerp_mode": "catmullrom"
						},
						"0.1667": {
							"post": [0.2, -0.2, 0.55],
							"lerp_mode": "catmullrom"
						},
						"0.2917": {
							"post": [0.2, -0.35, 0.55],
							"lerp_mode": "catmullrom"
						},
						"0.4167": {
							"post": [0.4, -0.3, 0.55],
							"lerp_mode": "catmullrom"
						},
						"0.5833": {
							"post": [0.3, -0.4, 0.55],
							"lerp_mode": "catmullrom"
						},
						"0.75": {
							"post": [0.1, -0.3, 0.55],
							"lerp_mode": "catmullrom"
						},
						"0.875": {
							"post": [0.1, -0.3, 0.55],
							"lerp_mode": "catmullrom"
						}
					}
				},
				"left_arm": {
					"rotation": {
						"0.0": {
							"post": [73.95, -26.2, -129.71],
							"lerp_mode": "catmullrom"
						},
						"0.0417": {
							"post": [130.42676, -27.28942, -205.57668],
							"lerp_mode": "catmullrom"
						},
						"0.125": {
							"post": [138.28256, 9.50812, -225.57895],
							"lerp_mode": "catmullrom"
						},
						"0.25": {
							"post": [139.39255, 6.9042, -213.24878],
							"lerp_mode": "catmullrom"
						},
						"0.3333": {
							"post": [148.12936, -16.45468, -232.91487],
							"lerp_mode": "catmullrom"
						},
						"0.4583": [138.60577, -13.49867, -225.30412],
						"0.75": {
							"pre": [73.95, -26.2, -129.71],
							"post": [73.95, -26.2, -129.71],
							"lerp_mode": "catmullrom"
						}
					},
					"position": {
						"0.0": {
							"post": [2.8, -6.35, 5.15],
							"lerp_mode": "catmullrom"
						},
						"0.0417": {
							"post": [2.8, -5.35, 0.15],
							"lerp_mode": "catmullrom"
						},
						"0.125": {
							"post": [-0.2, -1.35, -3.85],
							"lerp_mode": "catmullrom"
						},
						"0.25": {
							"post": [-0.45, -3.1, -3.85],
							"lerp_mode": "catmullrom"
						},
						"0.3333": {
							"post": [-1.95, -2.85, -5.35],
							"lerp_mode": "catmullrom"
						},
						"0.4167": [-1.13, -2.77, -6.07],
						"0.4583": [-1.2, -3, -5.2],
						"0.75": {
							"pre": [2.8, -6.35, 5.15],
							"post": [2.8, -6.35, 5.15],
							"lerp_mode": "catmullrom"
						}
					}
				},
				"right_arm": {
					"rotation": [102.5, 0, -180],
					"position": [5.4, -1.7, 5.75]
				},
				"shell": {
					"scale": {
						"0.0": {
							"post": [0, 0, 0],
							"lerp_mode": "catmullrom"
						}
					}
				},
				"barrel": {
					"rotation": {
						"0.0": {
							"post": [89.53, 0, 0],
							"lerp_mode": "catmullrom"
						}
					},
					"position": {
						"0.0": {
							"post": [0, 0, 0],
							"lerp_mode": "catmullrom"
						}
					}
				}
			},
			"sound_effects": {
				"0.25": {
					"effect": "reload_mag_in"
				}
			},
			"particle_effects": {
				"0.8333": {
					"effect": "loaded"
				},
				"0.875": {
					"effect": "loop_end"
				}
			}
		},
		"reload_stop": {
			"loop": "hold_on_last_frame",
			"animation_length": 0.9583,
			"bones": {
				"gun_body": {
					"rotation": {
						"0.0": {
							"post": [-24.68907, 3.00807, 0.71221],
							"lerp_mode": "catmullrom"
						},
						"0.0833": {
							"post": [-29.77961, 1.76798, -1.46047],
							"lerp_mode": "catmullrom"
						},
						"0.2083": {
							"post": [-18.42572, -3.93615, -14.68318],
							"lerp_mode": "catmullrom"
						},
						"0.3333": {
							"post": [-8.79319, -1.17213, -9.15776],
							"lerp_mode": "catmullrom"
						},
						"0.4583": {
							"post": [-7.88987, -1.20776, -3.04153],
							"lerp_mode": "catmullrom"
						},
						"0.625": [0, -1, 2],
						"0.7917": [-0.02041, 0.05037, -0.99853],
						"0.9583": [0, 0, 0]
					},
					"position": {
						"0.0": {
							"post": [0.1, -0.3, 0.55],
							"lerp_mode": "catmullrom"
						},
						"0.0833": {
							"post": [0.1, -0.2, 0.35],
							"lerp_mode": "catmullrom"
						},
						"0.2083": {
							"post": [0.1, -1.9, -0.1],
							"lerp_mode": "catmullrom"
						},
						"0.3333": {
							"post": [-0.15, -2.45, 0.35],
							"lerp_mode": "catmullrom"
						},
						"0.625": [-0.1, -0.1, -0.1],
						"0.7917": [0, 0, 0.1],
						"0.9583": [0, 0, 0]
					}
				},
				"right_arm": {
					"rotation": {
						"0.0": [102.5, 0, -180],
						"0.125": [90, 0, -180],
						"0.7917": [90, 0, -180],
						"0.9583": [90, 0, -180]
					},
					"position": {
						"0.0": [5.4, -1.7, 5.75],
						"0.125": [5.65, -2.2, 5.75],
						"0.7917": [5.65, -2.2, 5.75],
						"0.9583": [5.65, -2.2, 5.75]
					}
				},
				"left_arm": {
					"rotation": {
						"0.0": {
							"post": [73.95, -26.2, -129.71],
							"lerp_mode": "catmullrom"
						},
						"0.625": {
							"post": [73.95054, -26.20116, -129.71317],
							"lerp_mode": "catmullrom"
						},
						"0.7917": {
							"post": [73.95054, -26.20116, -129.71317],
							"lerp_mode": "catmullrom"
						},
						"0.9583": {
							"post": [73.95054, -26.20116, -129.71317],
							"lerp_mode": "catmullrom"
						}
					},
					"position": {
						"0.0": {
							"post": [2.8, -6.35, 5.15],
							"lerp_mode": "catmullrom"
						},
						"0.0833": {
							"post": [-3.2, -8.6, -1.85],
							"lerp_mode": "catmullrom"
						},
						"0.2083": {
							"post": [-3.2, -5.1, -4.85],
							"lerp_mode": "catmullrom"
						},
						"0.625": {
							"post": [-3.2, -5.35, -3.85],
							"lerp_mode": "catmullrom"
						},
						"0.7917": {
							"post": [-3.2, -5.35, -3.85],
							"lerp_mode": "catmullrom"
						},
						"0.9583": {
							"post": [-3.2, -5.35, -3.85],
							"lerp_mode": "catmullrom"
						}
					}
				},
				"shell": {
					"scale": {
						"0.0": {
							"post": [0, 0, 0],
							"lerp_mode": "catmullrom"
						}
					}
				},
				"barrel": {
					"rotation": {
						"0.0": {
							"post": [89.53, 0, 0],
							"lerp_mode": "catmullrom"
						},
						"0.0833": {
							"post": [89.53, 0, 0],
							"lerp_mode": "catmullrom"
						},
						"0.2083": {
							"post": [0, 0, 0],
							"lerp_mode": "catmullrom"
						}
					},
					"position": {
						"0.0": {
							"post": [0, 0, 0],
							"lerp_mode": "catmullrom"
						}
					}
				}
			},
			"sound_effects": {
				"0.1667": {
					"effect": "bolt_release"
				},
				"0.4167": {
					"effect": "reload_end"
				}
			},
			"particle_effects": {
				"0.375": {
					"effect": "end_reload"
				},
				"0.5": {
					"effect": "loop_end"
				}
			}
		},
		"inspect": {
			"animation_length": 5.7083,
			"bones": {
				"gun_body": {
					"rotation": {
						"0.0": {
							"post": [0, 0, 0],
							"lerp_mode": "catmullrom"
						},
						"0.0833": {
							"post": [3.00183, -1.99726, 1.89529],
							"lerp_mode": "catmullrom"
						},
						"0.1667": {
							"post": [2.55122, -6.23706, 6.70495],
							"lerp_mode": "catmullrom"
						},
						"0.2917": {
							"post": [0.27073, -13.27068, -9.94541],
							"lerp_mode": "catmullrom"
						},
						"0.375": {
							"post": [-4.18707, -15.73941, -12.32629],
							"lerp_mode": "catmullrom"
						},
						"0.4583": {
							"post": [-8.8047, -17.55113, -17.30117],
							"lerp_mode": "catmullrom"
						},
						"0.5833": {
							"post": [-5.02462, -21.50286, -16.64362],
							"lerp_mode": "catmullrom"
						},
						"0.75": {
							"post": [-4.6463, -21.55744, -16.70991],
							"lerp_mode": "catmullrom"
						},
						"0.9167": {
							"post": [-4.63119, -21.58702, -17.71493],
							"lerp_mode": "catmullrom"
						},
						"1.0833": {
							"post": [-5.02462, -21.50286, -16.64362],
							"lerp_mode": "catmullrom"
						},
						"1.25": {
							"post": [1.40321, -22.01253, -33.87122],
							"lerp_mode": "catmullrom"
						},
						"1.375": {
							"post": [1.21018, -21.94946, -36.02695],
							"lerp_mode": "catmullrom"
						},
						"1.5": {
							"post": [0.48094, -21.95125, -33.13194],
							"lerp_mode": "catmullrom"
						},
						"1.625": {
							"post": [-0.21649, -21.70528, -31.24616],
							"lerp_mode": "catmullrom"
						},
						"1.75": {
							"post": [-0.23863, -21.67981, -30.23851],
							"lerp_mode": "catmullrom"
						},
						"2.125": {
							"post": [-0.4155, -21.70253, -30.70801],
							"lerp_mode": "catmullrom"
						},
						"2.375": {
							"post": [-2.42601, -21.82842, -25.31892],
							"lerp_mode": "catmullrom"
						},
						"2.5": {
							"post": [-2.68037, -16.70817, -15.89341],
							"lerp_mode": "catmullrom"
						},
						"2.6667": {
							"post": [-10.00044, -9.35134, -3.3075],
							"lerp_mode": "catmullrom"
						},
						"2.8333": {
							"post": [-14.88725, 18.41093, 8.37639],
							"lerp_mode": "catmullrom"
						},
						"3.0": {
							"post": [-7.34859, 26.7572, 42.40904],
							"lerp_mode": "catmullrom"
						},
						"3.1667": {
							"post": [-5.7878, 27.95393, 62.06671],
							"lerp_mode": "catmullrom"
						},
						"3.2917": {
							"post": [-6.65659, 28.28342, 66.58686],
							"lerp_mode": "catmullrom"
						},
						"3.4167": {
							"post": [-7.79217, 29.024, 64.18258],
							"lerp_mode": "catmullrom"
						},
						"3.5833": {
							"post": [-6.68546, 29.27605, 66.4544],
							"lerp_mode": "catmullrom"
						},
						"4.0833": {
							"post": [-6.10269, 29.39999, 68.35585],
							"lerp_mode": "catmullrom"
						},
						"4.2917": {
							"post": [-5.82218, 29.45193, 68.9268],
							"lerp_mode": "catmullrom"
						},
						"4.5": {
							"post": [8.70864, 26.34218, 53.65008],
							"lerp_mode": "catmullrom"
						},
						"4.625": {
							"post": [14.09586, 23.22629, 18.61251],
							"lerp_mode": "catmullrom"
						},
						"4.7917": {
							"post": [13.82793, 7.03246, 21.51596],
							"lerp_mode": "catmullrom"
						},
						"4.9583": {
							"post": [2.99954, 0.05233, -0.99863],
							"lerp_mode": "catmullrom"
						},
						"5.0833": {
							"post": [0.00608, -0.03218, -2.99947],
							"lerp_mode": "catmullrom"
						},
						"5.2083": {
							"post": [-0.00355, 0.0243, 0.2496],
							"lerp_mode": "catmullrom"
						},
						"5.3333": {
							"post": [0, 0, 0],
							"lerp_mode": "catmullrom"
						}
					},
					"position": {
						"0.0": {
							"post": [0, 0, 0],
							"lerp_mode": "catmullrom"
						},
						"0.0833": {
							"post": [-0.3, -0.4, 0],
							"lerp_mode": "catmullrom"
						},
						"0.1667": {
							"post": [-0.6, -0.8, 0.3],
							"lerp_mode": "catmullrom"
						},
						"0.2917": {
							"post": [-0.9, 0.5, 0.3],
							"lerp_mode": "catmullrom"
						},
						"0.375": {
							"post": [-0.6, 0.9, 0.3],
							"lerp_mode": "catmullrom"
						},
						"0.4583": {
							"post": [-0.1, 0.3, 0],
							"lerp_mode": "catmullrom"
						},
						"0.5833": {
							"post": [0.1, -0.15, 0],
							"lerp_mode": "catmullrom"
						},
						"0.75": {
							"post": [0.1, 0.2, 0],
							"lerp_mode": "catmullrom"
						},
						"0.9167": {
							"post": [0.2, 0.075, 0],
							"lerp_mode": "catmullrom"
						},
						"1.0833": {
							"post": [0.05, -0.07, 0],
							"lerp_mode": "catmullrom"
						},
						"1.25": {
							"post": [-0.15, 0.03, 0.1],
							"lerp_mode": "catmullrom"
						},
						"1.375": {
							"post": [-0.25, 0.03, 0.3],
							"lerp_mode": "catmullrom"
						},
						"1.5": {
							"post": [-0.15, -0.02, 0.3],
							"lerp_mode": "catmullrom"
						},
						"1.625": {
							"post": [-0.05, -0.07, 0.3],
							"lerp_mode": "catmullrom"
						},
						"1.75": {
							"post": [-0.1, -0.07, 0.35],
							"lerp_mode": "catmullrom"
						},
						"2.125": {
							"post": [-0.1, -0.07, 0.45],
							"lerp_mode": "catmullrom"
						},
						"2.375": {
							"post": [-0.175, -0.07, 0.325],
							"lerp_mode": "catmullrom"
						},
						"2.5": {
							"post": [0.22, -1.28, 0.72],
							"lerp_mode": "catmullrom"
						},
						"2.6667": {
							"post": [0.23, -3.57, 0.33],
							"lerp_mode": "catmullrom"
						},
						"2.8333": {
							"post": [1.23, -2.07, 0.33],
							"lerp_mode": "catmullrom"
						},
						"3.0": {
							"post": [1.63, -0.27, 0.33],
							"lerp_mode": "catmullrom"
						},
						"3.1667": {
							"post": [2.33, 0.23, -0.67],
							"lerp_mode": "catmullrom"
						},
						"3.2917": {
							"post": [2.63, -0.07, -0.87],
							"lerp_mode": "catmullrom"
						},
						"3.4167": {
							"post": [2.53, -0.17, -0.87],
							"lerp_mode": "catmullrom"
						},
						"3.5833": {
							"post": [2.43, -0.07, -0.87],
							"lerp_mode": "catmullrom"
						},
						"4.0833": {
							"post": [2.23, -0.27, -0.87],
							"lerp_mode": "catmullrom"
						},
						"4.2917": {
							"post": [2.405, -0.32, -0.87],
							"lerp_mode": "catmullrom"
						},
						"4.5": {
							"post": [2.67, -2.71, -1.73],
							"lerp_mode": "catmullrom"
						},
						"4.625": {
							"post": [1, -3.22, -2.47],
							"lerp_mode": "catmullrom"
						},
						"4.7917": {
							"post": [0.05, -2.64, -1.52],
							"lerp_mode": "catmullrom"
						},
						"4.9583": {
							"post": [-0.1, -0.9, -0.8],
							"lerp_mode": "catmullrom"
						},
						"5.0833": {
							"post": [-0.025, -0.075, -0.05],
							"lerp_mode": "catmullrom"
						},
						"5.2083": {
							"post": [0, 0, 0.125],
							"lerp_mode": "catmullrom"
						},
						"5.3333": {
							"post": [0, 0, 0],
							"lerp_mode": "catmullrom"
						}
					}
				},
				"shell": {
					"scale": 0
				},
				"bolt": {
					"position": {
						"0.0": {
							"post": [0, 0, 0],
							"lerp_mode": "catmullrom"
						}
					}
				},
				"left_arm": {
					"rotation": {
						"0.0": {
							"post": [73.95054, -26.20116, -129.71317],
							"lerp_mode": "catmullrom"
						}
					},
					"position": {
						"0.0": {
							"post": [-3.2, -5.35, -3.85],
							"lerp_mode": "catmullrom"
						}
					}
				},
				"right_arm": {
					"rotation": {
						"0.0": {
							"post": [90, 0, -180],
							"lerp_mode": "catmullrom"
						}
					},
					"position": {
						"0.0": {
							"post": [5.65, -2.2, 5.75],
							"lerp_mode": "catmullrom"
						}
					}
				}
			}
		},
		"idle": {
			"loop": true,
			"bones": {
				"gun_body": {
					"rotation": [0, 0, 0],
					"position": [0, 0, 0]
				},
				"shell": {
					"scale": 0
				},
				"left_arm": {
					"rotation": {
						"0.0": {
							"post": [73.95054, -26.20116, -129.71317],
							"lerp_mode": "catmullrom"
						}
					},
					"position": {
						"0.0": {
							"post": [-3.2, -5.35, -3.85],
							"lerp_mode": "catmullrom"
						}
					}
				},
				"right_arm": {
					"rotation": [90, 0, -180],
					"position": [5.65, -2.2, 5.75]
				}
			}
		},
		"reload": {
			"animation_length": 2.125
		}
	}
}