{
	"format_version": "1.8.0",
	"animations": {
		"aim_shoot": {
			"loop": true,
			"animation_length": 1.2083,
			"bones": {
				"right_arm": {
					"rotation": {
						"0.0": {
							"post": [90, 0, -180],
							"lerp_mode": "catmullrom"
						},
						"0.2083": {
							"post": [90, 0, -180],
							"lerp_mode": "catmullrom"
						},
						"0.2917": {
							"post": [90, 0, -180],
							"lerp_mode": "catmullrom"
						},
						"0.375": {
							"post": [90, -8.75, -180],
							"lerp_mode": "catmullrom"
						},
						"0.5": {
							"post": [106.38194, -2.60116, -182.87678],
							"lerp_mode": "catmullrom"
						},
						"0.5417": {
							"post": [106.38194, -2.60116, -182.87678],
							"lerp_mode": "catmullrom"
						},
						"0.625": {
							"post": [110.05795, -3.36684, -183.06821],
							"lerp_mode": "catmullrom"
						},
						"0.75": {
							"post": [106.38194, -2.60116, -182.87678],
							"lerp_mode": "catmullrom"
						},
						"0.8333": {
							"post": [94.67446, -5.06173, -181.07783],
							"lerp_mode": "catmullrom"
						},
						"0.9167": {
							"post": [90, 0, -180],
							"lerp_mode": "catmullrom"
						},
						"0.9583": {
							"post": [90, 0, -180],
							"lerp_mode": "catmullrom"
						}
					},
					"position": {
						"0.0": {
							"post": [5.65, -2.2, 5.5],
							"lerp_mode": "catmullrom"
						},
						"0.2083": {
							"post": [5.65, -2.2, 5.5],
							"lerp_mode": "catmullrom"
						},
						"0.2917": {
							"post": [5.65, -2.2, 5.5],
							"lerp_mode": "catmullrom"
						},
						"0.4167": {
							"post": [4.53809, -2.2, 5.67114],
							"lerp_mode": "catmullrom"
						},
						"0.5": {
							"post": [4.20907, -1.22608, 4.64242],
							"lerp_mode": "catmullrom"
						},
						"0.5417": {
							"post": [4.20907, -1.22608, 4.64242],
							"lerp_mode": "catmullrom"
						},
						"0.625": {
							"post": [4.33969, -1.85887, 6.79643],
							"lerp_mode": "catmullrom"
						},
						"0.75": {
							"post": [4.20907, -1.22608, 4.64242],
							"lerp_mode": "catmullrom"
						},
						"0.9167": {
							"post": [5.65, -2.2, 5.5],
							"lerp_mode": "catmullrom"
						},
						"0.9583": {
							"post": [5.65, -2.2, 5.5],
							"lerp_mode": "catmullrom"
						}
					}
				},
				"left_arm": {
					"rotation": {
						"0.0": {
							"post": [79.13196, -22.11247, -131.94533],
							"lerp_mode": "catmullrom"
						},
						"0.9167": {
							"post": [79.13, -22.11, -131.95],
							"lerp_mode": "catmullrom"
						},
						"0.9583": {
							"post": [79.13, -22.11, -131.95],
							"lerp_mode": "catmullrom"
						}
					},
					"position": {
						"0.0": {
							"post": [-2.95, -5.5349, -2.8497],
							"lerp_mode": "catmullrom"
						},
						"0.9167": {
							"post": [-2.95, -5.53, -2.85],
							"lerp_mode": "catmullrom"
						},
						"0.9583": {
							"post": [-2.95, -5.53, -2.85],
							"lerp_mode": "catmullrom"
						}
					}
				},
				"gun_body": {
					"rotation": {
						"0.0": [-7.5, 0, 0],
						"0.0833": [-5.99294, 0.32621, 2.47864],
						"0.2083": [-1.00623, 0.28259, -0.02102],
						"0.4583": [-0.94215, 1.45289, 9.9613],
						"0.625": [-5.3112, 0.53028, 15.00275],
						"0.75": [-1.37971, 0.14808, 2.50881],
						"0.875": [0, 0, -2],
						"0.9583": [0.01418, 0.05311, 0.74799],
						"1.0417": [0, 0, 0]
					},
					"position": {
						"0.0": [0, 0, 1],
						"0.0833": [0, -0.25, 0.5],
						"0.2083": [-0.25, -0.5, 0.5],
						"0.3333": [-0.25, -0.75, 0.5],
						"0.4583": [0, -0.75, 0.25],
						"0.625": [0.2, -0.75, 1.05],
						"0.75": [0.1, -0.62, 0.53],
						"0.875": [0, 0, -0.3],
						"0.9583": [0, 0, 0],
						"1.0417": [0, 0, 0]
					}
				},
				"seal": {
					"rotation": {
						"0.0": {
							"post": [7.75, 0, 0],
							"lerp_mode": "catmullrom"
						},
						"0.4167": {
							"post": [0, 0, 0],
							"lerp_mode": "catmullrom"
						},
						"0.9167": {
							"post": [0, 0, 0],
							"lerp_mode": "catmullrom"
						},
						"0.9583": {
							"post": [0, 0, 0],
							"lerp_mode": "catmullrom"
						}
					}
				},
				"bolt": {
					"rotation": {
						"0.0": {
							"post": [0, 0, 0],
							"lerp_mode": "catmullrom"
						},
						"0.4583": {
							"post": [0, 0, 0],
							"lerp_mode": "catmullrom"
						},
						"0.75": {
							"post": [0, 0, 0],
							"lerp_mode": "catmullrom"
						},
						"0.9167": {
							"post": [0, 0, 0],
							"lerp_mode": "catmullrom"
						},
						"0.9583": {
							"post": [0, 0, 0],
							"lerp_mode": "catmullrom"
						}
					},
					"position": {
						"0.0": {
							"post": [0, 0, 0],
							"lerp_mode": "catmullrom"
						},
						"0.4583": {
							"post": [0, 0, 0],
							"lerp_mode": "catmullrom"
						},
						"0.625": {
							"post": [0, 0, 2.25],
							"lerp_mode": "catmullrom"
						},
						"0.75": {
							"post": [0, 0, 0],
							"lerp_mode": "catmullrom"
						},
						"0.9167": {
							"post": [0, 0, 0],
							"lerp_mode": "catmullrom"
						},
						"0.9583": {
							"post": [0, 0, 0],
							"lerp_mode": "catmullrom"
						}
					}
				}
			},
			"sound_effects": {
				"0.5": {
					"effect": "bolt"
				}
			}
		},
		"shoot": {
			"loop": true,
			"animation_length": 1.0417,
			"bones": {
				"right_arm": {
					"rotation": {
						"0.0": {
							"post": [90, 0, -180],
							"lerp_mode": "catmullrom"
						},
						"0.2083": {
							"post": [90, 0, -180],
							"lerp_mode": "catmullrom"
						},
						"0.3333": {
							"post": [90, 0, -180],
							"lerp_mode": "catmullrom"
						},
						"0.4167": {
							"post": [90, -8.75, -180],
							"lerp_mode": "catmullrom"
						},
						"0.5": {
							"post": [106.38194, -2.60116, -182.87678],
							"lerp_mode": "catmullrom"
						},
						"0.5417": {
							"post": [106.38194, -2.60116, -182.87678],
							"lerp_mode": "catmullrom"
						},
						"0.6667": {
							"post": [110.05795, -3.36684, -183.06821],
							"lerp_mode": "catmullrom"
						},
						"0.7917": {
							"post": [106.38194, -2.60116, -182.87678],
							"lerp_mode": "catmullrom"
						},
						"0.8333": {
							"post": [94.67446, -5.06173, -181.07783],
							"lerp_mode": "catmullrom"
						},
						"0.9167": {
							"post": [90, 0, -180],
							"lerp_mode": "catmullrom"
						},
						"0.9583": {
							"post": [90, 0, -180],
							"lerp_mode": "catmullrom"
						}
					},
					"position": {
						"0.0": {
							"post": [5.65, -2.2, 5.5],
							"lerp_mode": "catmullrom"
						},
						"0.2083": {
							"post": [5.65, -2.2, 5.5],
							"lerp_mode": "catmullrom"
						},
						"0.3333": {
							"post": [5.65, -2.2, 5.5],
							"lerp_mode": "catmullrom"
						},
						"0.4167": {
							"post": [4.53809, -2.2, 5.67114],
							"lerp_mode": "catmullrom"
						},
						"0.5": {
							"post": [4.20907, -1.22608, 4.64242],
							"lerp_mode": "catmullrom"
						},
						"0.5417": {
							"post": [4.20907, -1.22608, 4.64242],
							"lerp_mode": "catmullrom"
						},
						"0.6667": {
							"post": [4.33969, -1.85887, 6.79643],
							"lerp_mode": "catmullrom"
						},
						"0.7917": {
							"post": [4.20907, -1.22608, 4.64242],
							"lerp_mode": "catmullrom"
						},
						"0.9167": {
							"post": [5.65, -2.2, 5.5],
							"lerp_mode": "catmullrom"
						},
						"0.9583": {
							"post": [5.65, -2.2, 5.5],
							"lerp_mode": "catmullrom"
						}
					}
				},
				"left_arm": {
					"rotation": {
						"0.0": {
							"post": [79.13196, -22.11247, -131.94533],
							"lerp_mode": "catmullrom"
						},
						"0.9167": {
							"post": [79.13, -22.11, -131.95],
							"lerp_mode": "catmullrom"
						},
						"0.9583": {
							"post": [79.13, -22.11, -131.95],
							"lerp_mode": "catmullrom"
						}
					},
					"position": {
						"0.0": {
							"post": [-2.95, -5.5349, -2.8497],
							"lerp_mode": "catmullrom"
						},
						"0.9167": {
							"post": [-2.95, -5.53, -2.85],
							"lerp_mode": "catmullrom"
						},
						"0.9583": {
							"post": [-2.95, -5.53, -2.85],
							"lerp_mode": "catmullrom"
						}
					}
				},
				"gun_body": {
					"rotation": {
						"0.0": [-7.5, 0, 0],
						"0.0833": [-5.99294, 0.32621, 2.47864],
						"0.2083": [-1.00623, 0.28259, -0.02102],
						"0.4583": [-0.94215, 1.45289, 9.9613],
						"0.625": [-5.3112, 0.53028, 15.00275],
						"0.75": [-1.37971, 0.14808, 2.50881],
						"0.875": [0, 0, -2],
						"0.9583": [0.01418, 0.05311, 0.74799],
						"1.0417": [0, 0, 0]
					},
					"position": {
						"0.0": [0, 0, 1],
						"0.0833": [0, -0.25, 0.5],
						"0.2083": [-0.25, -0.5, 0.5],
						"0.3333": [-0.25, -0.75, 0.5],
						"0.4583": [0, -0.75, 0.25],
						"0.625": [0.2, -0.75, 1.05],
						"0.75": [0.1, -0.62, 0.53],
						"0.875": [0, 0, -0.3],
						"0.9583": [0, 0, 0],
						"1.0417": [0, 0, 0]
					}
				},
				"seal": {
					"rotation": {
						"0.0": {
							"post": [7.75, 0, 0],
							"lerp_mode": "catmullrom"
						},
						"0.4167": {
							"post": [0, 0, 0],
							"lerp_mode": "catmullrom"
						},
						"0.9167": {
							"post": [0, 0, 0],
							"lerp_mode": "catmullrom"
						},
						"0.9583": {
							"post": [0, 0, 0],
							"lerp_mode": "catmullrom"
						}
					}
				},
				"bolt": {
					"rotation": {
						"0.0": {
							"post": [0, 0, 0],
							"lerp_mode": "catmullrom"
						},
						"0.4583": {
							"post": [0, 0, 0],
							"lerp_mode": "catmullrom"
						},
						"0.7917": {
							"post": [0, 0, 0],
							"lerp_mode": "catmullrom"
						},
						"0.9167": {
							"post": [0, 0, 0],
							"lerp_mode": "catmullrom"
						},
						"0.9583": {
							"post": [0, 0, 0],
							"lerp_mode": "catmullrom"
						}
					},
					"position": {
						"0.0": {
							"post": [0, 0, 0],
							"lerp_mode": "catmullrom"
						},
						"0.4583": {
							"post": [0, 0, 0],
							"lerp_mode": "catmullrom"
						},
						"0.6667": {
							"post": [0, 0, 2.25],
							"lerp_mode": "catmullrom"
						},
						"0.7917": {
							"post": [0, 0, 0],
							"lerp_mode": "catmullrom"
						},
						"0.9167": {
							"post": [0, 0, 0],
							"lerp_mode": "catmullrom"
						},
						"0.9583": {
							"post": [0, 0, 0],
							"lerp_mode": "catmullrom"
						}
					}
				}
			},
			"sound_effects": {
				"0.5": {
					"effect": "bolt"
				}
			}
		},
		"reload": {
			"animation_length": 2.2969,
			"bones": {
				"right_arm": {
					"rotation": {
						"0.0": {
							"post": [90, 0, -180],
							"lerp_mode": "catmullrom"
						},
						"2.1305": {
							"post": [90, 0, -180],
							"lerp_mode": "catmullrom"
						}
					},
					"position": {
						"0.0": {
							"post": [5.65, -2.2, 5.5],
							"lerp_mode": "catmullrom"
						},
						"2.1305": {
							"post": [5.65, -2.2, 5.5],
							"lerp_mode": "catmullrom"
						}
					}
				},
				"left_arm": {
					"rotation": {
						"0.0": {
							"post": [79.13196, -22.11247, -131.94533],
							"lerp_mode": "catmullrom"
						},
						"0.1997": {
							"post": [79.13196, -22.11247, -131.94533],
							"lerp_mode": "catmullrom"
						},
						"0.2996": {
							"post": [77.41613, -39.44158, -128.91444],
							"lerp_mode": "catmullrom"
						},
						"0.3995": {
							"post": [86.66333, -40.97453, -143.19414],
							"lerp_mode": "catmullrom"
						},
						"0.4993": {
							"post": [87.43415, -11.01188, -144.89306],
							"lerp_mode": "catmullrom"
						},
						"0.5992": {
							"post": [85.54242, -10.39771, -134.73465],
							"lerp_mode": "catmullrom"
						},
						"1.1318": {
							"post": [85.54242, -10.39771, -134.73465],
							"lerp_mode": "catmullrom"
						},
						"1.3648": {
							"post": [84.02234, -42.77281, -131.47339],
							"lerp_mode": "catmullrom"
						},
						"1.498": {
							"post": [84.02234, -42.77281, -131.47339],
							"lerp_mode": "catmullrom"
						},
						"1.5979": {
							"post": [84.32031, -30.69909, -100.9232],
							"lerp_mode": "catmullrom"
						},
						"1.6977": {
							"post": [84.68635, -23.23344, -101.72868],
							"lerp_mode": "catmullrom"
						},
						"1.7643": {
							"post": [84.68635, -23.23344, -101.72868],
							"lerp_mode": "catmullrom"
						},
						"1.8642": [84.57988, -25.72249, -101.47177],
						"1.9973": [79.13196, -22.11247, -131.94533]
					},
					"position": {
						"0.0": {
							"post": [-2.95, -5.5349, -2.8497],
							"lerp_mode": "catmullrom"
						},
						"0.1997": {
							"post": [-2.95, -5.5349, -2.8497],
							"lerp_mode": "catmullrom"
						},
						"0.2996": {
							"post": [-2.95, -5.78, -3.6],
							"lerp_mode": "catmullrom"
						},
						"0.3995": {
							"post": [-2.95, -5.78, -3.6],
							"lerp_mode": "catmullrom"
						},
						"0.4993": {
							"post": [-2.95, -6.28, -3.35],
							"lerp_mode": "catmullrom"
						},
						"0.6325": {
							"post": [2.05, -7.28, 0.65],
							"lerp_mode": "catmullrom"
						},
						"0.7989": {
							"post": [6.05, -17.28, 4.65],
							"lerp_mode": "catmullrom"
						},
						"1.1318": {
							"post": [6.05, -17.28, 4.65],
							"lerp_mode": "catmullrom"
						},
						"1.3648": {
							"post": [0.05, -7.28, -1.35],
							"lerp_mode": "catmullrom"
						},
						"1.498": {
							"post": [-2.95, -7.28, -5.35],
							"lerp_mode": "catmullrom"
						},
						"1.5979": {
							"post": [-4.95, -7.53, -6.35],
							"lerp_mode": "catmullrom"
						},
						"1.6977": {
							"post": [-4.95, -7.03, -6.1],
							"lerp_mode": "catmullrom"
						},
						"1.7643": {
							"post": [-4.95, -7.03, -6.1],
							"lerp_mode": "catmullrom"
						},
						"1.8642": [-4.95, -9.78, -8.1],
						"1.9973": [-2.95, -5.5349, -2.8497]
					}
				},
				"gun_body": {
					"rotation": {
						"0.0": {
							"post": [0, 0, 0],
							"lerp_mode": "catmullrom"
						},
						"0.1997": {
							"post": [-3, 0, -6],
							"lerp_mode": "catmullrom"
						},
						"0.3662": {
							"post": [-2.9886, 0.26135, -1.00682],
							"lerp_mode": "catmullrom"
						},
						"0.4993": {
							"post": [-8.99715, -0.1308, -8.49658],
							"lerp_mode": "catmullrom"
						},
						"0.5992": {
							"post": [-6.98876, -0.05799, -7.49928],
							"lerp_mode": "catmullrom"
						},
						"0.6991": {
							"post": [-6.99715, -0.1308, -8.49658],
							"lerp_mode": "catmullrom"
						},
						"0.8655": {
							"post": [-5.55212, -0.41179, -10.81154],
							"lerp_mode": "catmullrom"
						},
						"0.9987": {
							"post": [-7.97122, -0.61737, -12.46697],
							"lerp_mode": "catmullrom"
						},
						"1.1651": {
							"post": [-7.94508, -0.8943, -14.44788],
							"lerp_mode": "catmullrom"
						},
						"1.2983": {
							"post": [-7.98625, -0.90421, -15.44634],
							"lerp_mode": "catmullrom"
						},
						"1.4314": {
							"post": [-6.96942, -1.043, -16.4368],
							"lerp_mode": "catmullrom"
						},
						"1.5979": {
							"post": [-4.92908, -1.28501, -18.42252],
							"lerp_mode": "catmullrom"
						},
						"1.6644": {
							"post": [-4.98937, -1.02561, -15.43314],
							"lerp_mode": "catmullrom"
						},
						"1.7643": {
							"post": [-5.02559, -1.10086, -17.43073],
							"lerp_mode": "catmullrom"
						},
						"1.8642": {
							"post": [-3.06082, -0.92503, -15.43816],
							"lerp_mode": "catmullrom"
						},
						"1.9308": {
							"post": [-4.19, -0.81, -14.57],
							"lerp_mode": "catmullrom"
						},
						"1.9973": {
							"post": [-3.10852, -0.22812, -8.97275],
							"lerp_mode": "catmullrom"
						},
						"2.0972": [1, 0, -4],
						"2.1971": [0, 0, 1],
						"2.2969": [0, 0, 0]
					},
					"position": {
						"0.0": {
							"post": [0, 0, 0],
							"lerp_mode": "catmullrom"
						},
						"0.0666": {
							"post": [0, -0.25, 0],
							"lerp_mode": "catmullrom"
						},
						"0.1997": {
							"post": [-0.2, -0.15, 0.2],
							"lerp_mode": "catmullrom"
						},
						"0.3662": {
							"post": [-0.2, -0.45, 0.2],
							"lerp_mode": "catmullrom"
						},
						"0.4993": {
							"post": [-0.45, -0.7, -0.05],
							"lerp_mode": "catmullrom"
						},
						"0.7324": {
							"post": [-0.25, -1, -0.05],
							"lerp_mode": "catmullrom"
						},
						"0.9987": {
							"post": [-0.55, -1, -0.05],
							"lerp_mode": "catmullrom"
						},
						"1.1651": {
							"post": [-0.65, -1.3, 0.25],
							"lerp_mode": "catmullrom"
						},
						"1.2983": {
							"post": [-0.55, -1.3, 0.15],
							"lerp_mode": "catmullrom"
						},
						"1.4314": {
							"post": [-0.55, -1.1, -0.2],
							"lerp_mode": "catmullrom"
						},
						"1.5979": {
							"post": [-0.55, -1.3, -0.3],
							"lerp_mode": "catmullrom"
						},
						"1.6644": {
							"post": [-0.55, -1.2, -0.3],
							"lerp_mode": "catmullrom"
						},
						"1.7643": {
							"post": [-0.45, -1.3, -0.3],
							"lerp_mode": "catmullrom"
						},
						"1.8642": {
							"post": [-0.45, -1.1, -0.1],
							"lerp_mode": "catmullrom"
						},
						"1.9308": {
							"post": [-0.5, -1.04, -0.34],
							"lerp_mode": "catmullrom"
						},
						"1.9973": {
							"post": [-0.55, -1, -0.6],
							"lerp_mode": "catmullrom"
						},
						"2.0972": [0, -0.1, 0],
						"2.1971": [0, 0, 0.1],
						"2.2969": [0, 0, 0]
					}
				},
				"mag": {
					"rotation": {
						"0.0": [0, 0, 0],
						"0.3995": [0, 0, 0],
						"0.4993": [-62, 0, 0],
						"0.5992": [-60, 0, 0],
						"1.8642": [-60, 0, 0],
						"1.9308": [-53.8168, 0.42852, -2.08643],
						"1.9973": [0, 0, 0]
					},
					"position": {
						"0.0": [0, 0, 0],
						"0.3995": [0, 0, 0],
						"1.9973": [0, 0, 0]
					}
				}
			},
			"sound_effects": {
				"0.3995": {
					"effect": "reload_mag_out"
				},
				"1.5979": {
					"effect": "reload_mag_in"
				},
				"1.964": {
					"effect": "bolt"
				}
			},
			"particle_effects": {
				"1.9973": {
					"effect": "loaded"
				}
			}
		},
		"inspect": {
			"animation_length": 5.3333,
			"bones": {
				"right_arm": {
					"rotation": [90, 0, -180],
					"position": [5.65, -2.2, 5.5]
				},
				"left_arm": {
					"rotation": [79.13196, -22.11247, -131.94533],
					"position": [-2.95, -5.5349, -2.8497]
				},
				"gun_body": {
					"rotation": {
						"0.0": {
							"post": [0, 0, 0],
							"lerp_mode": "catmullrom"
						},
						"0.0833": {
							"post": [3.00183, -1.99726, 1.89529],
							"lerp_mode": "catmullrom"
						},
						"0.1667": {
							"post": [2.55122, -6.23706, 6.70495],
							"lerp_mode": "catmullrom"
						},
						"0.2976": {
							"post": [0.27073, -13.27068, -9.94541],
							"lerp_mode": "catmullrom"
						},
						"0.381": {
							"post": [-4.18707, -15.73941, -12.32629],
							"lerp_mode": "catmullrom"
						},
						"0.4524": {
							"post": [-8.8047, -17.55113, -17.30117],
							"lerp_mode": "catmullrom"
						},
						"0.5833": {
							"post": [-5.02462, -21.50286, -16.64362],
							"lerp_mode": "catmullrom"
						},
						"0.75": {
							"post": [-4.6463, -21.55744, -16.70991],
							"lerp_mode": "catmullrom"
						},
						"0.9167": {
							"post": [-4.63119, -21.58702, -17.71493],
							"lerp_mode": "catmullrom"
						},
						"1.0833": {
							"post": [-5.02462, -21.50286, -16.64362],
							"lerp_mode": "catmullrom"
						},
						"1.25": {
							"post": [1.40321, -22.01253, -33.87122],
							"lerp_mode": "catmullrom"
						},
						"1.381": {
							"post": [1.21018, -21.94946, -36.02695],
							"lerp_mode": "catmullrom"
						},
						"1.5": {
							"post": [0.48094, -21.95125, -33.13194],
							"lerp_mode": "catmullrom"
						},
						"1.631": {
							"post": [-0.21649, -21.70528, -31.24616],
							"lerp_mode": "catmullrom"
						},
						"1.75": {
							"post": [-0.23863, -21.67981, -30.23851],
							"lerp_mode": "catmullrom"
						},
						"2.131": {
							"post": [-0.4155, -21.70253, -30.70801],
							"lerp_mode": "catmullrom"
						},
						"2.381": {
							"post": [-2.42601, -21.82842, -25.31892],
							"lerp_mode": "catmullrom"
						},
						"2.5": {
							"post": [-2.68037, -16.70817, -15.89341],
							"lerp_mode": "catmullrom"
						},
						"2.6667": {
							"post": [-10.00044, -9.35134, -3.3075],
							"lerp_mode": "catmullrom"
						},
						"2.8333": {
							"post": [-14.88725, 18.41093, 8.37639],
							"lerp_mode": "catmullrom"
						},
						"3.0": {
							"post": [-7.34859, 26.7572, 42.40904],
							"lerp_mode": "catmullrom"
						},
						"3.1667": {
							"post": [-5.7878, 27.95393, 62.06671],
							"lerp_mode": "catmullrom"
						},
						"3.2976": {
							"post": [-6.65659, 28.28342, 66.58686],
							"lerp_mode": "catmullrom"
						},
						"3.4167": {
							"post": [-7.79217, 29.024, 64.18258],
							"lerp_mode": "catmullrom"
						},
						"3.5833": {
							"post": [-6.68546, 29.27605, 66.4544],
							"lerp_mode": "catmullrom"
						},
						"4.0833": {
							"post": [-6.10269, 29.39999, 68.35585],
							"lerp_mode": "catmullrom"
						},
						"4.2976": {
							"post": [-5.82218, 29.45193, 68.9268],
							"lerp_mode": "catmullrom"
						},
						"4.5": {
							"post": [8.70864, 26.34218, 53.65008],
							"lerp_mode": "catmullrom"
						},
						"4.631": {
							"post": [14.09586, 23.22629, 18.61251],
							"lerp_mode": "catmullrom"
						},
						"4.7976": {
							"post": [13.82793, 7.03246, 21.51596],
							"lerp_mode": "catmullrom"
						},
						"4.9524": {
							"post": [2.99954, 0.05233, -0.99863],
							"lerp_mode": "catmullrom"
						},
						"5.0833": {
							"post": [0.00608, -0.03218, -2.99947],
							"lerp_mode": "catmullrom"
						},
						"5.2024": {
							"post": [-0.00355, 0.0243, 0.2496],
							"lerp_mode": "catmullrom"
						},
						"5.3333": {
							"post": [0, 0, 0],
							"lerp_mode": "catmullrom"
						}
					},
					"position": {
						"0.0": {
							"post": [0, 0, 0],
							"lerp_mode": "catmullrom"
						},
						"0.0833": {
							"post": [-0.3, -0.4, 0],
							"lerp_mode": "catmullrom"
						},
						"0.1667": {
							"post": [-0.6, -0.8, 0.3],
							"lerp_mode": "catmullrom"
						},
						"0.2976": {
							"post": [-0.9, 0.5, 0.3],
							"lerp_mode": "catmullrom"
						},
						"0.381": {
							"post": [-0.6, 0.9, 0.3],
							"lerp_mode": "catmullrom"
						},
						"0.4524": {
							"post": [-0.1, 0.3, 0],
							"lerp_mode": "catmullrom"
						},
						"0.5833": {
							"post": [0.1, -0.15, 0],
							"lerp_mode": "catmullrom"
						},
						"0.75": {
							"post": [0.1, 0.2, 0],
							"lerp_mode": "catmullrom"
						},
						"0.9167": {
							"post": [0.2, 0.075, 0],
							"lerp_mode": "catmullrom"
						},
						"1.0833": {
							"post": [0.05, -0.07, 0],
							"lerp_mode": "catmullrom"
						},
						"1.25": {
							"post": [-0.15, 0.03, 0.1],
							"lerp_mode": "catmullrom"
						},
						"1.381": {
							"post": [-0.25, 0.03, 0.3],
							"lerp_mode": "catmullrom"
						},
						"1.5": {
							"post": [-0.15, -0.02, 0.3],
							"lerp_mode": "catmullrom"
						},
						"1.631": {
							"post": [-0.05, -0.07, 0.3],
							"lerp_mode": "catmullrom"
						},
						"1.75": {
							"post": [-0.1, -0.07, 0.35],
							"lerp_mode": "catmullrom"
						},
						"2.131": {
							"post": [-0.1, -0.07, 0.45],
							"lerp_mode": "catmullrom"
						},
						"2.381": {
							"post": [-0.175, -0.07, 0.325],
							"lerp_mode": "catmullrom"
						},
						"2.5": {
							"post": [0.22, -1.28, 0.72],
							"lerp_mode": "catmullrom"
						},
						"2.6667": {
							"post": [0.23, -3.57, 0.33],
							"lerp_mode": "catmullrom"
						},
						"2.8333": {
							"post": [1.23, -2.07, 0.33],
							"lerp_mode": "catmullrom"
						},
						"3.0": {
							"post": [1.63, -0.27, 0.33],
							"lerp_mode": "catmullrom"
						},
						"3.1667": {
							"post": [2.33, 0.23, -0.67],
							"lerp_mode": "catmullrom"
						},
						"3.2976": {
							"post": [2.63, -0.07, -0.87],
							"lerp_mode": "catmullrom"
						},
						"3.4167": {
							"post": [2.53, -0.17, -0.87],
							"lerp_mode": "catmullrom"
						},
						"3.5833": {
							"post": [2.43, -0.07, -0.87],
							"lerp_mode": "catmullrom"
						},
						"4.0833": {
							"post": [2.23, -0.27, -0.87],
							"lerp_mode": "catmullrom"
						},
						"4.2976": {
							"post": [2.405, -0.32, -0.87],
							"lerp_mode": "catmullrom"
						},
						"4.5": {
							"post": [2.67, -2.71, -1.73],
							"lerp_mode": "catmullrom"
						},
						"4.631": {
							"post": [1, -3.22, -2.47],
							"lerp_mode": "catmullrom"
						},
						"4.7976": {
							"post": [0.05, -2.64, -1.52],
							"lerp_mode": "catmullrom"
						},
						"4.9524": {
							"post": [-0.1, -0.9, -0.8],
							"lerp_mode": "catmullrom"
						},
						"5.0833": {
							"post": [-0.025, -0.075, -0.05],
							"lerp_mode": "catmullrom"
						},
						"5.2024": {
							"post": [0, 0, 0.125],
							"lerp_mode": "catmullrom"
						},
						"5.3333": {
							"post": [0, 0, 0],
							"lerp_mode": "catmullrom"
						}
					}
				}
			}
		},
		"draw": {
			"animation_length": 0.75,
			"bones": {
				"right_arm": {
					"rotation": {
						"0.0": [90, 0, -180],
						"0.4583": [90, 0, -180],
						"0.625": [90, 0, -180]
					},
					"position": {
						"0.0": [5.65, -2.2, 5],
						"0.4583": [5.65, -2.2, 5.5],
						"0.625": [5.65, -2.2, 5.5]
					}
				},
				"left_arm": {
					"rotation": [79.13196, -22.11247, -131.94533],
					"position": [-2.95, -5.5349, -2.8497]
				},
				"gun_body": {
					"rotation": {
						"0.0": {
							"post": [14.33501, -4.46375, 16.93839],
							"lerp_mode": "catmullrom"
						},
						"0.3333": {
							"post": [6.4524, -6.37074, 7.68062],
							"lerp_mode": "catmullrom"
						},
						"0.5": {
							"post": [0, 0, -2],
							"lerp_mode": "catmullrom"
						},
						"0.625": {
							"post": [0, 0, 1],
							"lerp_mode": "catmullrom"
						},
						"0.75": [0, 0, 0]
					},
					"position": {
						"0.0": {
							"post": [3, -8, -2],
							"lerp_mode": "catmullrom"
						},
						"0.1667": {
							"post": [1, -6.33, -1.33],
							"lerp_mode": "catmullrom"
						},
						"0.3333": {
							"post": [0.1, -2.16, -0.66],
							"lerp_mode": "catmullrom"
						},
						"0.5": {
							"post": [-0.2, -0.3, 0.1],
							"lerp_mode": "catmullrom"
						},
						"0.625": {
							"post": [-0.025, -0.025, 0.05],
							"lerp_mode": "catmullrom"
						},
						"0.75": [0, 0, 0]
					}
				}
			}
		},
		"idle": {
			"loop": true,
			"animation_length": 6.9583,
			"bones": {
				"right_arm": {
					"rotation": [90, 0, -180],
					"position": [5.65, -2.2, 5.5]
				},
				"left_arm": {
					"rotation": [79.13196, -22.11247, -131.94533],
					"position": [-2.95, -5.5349, -2.8497]
				},
				"gun_body": {
					"rotation": {
						"0.0": [0, 0, 0],
						"6.9583": [0, 0, 0]
					},
					"position": {
						"0.0": [0, 0, 0],
						"2.75": [0, -0.1, 0],
						"6.9583": [0, 0, 0]
					}
				},
				"seal": {
					"rotation": [0, 0, 0]
				}
			}
		}
	}
}