{
	"format_version": "1.8.0",
	"animations": {
		"shoot": {
			"loop": true,
			"animation_length": 0.4583,
			"bones": {
				"right_arm": {
					"rotation": [90, 0, -180],
					"position": [5.65, -2.2, 5.5]
				},
				"left_arm": {
					"rotation": {
						"0.0": {
							"post": [106.77229, -8.12236, -182.23564],
							"lerp_mode": "catmullrom"
						}
					},
					"position": {
						"0.0": {
							"post": [-2.40357, -3.58304, 3.30134],
							"lerp_mode": "catmullrom"
						}
					},
					"scale": [0.9, 1, 0.9]
				},
				"gun_body": {
					"rotation": {
						"0.0": [-6, 0, 0],
						"0.0833": [-1, 0, 0],
						"0.3333": [0.29466, 0.18749, 0.93751],
						"0.4583": [0, 0, 0]
					},
					"position": {
						"0.0": [0, 0, 1.5],
						"0.0833": [0, 0, 0.5],
						"0.25": [0, 0, 0],
						"0.3333": [0, 0, 0],
						"0.4583": [0, 0, 0]
					}
				},
				"bolt": {
					"position": {
						"0.0": [0, 0, 2.6],
						"0.0833": [0, 0, 2.6],
						"0.25": [0, 0, 0],
						"0.375": [0, 0, 0]
					}
				},
				"magazine": {
					"rotation": [0, 0, 0],
					"position": [0, 0, 0],
					"scale": 1
				},
				"seal": {
					"rotation": {
						"0.0": [7.75, 0, 0],
						"0.4583": [0, 0, 0]
					}
				}
			},
			"particle_effects": {
				"0.0": {
					"effect": "eject_casing"
				}
			}
		},
		"aim_shoot": {
			"loop": true,
			"animation_length": 0.4583,
			"bones": {
				"right_arm": {
					"rotation": {
						"0.0": [90, 0, -180],
						"0.3333": [90, 0, -180],
						"0.4583": [90, 0, -180]
					},
					"position": {
						"0.0": [5.65, -2.2, 5.5],
						"0.3333": [5.65, -2.2, 5.5],
						"0.4583": [5.65, -2.2, 5.5]
					}
				},
				"left_arm": {
					"rotation": {
						"0.0": {
							"post": [106.77229, -8.12236, -182.23564],
							"lerp_mode": "catmullrom"
						}
					},
					"position": {
						"0.0": {
							"post": [-2.40357, -3.58304, 3.30134],
							"lerp_mode": "catmullrom"
						}
					},
					"scale": [0.9, 1, 0.9]
				},
				"gun_body": {
					"rotation": {
						"0.0833": [-1, 0, 0],
						"0.3333": [0, 0, 0],
						"0.375": [0, 0, 0],
						"0.4583": [0, 0, 0]
					},
					"position": {
						"0.0": [0, 0, 1.5],
						"0.0833": [0, 0, 0.5],
						"0.25": [0, 0, 0],
						"0.3333": [0, 0, 0],
						"0.375": [0, 0, 0],
						"0.4583": [0, 0, 0]
					}
				},
				"bolt": {
					"position": {
						"0.0": [0, 0, 2.6],
						"0.0833": [0, 0, 2.6],
						"0.25": [0, 0, 0],
						"0.375": [0, 0, 0]
					}
				},
				"magazine": {
					"rotation": [0, 0, 0],
					"position": [0, 0, 0],
					"scale": 1
				},
				"seal": {
					"rotation": {
						"0.0": [7.75, 0, 0],
						"0.4583": [0, 0, 0]
					}
				}
			},
			"particle_effects": {
				"0.0": {
					"effect": "eject_casing"
				}
			}
		},
		"reload": {
			"animation_length": 2.2083,
			"bones": {
				"right_arm": {
					"rotation": {
						"0.0": {
							"post": [90, 0, -180],
							"lerp_mode": "catmullrom"
						},
						"2.0417": {
							"post": [90, 0, -180],
							"lerp_mode": "catmullrom"
						}
					},
					"position": {
						"0.0": {
							"post": [5.65, -2.2, 5.5],
							"lerp_mode": "catmullrom"
						},
						"2.0417": {
							"post": [5.65, -2.2, 5.5],
							"lerp_mode": "catmullrom"
						}
					}
				},
				"left_arm": {
					"rotation": {
						"0.0": {
							"post": [106.77229, -8.12236, -182.23564],
							"lerp_mode": "catmullrom"
						}
					},
					"position": {
						"0.0": {
							"post": [-2.40357, -3.58304, 3.30134],
							"lerp_mode": "catmullrom"
						}
					},
					"scale": [0.9, 1, 0.9]
				},
				"gun_body": {
					"rotation": {
						"0.0": {
							"post": [0, 0, 0],
							"lerp_mode": "catmullrom"
						},
						"0.25": {
							"post": [0.09662, 1.40671, -0.68413],
							"lerp_mode": "catmullrom"
						},
						"0.375": {
							"post": [0, 2, -7],
							"lerp_mode": "catmullrom"
						},
						"0.4583": {
							"post": [0.35603, 1.96807, 3.25612],
							"lerp_mode": "catmullrom"
						},
						"0.5417": {
							"post": [0.86917, 1.80133, 18.76366],
							"lerp_mode": "catmullrom"
						},
						"0.6667": {
							"post": [0.65137, 1.891, 12.01075],
							"lerp_mode": "catmullrom"
						},
						"0.7917": {
							"post": [0.52227, -0.96116, 12.147],
							"lerp_mode": "catmullrom"
						},
						"0.9583": {
							"post": [0.37407, -6.85147, 11.79807],
							"lerp_mode": "catmullrom"
						},
						"1.25": {
							"post": [0.10332, -4.35558, 10.21886],
							"lerp_mode": "catmullrom"
						},
						"1.4583": {
							"post": [0.01965, -2.24991, 2.49962],
							"lerp_mode": "catmullrom"
						},
						"1.5833": {
							"post": [0.1962, -2.24144, -2.00383],
							"lerp_mode": "catmullrom"
						},
						"1.7083": {
							"post": [0.42953, -2.20864, -8.00828],
							"lerp_mode": "catmullrom"
						},
						"1.8333": {
							"post": [0, 0, -4],
							"lerp_mode": "catmullrom"
						},
						"1.9583": {
							"post": [-0.03165, 0.13702, -3.74949],
							"lerp_mode": "catmullrom"
						},
						"2.0417": {
							"post": [-0.05441, -0.04744, -0.99737],
							"lerp_mode": "catmullrom"
						},
						"2.125": {
							"post": [0, 0, 1],
							"lerp_mode": "catmullrom"
						},
						"2.2083": {
							"post": [0, 0, 0],
							"lerp_mode": "catmullrom"
						}
					},
					"position": {
						"0.0": {
							"post": [0, 0, 0],
							"lerp_mode": "catmullrom"
						},
						"0.0833": {
							"post": [-0.17, -0.5, 0],
							"lerp_mode": "catmullrom"
						},
						"0.375": {
							"post": [-0.4, 0, 0],
							"lerp_mode": "catmullrom"
						},
						"0.4583": {
							"post": [-0.125, -0.5, 0],
							"lerp_mode": "catmullrom"
						},
						"0.5417": {
							"post": [0.055, 0, 0],
							"lerp_mode": "catmullrom"
						},
						"0.6667": {
							"post": [0.235, 0, 0.15],
							"lerp_mode": "catmullrom"
						},
						"0.875": {
							"post": [-0.19, -0.72, 0.28],
							"lerp_mode": "catmullrom"
						},
						"1.0417": {
							"post": [0.14, -0.5, 0.33],
							"lerp_mode": "catmullrom"
						},
						"1.4583": {
							"post": [-0.12, 0.05, -0.01],
							"lerp_mode": "catmullrom"
						},
						"1.5833": {
							"post": [-0.3, -0.25, 0],
							"lerp_mode": "catmullrom"
						},
						"1.7083": {
							"post": [-0.58, -0.5, 0],
							"lerp_mode": "catmullrom"
						},
						"1.8333": {
							"post": [-0.475, 0, 0],
							"lerp_mode": "catmullrom"
						},
						"2.0417": {
							"post": [0, 0, 0.2],
							"lerp_mode": "catmullrom"
						},
						"2.125": {
							"post": [0, 0, -0.1],
							"lerp_mode": "catmullrom"
						},
						"2.2083": {
							"post": [0, 0, 0],
							"lerp_mode": "catmullrom"
						}
					}
				},
				"magazine": {
					"rotation": {
						"0.0": [0, 0, 0],
						"0.4167": [0, 0, 0],
						"0.5": [0, 0, 16],
						"0.75": [-1.20607, -0.89679, 22.40651],
						"0.875": [0, -18.75, 16],
						"1.125": [0, -18.75, 16],
						"1.2917": [-1.20607, -0.89679, 22.40651],
						"1.4167": [0, 0, 16],
						"1.5": [0, 0, 10.75],
						"1.6667": [0, 0, 0],
						"2.0417": [0, 0, 0]
					},
					"position": {
						"0.0": [0, 0, 0],
						"0.4167": [0, 0, 0],
						"0.5": [2, 0, 0.75],
						"0.75": [4.14, -2.44, 5.05],
						"0.875": [5.75, -4.275, 7.3],
						"1.125": [5.75, -4.275, 7.3],
						"1.2917": [4.14, -2.44, 5.05],
						"1.4167": [2, 0, 0.75],
						"1.5": [0, 0, 0],
						"1.5833": [0.61, 0, -0.05],
						"1.6667": [0, 0, 0],
						"2.0417": [0, 0, 0]
					}
				}
			},
			"sound_effects": {
				"0.125": {
					"effect": "reload_mag_out"
				},
				"1.25": {
					"effect": "reload_mag_in"
				},
				"1.4583": {
					"effect": "slap"
				},
				"1.875": {
					"effect": "bolt"
				}
			},
			"particle_effects": {
				"1.9583": {
					"effect": "loaded"
				}
			}
		},
		"inspect": {
			"animation_length": 5,
			"bones": {
				"right_arm": {
					"rotation": [90, 0, -180],
					"position": [5.65, -2.2, 5.5]
				},
				"left_arm": {
					"rotation": {
						"0.0": {
							"post": [106.77229, -8.12236, -182.23564],
							"lerp_mode": "catmullrom"
						}
					},
					"position": {
						"0.0": {
							"post": [-2.40357, -3.58304, 3.30134],
							"lerp_mode": "catmullrom"
						}
					},
					"scale": [0.9, 1, 0.9]
				},
				"gun_body": {
					"rotation": {
						"0.0": {
							"post": [0, 0, 0],
							"lerp_mode": "catmullrom"
						},
						"0.0833": {
							"post": [-2.5, 0, -5],
							"lerp_mode": "catmullrom"
						},
						"0.1667": {
							"post": [-7.47864, -0.32621, -12.49294],
							"lerp_mode": "catmullrom"
						},
						"0.25": {
							"post": [-19.87314, -1.2969, -19.9307],
							"lerp_mode": "catmullrom"
						},
						"0.3333": {
							"post": [-20.01114, -1.32137, -21.92263],
							"lerp_mode": "catmullrom"
						},
						"0.4167": {
							"post": [-20.05087, -0.29358, -19.10387],
							"lerp_mode": "catmullrom"
						},
						"0.5": {
							"post": [-20.13961, -0.34129, -21.10006],
							"lerp_mode": "catmullrom"
						},
						"0.6667": {
							"post": [-20.12016, -0.35702, -19.64359],
							"lerp_mode": "catmullrom"
						},
						"0.9167": {
							"post": [-20.18918, -0.31605, -21.09822],
							"lerp_mode": "catmullrom"
						},
						"1.131": {
							"post": [-20.12013, -0.30421, -20.10105],
							"lerp_mode": "catmullrom"
						},
						"1.381": {
							"post": [-19.62013, -0.30421, -20.10105],
							"lerp_mode": "catmullrom"
						},
						"1.5833": {
							"post": [-19.45564, 5.40033, -11.50732],
							"lerp_mode": "catmullrom"
						},
						"1.7024": {
							"post": [-19.18413, 8.74651, -4.95155],
							"lerp_mode": "catmullrom"
						},
						"1.8333": {
							"post": [-13.53441, 21.41526, 20.89118],
							"lerp_mode": "catmullrom"
						},
						"1.9524": {
							"post": [-13.15756, 22.64686, 23.72199],
							"lerp_mode": "catmullrom"
						},
						"2.0833": {
							"post": [-13.13595, 22.65322, 24.22988],
							"lerp_mode": "catmullrom"
						},
						"2.1667": {
							"post": [-13.53975, 22.42253, 23.17639],
							"lerp_mode": "catmullrom"
						},
						"2.5476": {
							"post": [-13.49666, 22.43546, 24.19195],
							"lerp_mode": "catmullrom"
						},
						"2.6667": {
							"post": [-12.59303, 21.91271, 26.53963],
							"lerp_mode": "catmullrom"
						},
						"2.75": {
							"post": [-11.31399, 21.55584, 29.92208],
							"lerp_mode": "catmullrom"
						},
						"2.8333": {
							"post": [-9.37669, 22.01837, 31.55077],
							"lerp_mode": "catmullrom"
						},
						"2.9524": {
							"post": [-8.63439, 23.31914, 33.52179],
							"lerp_mode": "catmullrom"
						},
						"3.0833": {
							"post": [-9.47944, 23.00426, 31.37356],
							"lerp_mode": "catmullrom"
						},
						"3.25": {
							"post": [-9.89625, 22.83598, 30.30332],
							"lerp_mode": "catmullrom"
						},
						"3.4524": {
							"post": [-6.34703, 23.24315, 32.98379],
							"lerp_mode": "catmullrom"
						},
						"3.7024": {
							"post": [-0.03224, 0.97326, 1.50032],
							"lerp_mode": "catmullrom"
						},
						"3.8333": {
							"post": [0, 0, 0],
							"lerp_mode": "catmullrom"
						},
						"3.9524": {
							"post": [-0.01558, -0.01399, -0.49956],
							"lerp_mode": "catmullrom"
						},
						"4.0833": {
							"post": [0, 0, 0],
							"lerp_mode": "catmullrom"
						}
					},
					"position": {
						"0.0": {
							"post": [0, 0, 0],
							"lerp_mode": "catmullrom"
						},
						"0.0833": {
							"post": [0, -0.75, -0.25],
							"lerp_mode": "catmullrom"
						},
						"0.1667": {
							"post": [-0.25, 0, -0.75],
							"lerp_mode": "catmullrom"
						},
						"0.25": {
							"post": [-0.5, 2, -0.5],
							"lerp_mode": "catmullrom"
						},
						"0.3333": {
							"post": [-0.75, 1.5, -0.5],
							"lerp_mode": "catmullrom"
						},
						"0.5": {
							"post": [-0.75, 1.2, -0.5],
							"lerp_mode": "catmullrom"
						},
						"0.6667": {
							"post": [-0.775, 1.4, -0.5],
							"lerp_mode": "catmullrom"
						},
						"0.9167": {
							"post": [-0.895, 1.3, -0.5],
							"lerp_mode": "catmullrom"
						},
						"1.25": {
							"post": [-0.99, 1.175, -0.5],
							"lerp_mode": "catmullrom"
						},
						"1.5833": {
							"post": [-0.59, 1.18, -0.5],
							"lerp_mode": "catmullrom"
						},
						"1.7024": {
							"post": [0.16, -0.07, -0.5],
							"lerp_mode": "catmullrom"
						},
						"1.8333": {
							"post": [0.91, -0.57, -0.5],
							"lerp_mode": "catmullrom"
						},
						"1.9524": {
							"post": [1.16, -0.32, -0.5],
							"lerp_mode": "catmullrom"
						},
						"2.0833": {
							"post": [1.06, -0.32, -0.7],
							"lerp_mode": "catmullrom"
						},
						"2.2024": {
							"post": [1.06, -0.32, -0.66],
							"lerp_mode": "catmullrom"
						},
						"2.5476": {
							"post": [1.085, -0.32, -0.7],
							"lerp_mode": "catmullrom"
						},
						"2.6667": {
							"post": [0.99, -0.22, -0.7],
							"lerp_mode": "catmullrom"
						},
						"2.8333": {
							"post": [0.99, -0.02, -0.7],
							"lerp_mode": "catmullrom"
						},
						"3.0833": {
							"post": [1.09, -0.12, -0.8],
							"lerp_mode": "catmullrom"
						},
						"3.4524": {
							"post": [0.79, -0.72, -1.3],
							"lerp_mode": "catmullrom"
						},
						"3.5833": {
							"post": [0.38, -1.15, -0.68],
							"lerp_mode": "catmullrom"
						},
						"3.7024": {
							"post": [-0.1, -0.4, 0],
							"lerp_mode": "catmullrom"
						},
						"3.8333": {
							"post": [0, -0.1, 0.1],
							"lerp_mode": "catmullrom"
						},
						"3.9524": {
							"post": [0, 0, 0],
							"lerp_mode": "catmullrom"
						},
						"4.0833": {
							"post": [0, 0, 0],
							"lerp_mode": "catmullrom"
						}
					}
				}
			},
			"sound_effects": {
				"0.6548": {
					"effect": "gun_rustle"
				}
			}
		},
		"idle": {
			"loop": true,
			"bones": {
				"right_arm": {
					"rotation": [90, 0, -180],
					"position": [5.65, -2.2, 5.5]
				},
				"left_arm": {
					"rotation": {
						"0.0": {
							"post": [106.77229, -8.12236, -182.23564],
							"lerp_mode": "catmullrom"
						}
					},
					"position": {
						"0.0": {
							"post": [-2.40357, -3.58304, 3.30134],
							"lerp_mode": "catmullrom"
						}
					},
					"scale": [0.9, 1, 0.9]
				},
				"gun_body": {
					"rotation": [0, 0, 0],
					"position": [0, 0, 0]
				},
				"bolt": {
					"position": [0, 0, 0]
				},
				"seal": {
					"rotation": [0, 0, 0]
				}
			}
		},
		"draw": {
			"animation_length": 0.625,
			"bones": {
				"right_arm": {
					"rotation": [90, 0, -180],
					"position": [5.65, -2.2, 5.5]
				},
				"left_arm": {
					"rotation": {
						"0.0": {
							"post": [106.77229, -8.12236, -182.23564],
							"lerp_mode": "catmullrom"
						}
					},
					"position": {
						"0.0": {
							"post": [-2.40357, -3.58304, 3.30134],
							"lerp_mode": "catmullrom"
						}
					},
					"scale": [0.9, 1, 0.9]
				},
				"gun_body": {
					"rotation": {
						"0.0": {
							"post": [-36.39429, -28.31604, 5.05996],
							"lerp_mode": "catmullrom"
						},
						"0.25": {
							"post": [-11.83102, -14.96568, 15.40346],
							"lerp_mode": "catmullrom"
						},
						"0.4167": {
							"post": [-0.12978, 0.95523, -1.9975],
							"lerp_mode": "catmullrom"
						},
						"0.5417": {
							"post": [0.06544, 0.02068, 0.99765],
							"lerp_mode": "catmullrom"
						},
						"0.625": [0, 0, 0]
					},
					"position": {
						"0.0": {
							"post": [-0.05, -5.86, 1.61],
							"lerp_mode": "catmullrom"
						},
						"0.25": {
							"post": [0.5, -0.75, 0],
							"lerp_mode": "catmullrom"
						},
						"0.4167": {
							"post": [0.1, 0, -0.2],
							"lerp_mode": "catmullrom"
						},
						"0.5417": {
							"post": [0, 0, 0],
							"lerp_mode": "catmullrom"
						},
						"0.625": [0, 0, 0]
					}
				},
				"bolt": {
					"position": [0, 0, 0]
				}
			}
		}
	}
}