{
	"format_version": "1.8.0",
	"animations": {
		"aim_shoot": {
			"loop": true,
			"animation_length": 0.375,
			"bones": {
				"right_arm": {
					"rotation": [90, 0, -180],
					"position": [5.9, -2.45, 7.75]
				},
				"left_arm": {
					"rotation": [44.51191, 16.76869, -34.90421],
					"position": [-1.25, -7.75, -2.5]
				},
				"gun_body": {
					"rotation": {
						"0.0": [-0.24976, -0.0109, -2.49998],
						"0.0833": [-1.66464, -0.09525, 0.93699],
						"0.2917": [0.33536, -0.09525, 0.93699],
						"0.375": [0, 0, 0]
					},
					"position": {
						"0.0": [0, -0.03106, 1.47216],
						"0.0833": [0, -0.5, 0.5],
						"0.2083": [0, 0, -0.08],
						"0.375": [0, 0, 0]
					}
				},
				"bolt": {
					"position": {
						"0.0": [0, 0, 1.75],
						"0.125": [0, 0, 0]
					}
				},
				"magazine": {
					"scale": 1
				},
				"magazine_2": {
					"scale": 0
				}
			},
			"particle_effects": {
				"0.0": {
					"effect": "eject_casing"
				}
			}
		},
		"reload": {
			"animation_length": 2.75,
			"bones": {
				"right_arm": {
					"rotation": [90, 0, -180],
					"position": [5.9, -2.45, 7.75]
				},
				"left_arm": {
					"rotation": {
						"0.0": [44.51191, 16.76869, -34.90421],
						"0.25": [47.198, -3.70425, -55.51046],
						"0.4583": [47.198, -3.70425, -55.51046],
						"0.875": [47.2, -3.7, -55.51],
						"2.0": [47.198, -3.70425, -55.51046],
						"2.1667": [47.198, -3.70425, -55.51046],
						"2.2917": [57.14163, 3.09167, -45.01293],
						"2.4167": [44.51191, 16.76869, -34.90421]
					},
					"position": {
						"0.0": [-1.25, -7.75, -2.5],
						"0.125": [0.75, -8.25, -1.75],
						"0.25": [-1.5, -9.25, 0],
						"0.4583": [-1.5, -9.25, 0],
						"0.5417": [-1.5, -11.25, 0],
						"0.6667": [0.5, -13.1, 0],
						"0.875": [0.93, -18.73, 2.1],
						"1.5417": [1.33, -23.85, 4],
						"1.7083": [0.58, -12.96, 0.93],
						"1.8333": [-0.99, -9.95, 0.68],
						"1.9167": [-0.99, -9.95, 0.68],
						"2.0": [-1.5, -9.25, 0],
						"2.1667": [-1.5, -9.25, 0],
						"2.2917": [0.5, -9.25, 0],
						"2.4167": [-1.25, -7.75, -2.5]
					}
				},
				"gun_body": {
					"rotation": {
						"0.0": {
							"post": [0, 0, 0],
							"lerp_mode": "catmullrom"
						},
						"0.0833": {
							"post": [-2.5, 0, -10],
							"lerp_mode": "catmullrom"
						},
						"0.2083": {
							"post": [-17.35932, -2.24944, -17.15656],
							"lerp_mode": "catmullrom"
						},
						"0.3333": {
							"post": [-18.27437, -2.8448, -19.06779],
							"lerp_mode": "catmullrom"
						},
						"0.4583": {
							"post": [-15.10934, -3.7816, -21.92258],
							"lerp_mode": "catmullrom"
						},
						"0.5417": {
							"post": [-15.34388, -3.69554, -17.79177],
							"lerp_mode": "catmullrom"
						},
						"0.6667": {
							"post": [-11.60656, -2.56439, -12.91705],
							"lerp_mode": "catmullrom"
						},
						"0.75": {
							"post": [-11.66257, -2.70038, -15.41015],
							"lerp_mode": "catmullrom"
						},
						"0.9167": {
							"post": [-13.75658, -2.97901, -20.39685],
							"lerp_mode": "catmullrom"
						},
						"1.0417": {
							"post": [-15.58573, -3.78953, -23.29035],
							"lerp_mode": "catmullrom"
						},
						"1.1667": {
							"post": [-15.7042, -3.25013, -21.36082],
							"lerp_mode": "catmullrom"
						},
						"1.2917": {
							"post": [-15.71912, -3.30704, -22.35823],
							"lerp_mode": "catmullrom"
						},
						"1.5": {
							"post": [-15.82119, -2.76343, -20.43082],
							"lerp_mode": "catmullrom"
						},
						"1.75": {
							"post": [-16.0168, -1.11636, -14.6578],
							"lerp_mode": "catmullrom"
						},
						"1.9167": {
							"post": [-19.9976, 1.37018, -6.00741],
							"lerp_mode": "catmullrom"
						},
						"2.0": {
							"post": [-22.17131, 3.91819, 1.05461],
							"lerp_mode": "catmullrom"
						},
						"2.125": {
							"post": [-22.41144, 2.02057, -3.57774],
							"lerp_mode": "catmullrom"
						},
						"2.25": {
							"post": [-22.32498, 2.11204, -2.58257],
							"lerp_mode": "catmullrom"
						},
						"2.375": {
							"post": [-9.47043, 3.37072, 4.8197],
							"lerp_mode": "catmullrom"
						},
						"2.5": {
							"post": [0.03291, 0.03078, 1.9995],
							"lerp_mode": "catmullrom"
						},
						"2.625": {
							"post": [0, 0, -1],
							"lerp_mode": "catmullrom"
						},
						"2.75": {
							"post": [0, 0, 0],
							"lerp_mode": "catmullrom"
						}
					},
					"position": {
						"0.0": {
							"post": [0, 0, 0],
							"lerp_mode": "catmullrom"
						},
						"0.0833": {
							"post": [-0.1, 0.2, 0],
							"lerp_mode": "catmullrom"
						},
						"0.2083": {
							"post": [-0.35, 1.45, 0],
							"lerp_mode": "catmullrom"
						},
						"0.3333": {
							"post": [-0.55, 1.4, 0],
							"lerp_mode": "catmullrom"
						},
						"0.4583": {
							"post": [-0.55, 1.2, 0],
							"lerp_mode": "catmullrom"
						},
						"0.5417": {
							"post": [-0.75, 0.65, 0],
							"lerp_mode": "catmullrom"
						},
						"0.6667": {
							"post": [-0.85, 1.25, 0.2],
							"lerp_mode": "catmullrom"
						},
						"0.75": {
							"post": [-0.75, 1.35, 0.2],
							"lerp_mode": "catmullrom"
						},
						"0.8333": {
							"post": [-0.85, 1.45, 0.2],
							"lerp_mode": "catmullrom"
						},
						"0.9167": {
							"post": [-0.95, 1.65, 0.2],
							"lerp_mode": "catmullrom"
						},
						"1.1667": {
							"post": [-0.95, 1.65, 0.2],
							"lerp_mode": "catmullrom"
						},
						"1.2917": {
							"post": [-1.05, 1.55, 0.2],
							"lerp_mode": "catmullrom"
						},
						"1.5": {
							"post": [-1.15, 1.65, 0.2],
							"lerp_mode": "catmullrom"
						},
						"1.75": {
							"post": [-1.05, 1.45, 0.2],
							"lerp_mode": "catmullrom"
						},
						"1.9167": {
							"post": [-0.95, 1.75, 0.2],
							"lerp_mode": "catmullrom"
						},
						"2.0": {
							"post": [-0.7, 2, 0.2],
							"lerp_mode": "catmullrom"
						},
						"2.125": {
							"post": [-0.8, 1.9, 0.2],
							"lerp_mode": "catmullrom"
						},
						"2.25": {
							"post": [-0.8, 1.4, 0.2],
							"lerp_mode": "catmullrom"
						},
						"2.375": {
							"post": [-0.55, -0.35, 0.2],
							"lerp_mode": "catmullrom"
						},
						"2.5": {
							"post": [0, 0, -0.25],
							"lerp_mode": "catmullrom"
						},
						"2.625": {
							"post": [0, 0, 0],
							"lerp_mode": "catmullrom"
						},
						"2.75": {
							"post": [0, 0, 0],
							"lerp_mode": "catmullrom"
						}
					}
				},
				"bolt": {
					"rotation": [0, 0, 0],
					"position": {
						"0.0": [0, 0, 0],
						"0.125": [0, 0, 1.75],
						"1.9167": [0, 0, 1.75],
						"1.9583": [0, 0, 1.25],
						"2.0": [0, 0, 0]
					}
				},
				"magazine": {
					"rotation": {
						"0.0": [0, 0, 0],
						"0.4583": [0, 0, 0],
						"0.5417": [0, 0, -7.5],
						"0.6667": [0, 0, -25],
						"0.875": [-0.63, -0.04, -2.64],
						"1.5417": [-1.20049, -0.08227, 17.69226],
						"1.7083": [-1.18985, 0.1795, 30.18953],
						"1.8333": [-0.93625, -0.75593, -17.30243],
						"1.9167": [-0.82958, -0.87167, -24.80229],
						"2.0": [0, 0, 0]
					},
					"position": {
						"0.0": [0, 0, 0],
						"0.4583": [0, 0, 0],
						"0.5417": [0.5, -2, 0],
						"0.6667": [2.75, -3.75, 0],
						"0.875": [3.17, -9.59, 2.1],
						"1.5417": [3.55, -14.9, 4],
						"1.7083": [2.3, -3.65, 0.5],
						"1.8333": [0.75, -0.75, 0],
						"1.9167": [1, -0.75, 0],
						"2.0": [0, 0, 0]
					}
				},
				"magazine_2": {
					"scale": 0
				},
				"standard_mag_2": {
					"scale": 0
				},
				"extended_mag_2": {
					"position": [0, 0, 0]
				}
			},
			"sound_effects": {
				"0.4583": {
					"effect": "reload_mag_out"
				},
				"1.9167": {
					"effect": "reload_mag_in"
				}
			},
			"particle_effects": {
				"2.2917": {
					"effect": "loaded"
				}
			}
		},
		"draw": {
			"animation_length": 0.625,
			"bones": {
				"right_arm": {
					"rotation": [90, 0, -180],
					"position": [5.9, -2.45, 7.75]
				},
				"left_arm": {
					"rotation": [44.51191, 16.76869, -34.90421],
					"position": [-1.25, -7.75, -2.5]
				},
				"gun_body": {
					"rotation": {
						"0.0": {
							"post": [-36.39429, -28.31604, 5.05996],
							"lerp_mode": "catmullrom"
						},
						"0.25": {
							"post": [-11.83102, -14.96568, 15.40346],
							"lerp_mode": "catmullrom"
						},
						"0.4167": {
							"post": [-0.12978, 0.95523, -1.9975],
							"lerp_mode": "catmullrom"
						},
						"0.5417": {
							"post": [0.06544, 0.02068, 0.99765],
							"lerp_mode": "catmullrom"
						},
						"0.625": [0, 0, 0]
					},
					"position": {
						"0.0": {
							"post": [-0.05, -5.86, 1.61],
							"lerp_mode": "catmullrom"
						},
						"0.25": {
							"post": [0.5, -0.75, 0],
							"lerp_mode": "catmullrom"
						},
						"0.4167": {
							"post": [0.1, 0, -0.2],
							"lerp_mode": "catmullrom"
						},
						"0.5417": {
							"post": [0, 0, 0],
							"lerp_mode": "catmullrom"
						},
						"0.625": [0, 0, 0]
					}
				},
				"magazine_2": {
					"scale": 0
				}
			}
		},
		"idle": {
			"loop": true,
			"bones": {
				"right_arm": {
					"rotation": [90, 0, -180],
					"position": [5.9, -2.45, 7.75]
				},
				"left_arm": {
					"rotation": [44.51191, 16.76869, -34.90421],
					"position": [-1.25, -7.75, -2.5]
				},
				"magazine_2": {
					"scale": 0
				}
			}
		},
		"inspect": {
			"animation_length": 4.625,
			"bones": {
				"right_arm": {
					"rotation": [90, 0, -180],
					"position": [5.9, -2.45, 7.75]
				},
				"left_arm": {
					"rotation": [44.51191, 16.76869, -34.90421],
					"position": [-1.25, -7.75, -2.5]
				},
				"gun_body": {
					"rotation": {
						"0.0": {
							"post": [0, 0, 0],
							"lerp_mode": "catmullrom"
						},
						"0.0833": {
							"post": [-2.5, 0, -5],
							"lerp_mode": "catmullrom"
						},
						"0.1667": {
							"post": [-7.47864, -0.32621, -12.49294],
							"lerp_mode": "catmullrom"
						},
						"0.25": {
							"post": [-19.87314, -1.2969, -19.9307],
							"lerp_mode": "catmullrom"
						},
						"0.3333": {
							"post": [-20.01114, -1.32137, -21.92263],
							"lerp_mode": "catmullrom"
						},
						"0.4167": {
							"post": [-20.05087, -0.29358, -19.10387],
							"lerp_mode": "catmullrom"
						},
						"0.5": {
							"post": [-20.13961, -0.34129, -21.10006],
							"lerp_mode": "catmullrom"
						},
						"0.6667": {
							"post": [-20.12016, -0.35702, -19.64359],
							"lerp_mode": "catmullrom"
						},
						"0.9167": {
							"post": [-20.18918, -0.31605, -21.09822],
							"lerp_mode": "catmullrom"
						},
						"1.125": {
							"post": [-20.12013, -0.30421, -20.10105],
							"lerp_mode": "catmullrom"
						},
						"1.375": {
							"post": [-19.62013, -0.30421, -20.10105],
							"lerp_mode": "catmullrom"
						},
						"1.5833": {
							"post": [-19.45564, 5.40033, -11.50732],
							"lerp_mode": "catmullrom"
						},
						"1.7083": {
							"post": [-19.18413, 8.74651, -4.95155],
							"lerp_mode": "catmullrom"
						},
						"1.8333": {
							"post": [-13.53441, 21.41526, 20.89118],
							"lerp_mode": "catmullrom"
						},
						"1.9583": {
							"post": [-13.15756, 22.64686, 23.72199],
							"lerp_mode": "catmullrom"
						},
						"2.0833": {
							"post": [-13.13595, 22.65322, 24.22988],
							"lerp_mode": "catmullrom"
						},
						"2.1667": {
							"post": [-13.53975, 22.42253, 23.17639],
							"lerp_mode": "catmullrom"
						},
						"2.5417": {
							"post": [-13.49666, 22.43546, 24.19195],
							"lerp_mode": "catmullrom"
						},
						"2.6667": {
							"post": [-12.59303, 21.91271, 26.53963],
							"lerp_mode": "catmullrom"
						},
						"2.75": {
							"post": [-11.31399, 21.55584, 29.92208],
							"lerp_mode": "catmullrom"
						},
						"2.8333": {
							"post": [-9.37669, 22.01837, 31.55077],
							"lerp_mode": "catmullrom"
						},
						"2.9583": {
							"post": [-8.63439, 23.31914, 33.52179],
							"lerp_mode": "catmullrom"
						},
						"3.0833": {
							"post": [-9.47944, 23.00426, 31.37356],
							"lerp_mode": "catmullrom"
						},
						"3.25": {
							"post": [-9.89625, 22.83598, 30.30332],
							"lerp_mode": "catmullrom"
						},
						"3.4583": {
							"post": [-6.34703, 23.24315, 32.98379],
							"lerp_mode": "catmullrom"
						},
						"3.7083": {
							"post": [-0.03224, 0.97326, 1.50032],
							"lerp_mode": "catmullrom"
						},
						"3.8333": {
							"post": [0, 0, 0],
							"lerp_mode": "catmullrom"
						},
						"3.9583": {
							"post": [-0.01558, -0.01399, -0.49956],
							"lerp_mode": "catmullrom"
						},
						"4.0833": {
							"post": [0, 0, 0],
							"lerp_mode": "catmullrom"
						}
					},
					"position": {
						"0.0": {
							"post": [0, 0, 0],
							"lerp_mode": "catmullrom"
						},
						"0.0833": {
							"post": [0, -0.75, -0.25],
							"lerp_mode": "catmullrom"
						},
						"0.1667": {
							"post": [-0.25, 0, -0.75],
							"lerp_mode": "catmullrom"
						},
						"0.25": {
							"post": [-0.5, 2, -0.5],
							"lerp_mode": "catmullrom"
						},
						"0.3333": {
							"post": [-0.75, 1.5, -0.5],
							"lerp_mode": "catmullrom"
						},
						"0.5": {
							"post": [-0.75, 1.2, -0.5],
							"lerp_mode": "catmullrom"
						},
						"0.6667": {
							"post": [-0.775, 1.4, -0.5],
							"lerp_mode": "catmullrom"
						},
						"0.9167": {
							"post": [-0.895, 1.3, -0.5],
							"lerp_mode": "catmullrom"
						},
						"1.25": {
							"post": [-0.99, 1.175, -0.5],
							"lerp_mode": "catmullrom"
						},
						"1.5833": {
							"post": [-0.59, 1.18, -0.5],
							"lerp_mode": "catmullrom"
						},
						"1.7083": {
							"post": [0.16, -0.07, -0.5],
							"lerp_mode": "catmullrom"
						},
						"1.8333": {
							"post": [0.91, -0.57, -0.5],
							"lerp_mode": "catmullrom"
						},
						"1.9583": {
							"post": [1.16, -0.32, -0.5],
							"lerp_mode": "catmullrom"
						},
						"2.0833": {
							"post": [1.06, -0.32, -0.7],
							"lerp_mode": "catmullrom"
						},
						"2.2083": {
							"post": [1.06, -0.32, -0.66],
							"lerp_mode": "catmullrom"
						},
						"2.5417": {
							"post": [1.085, -0.32, -0.7],
							"lerp_mode": "catmullrom"
						},
						"2.6667": {
							"post": [0.99, -0.22, -0.7],
							"lerp_mode": "catmullrom"
						},
						"2.8333": {
							"post": [0.99, -0.02, -0.7],
							"lerp_mode": "catmullrom"
						},
						"3.0833": {
							"post": [1.09, -0.12, -0.8],
							"lerp_mode": "catmullrom"
						},
						"3.4583": {
							"post": [0.79, -0.72, -1.3],
							"lerp_mode": "catmullrom"
						},
						"3.5833": {
							"post": [0.38, -1.15, -0.68],
							"lerp_mode": "catmullrom"
						},
						"3.7083": {
							"post": [-0.1, -0.4, 0],
							"lerp_mode": "catmullrom"
						},
						"3.8333": {
							"post": [0, -0.1, 0.1],
							"lerp_mode": "catmullrom"
						},
						"3.9583": {
							"post": [0, 0, 0],
							"lerp_mode": "catmullrom"
						},
						"4.0833": {
							"post": [0, 0, 0],
							"lerp_mode": "catmullrom"
						}
					}
				},
				"shell": {
					"scale": 0
				}
			}
		},
		"shoot": {
			"loop": true,
			"animation_length": 0.375,
			"bones": {
				"right_arm": {
					"rotation": [90, 0, -180],
					"position": [5.9, -2.45, 7.75]
				},
				"left_arm": {
					"rotation": [44.51191, 16.76869, -34.90421],
					"position": [-1.25, -7.75, -2.5]
				},
				"gun_body": {
					"rotation": {
						"0.0": [-0.24976, -0.0109, -2.49998],
						"0.0833": [-1.66464, -0.09525, 0.93699],
						"0.2917": [0.33536, -0.09525, 0.93699],
						"0.375": [0, 0, 0]
					},
					"position": {
						"0.0": [0, -0.03106, 1.47216],
						"0.0833": [0, -0.5, 0.5],
						"0.2083": [0, 0, -0.08],
						"0.375": [0, 0, 0]
					}
				},
				"bolt": {
					"position": {
						"0.0": [0, 0, 1.75],
						"0.125": [0, 0, 0]
					}
				},
				"magazine": {
					"scale": 1
				},
				"magazine_2": {
					"scale": 0
				}
			},
			"particle_effects": {
				"0.0": {
					"effect": "eject_casing"
				}
			}
		}
	}
}