{
	"format_version": "1.8.0",
	"animations": {
		"aim_shoot": {
			"loop": true,
			"animation_length": 0.375,
			"bones": {
				"right_arm": {
					"rotation": [90, 0, -180],
					"position": [5.9, -2.45, 5.75]
				},
				"left_arm": {
					"rotation": [69.51191, 16.76869, -34.90421],
					"position": [-2, -15.75, 2],
					"scale": 0
				},
				"gun_body": {
					"rotation": {
						"0.0": [-0.24976, -0.0109, -2.49998],
						"0.0833": [-1.66464, -0.09525, 0.93699],
						"0.2917": [0.33536, -0.09525, 0.93699],
						"0.375": [0, 0, 0]
					},
					"position": {
						"0.0": [0, -0.03106, 1.47216],
						"0.0833": [0, -0.5, 0.5],
						"0.2083": [0, 0, -0.08],
						"0.375": [0, 0, 0]
					}
				},
				"bolt": {
					"position": {
						"0.0": [0, 0, 1.75],
						"0.125": [0, 0, 0]
					}
				},
				"magazine": {
					"scale": 1
				},
				"magazine_2": {
					"scale": 0
				}
			},
			"particle_effects": {
				"0.0": {
					"effect": "eject_casing"
				}
			}
		},
		"reload": {
			"animation_length": 2.75,
			"bones": {
				"right_arm": {
					"rotation": [90, 0, -180],
					"position": [5.9, -2.45, 5.75]
				},
				"left_arm": {
					"rotation": {
						"0.0": [69.51191, 16.76869, -34.90421],
						"0.4167": [70.23415, 7.99365, -31.60659],
						"0.625": [70.23415, 7.99365, -31.60659],
						"0.9167": [102.73415, 7.99365, -31.60659],
						"1.125": [70.23415, 7.99365, -31.60659],
						"1.2083": [70.23415, 7.99365, -31.60659],
						"1.4167": [70.23415, 7.99365, -31.60659],
						"1.625": [-2.26585, 7.99365, -31.60659],
						"1.7917": [69.51191, 16.76869, -34.90421]
					},
					"position": {
						"0.0": [-2, -15.75, 2],
						"0.4167": [-3.25, -7.25, 2.75],
						"0.625": [-3.25, -7.25, 2.75],
						"0.9167": [-4.25, -13.5, 3],
						"1.0": [-3.95, -6.8, 2.6],
						"1.125": [-3.5, -9.25, 2],
						"1.2083": [-3.5, -9.25, 2],
						"1.2917": [-3.25, -9.25, 2.75],
						"1.4167": [-3.25, -9.25, 2.75],
						"1.625": [0.25, -15.25, -0.5],
						"1.7917": [6, -15.75, 2]
					},
					"scale": {
						"0.0": [0, 0, 0],
						"0.4167": [1, 1, 1],
						"0.625": [1, 1, 1],
						"0.9167": [1, 1, 1],
						"1.25": [1, 1, 1],
						"1.625": [1, 1, 1],
						"1.7917": [0, 0, 0]
					}
				},
				"gun_body": {
					"rotation": {
						"0.0": {
							"post": [0, 0, 0],
							"lerp_mode": "catmullrom"
						},
						"0.125": {
							"post": [1.0041, -0.02897, 2.99957],
							"lerp_mode": "catmullrom"
						},
						"0.3333": {
							"post": [-22.87413, 8.01882, 6.55832],
							"lerp_mode": "catmullrom"
						},
						"0.4167": {
							"post": [-21.25227, 11.78369, 15.96477],
							"lerp_mode": "catmullrom"
						},
						"0.5417": {
							"post": [-20.20038, 13.55427, 20.75775],
							"lerp_mode": "catmullrom"
						},
						"0.625": {
							"post": [-24.18969, 3.5069, -16.13811],
							"lerp_mode": "catmullrom"
						},
						"0.75": {
							"post": [-23.99333, -4.72673, -34.38145],
							"lerp_mode": "catmullrom"
						},
						"0.8333": {
							"post": [-23.98334, -3.67985, -31.24038],
							"lerp_mode": "catmullrom"
						},
						"0.9167": {
							"post": [-23.98983, -1.97043, -26.34098],
							"lerp_mode": "catmullrom"
						},
						"1.0833": {
							"post": [-22.84511, -5.59311, -30.74674],
							"lerp_mode": "catmullrom"
						},
						"1.2083": {
							"post": [-27.91, -10.28, -43.25],
							"lerp_mode": "catmullrom"
						},
						"1.375": {
							"post": [-34.62347, -8.99501, -30.84328],
							"lerp_mode": "catmullrom"
						},
						"1.4583": {
							"post": [-33.8642, -11.80988, -35.04521],
							"lerp_mode": "catmullrom"
						},
						"1.5833": {
							"post": [-34.97585, -7.28261, -28.35485],
							"lerp_mode": "catmullrom"
						},
						"1.9167": {
							"post": [-0.07287, -0.00952, -2.49891],
							"lerp_mode": "catmullrom"
						},
						"2.0833": {
							"post": [0, 0, -2],
							"lerp_mode": "catmullrom"
						},
						"2.25": {
							"post": [0, 0, 0],
							"lerp_mode": "catmullrom"
						}
					},
					"position": {
						"0.0": {
							"post": [0, 0, 0],
							"lerp_mode": "catmullrom"
						},
						"0.125": {
							"post": [-0.2, -0.5, 0.3],
							"lerp_mode": "catmullrom"
						},
						"0.2083": {
							"post": [-1.2, 0.1, 0.6],
							"lerp_mode": "catmullrom"
						},
						"0.3333": {
							"post": [-2.2, 3.1, 0.6],
							"lerp_mode": "catmullrom"
						},
						"0.4167": {
							"post": [-2.7, 3.5, 0.6],
							"lerp_mode": "catmullrom"
						},
						"0.5417": {
							"post": [-1.5, 3.3, 0.6],
							"lerp_mode": "catmullrom"
						},
						"0.625": {
							"post": [-1.65, 3.3, -0.5],
							"lerp_mode": "catmullrom"
						},
						"0.75": {
							"post": [-1.25, 2.9, -0.5],
							"lerp_mode": "catmullrom"
						},
						"0.9167": {
							"post": [-1.75, 2.4, -0.5],
							"lerp_mode": "catmullrom"
						},
						"1.0833": {
							"post": [-2.05, 1.7, -0.5],
							"lerp_mode": "catmullrom"
						},
						"1.2083": {
							"post": [-2.27, 2.01, -0.5],
							"lerp_mode": "catmullrom"
						},
						"1.375": {
							"post": [-1.3, 2.7, -0.5],
							"lerp_mode": "catmullrom"
						},
						"1.625": {
							"post": [-0.77, 0.21, -0.5],
							"lerp_mode": "catmullrom"
						},
						"1.75": {
							"post": [-1.05, -0.55, -0.5],
							"lerp_mode": "catmullrom"
						},
						"1.9167": {
							"post": [0, 0, 0],
							"lerp_mode": "catmullrom"
						},
						"2.0833": {
							"post": [0, 0, 0.4],
							"lerp_mode": "catmullrom"
						},
						"2.25": {
							"post": [0, 0, 0],
							"lerp_mode": "catmullrom"
						}
					}
				},
				"bolt": {
					"rotation": {
						"1.75": [0, 0, 0],
						"2.0833": [0, 0, 0]
					},
					"position": {
						"1.75": [0, 0, 0],
						"1.875": [0, 0, 0.5],
						"2.0": [0, 0, 1.75],
						"2.0417": [0, 0, 1.25],
						"2.0833": [0, 0, 0]
					}
				},
				"magazine": {
					"position": {
						"0.0": [0, 0, 0],
						"0.625": [0, 0, 0],
						"0.7083": [0, -3, 0],
						"0.8333": [0, -13, 1],
						"1.125": [0, -3, 0],
						"1.2083": [0, -3, 0],
						"1.2917": [0, 0, 0]
					}
				},
				"magazine_2": {
					"scale": 0
				},
				"standard_mag_2": {
					"scale": 0
				},
				"extended_mag_2": {
					"position": [0, 0, 0]
				}
			},
			"sound_effects": {
				"0.625": {
					"effect": "reload_mag_out"
				},
				"1.2083": {
					"effect": "reload_mag_in"
				}
			},
			"particle_effects": {
				"1.9583": {
					"effect": "loaded"
				}
			}
		},
		"draw": {
			"animation_length": 0.625,
			"bones": {
				"right_arm": {
					"rotation": [90, 0, -180],
					"position": [5.9, -2.45, 5.75]
				},
				"left_arm": {
					"rotation": [69.51191, 16.76869, -34.90421],
					"position": [-2, -15.75, 2],
					"scale": 0
				},
				"gun_body": {
					"rotation": {
						"0.0": {
							"post": [-36.39429, -28.31604, 5.05996],
							"lerp_mode": "catmullrom"
						},
						"0.25": {
							"post": [-11.83102, -14.96568, 15.40346],
							"lerp_mode": "catmullrom"
						},
						"0.4167": {
							"post": [-0.12978, 0.95523, -1.9975],
							"lerp_mode": "catmullrom"
						},
						"0.5417": {
							"post": [0.06544, 0.02068, 0.99765],
							"lerp_mode": "catmullrom"
						},
						"0.625": [0, 0, 0]
					},
					"position": {
						"0.0": {
							"post": [-0.05, -5.86, 1.61],
							"lerp_mode": "catmullrom"
						},
						"0.25": {
							"post": [0.5, -0.75, 0],
							"lerp_mode": "catmullrom"
						},
						"0.4167": {
							"post": [0.1, 0, -0.2],
							"lerp_mode": "catmullrom"
						},
						"0.5417": {
							"post": [0, 0, 0],
							"lerp_mode": "catmullrom"
						},
						"0.625": [0, 0, 0]
					}
				},
				"magazine_2": {
					"scale": 0
				}
			}
		},
		"idle": {
			"loop": true,
			"bones": {
				"right_arm": {
					"rotation": [90, 0, -180],
					"position": [5.9, -2.45, 5.75]
				},
				"left_arm": {
					"rotation": [69.51191, 16.76869, -34.90421],
					"position": [-2, -15.75, 2],
					"scale": 0
				},
				"magazine_2": {
					"scale": 0
				}
			}
		},
		"inspect": {
			"animation_length": 4.625,
			"bones": {
				"right_arm": {
					"rotation": [90, 0, -180],
					"position": [5.9, -2.45, 5.75]
				},
				"left_arm": {
					"rotation": [69.51191, 16.76869, -34.90421],
					"position": [-2, -15.75, 2],
					"scale": 0
				},
				"gun_body": {
					"rotation": {
						"0.0": {
							"post": [0, 0, 0],
							"lerp_mode": "catmullrom"
						},
						"0.0833": {
							"post": [-2.5, 0, -5],
							"lerp_mode": "catmullrom"
						},
						"0.1667": {
							"post": [-7.47864, -0.32621, -12.49294],
							"lerp_mode": "catmullrom"
						},
						"0.25": {
							"post": [-19.87314, -1.2969, -19.9307],
							"lerp_mode": "catmullrom"
						},
						"0.3333": {
							"post": [-20.01114, -1.32137, -21.92263],
							"lerp_mode": "catmullrom"
						},
						"0.4167": {
							"post": [-20.05087, -0.29358, -19.10387],
							"lerp_mode": "catmullrom"
						},
						"0.5": {
							"post": [-20.13961, -0.34129, -21.10006],
							"lerp_mode": "catmullrom"
						},
						"0.6667": {
							"post": [-20.12016, -0.35702, -19.64359],
							"lerp_mode": "catmullrom"
						},
						"0.9167": {
							"post": [-20.18918, -0.31605, -21.09822],
							"lerp_mode": "catmullrom"
						},
						"1.125": {
							"post": [-20.12013, -0.30421, -20.10105],
							"lerp_mode": "catmullrom"
						},
						"1.375": {
							"post": [-19.62013, -0.30421, -20.10105],
							"lerp_mode": "catmullrom"
						},
						"1.5833": {
							"post": [-19.45564, 5.40033, -11.50732],
							"lerp_mode": "catmullrom"
						},
						"1.7083": {
							"post": [-19.18413, 8.74651, -4.95155],
							"lerp_mode": "catmullrom"
						},
						"1.8333": {
							"post": [-13.53441, 21.41526, 20.89118],
							"lerp_mode": "catmullrom"
						},
						"1.9583": {
							"post": [-13.15756, 22.64686, 23.72199],
							"lerp_mode": "catmullrom"
						},
						"2.0833": {
							"post": [-13.13595, 22.65322, 24.22988],
							"lerp_mode": "catmullrom"
						},
						"2.1667": {
							"post": [-13.53975, 22.42253, 23.17639],
							"lerp_mode": "catmullrom"
						},
						"2.5417": {
							"post": [-13.49666, 22.43546, 24.19195],
							"lerp_mode": "catmullrom"
						},
						"2.6667": {
							"post": [-12.59303, 21.91271, 26.53963],
							"lerp_mode": "catmullrom"
						},
						"2.75": {
							"post": [-11.31399, 21.55584, 29.92208],
							"lerp_mode": "catmullrom"
						},
						"2.8333": {
							"post": [-9.37669, 22.01837, 31.55077],
							"lerp_mode": "catmullrom"
						},
						"2.9583": {
							"post": [-8.63439, 23.31914, 33.52179],
							"lerp_mode": "catmullrom"
						},
						"3.0833": {
							"post": [-9.47944, 23.00426, 31.37356],
							"lerp_mode": "catmullrom"
						},
						"3.25": {
							"post": [-9.89625, 22.83598, 30.30332],
							"lerp_mode": "catmullrom"
						},
						"3.4583": {
							"post": [-6.34703, 23.24315, 32.98379],
							"lerp_mode": "catmullrom"
						},
						"3.7083": {
							"post": [-0.03224, 0.97326, 1.50032],
							"lerp_mode": "catmullrom"
						},
						"3.8333": {
							"post": [0, 0, 0],
							"lerp_mode": "catmullrom"
						},
						"3.9583": {
							"post": [-0.01558, -0.01399, -0.49956],
							"lerp_mode": "catmullrom"
						},
						"4.0833": {
							"post": [0, 0, 0],
							"lerp_mode": "catmullrom"
						}
					},
					"position": {
						"0.0": {
							"post": [0, 0, 0],
							"lerp_mode": "catmullrom"
						},
						"0.0833": {
							"post": [0, -0.75, -0.25],
							"lerp_mode": "catmullrom"
						},
						"0.1667": {
							"post": [-0.25, 0, -0.75],
							"lerp_mode": "catmullrom"
						},
						"0.25": {
							"post": [-0.5, 2, -0.5],
							"lerp_mode": "catmullrom"
						},
						"0.3333": {
							"post": [-0.75, 1.5, -0.5],
							"lerp_mode": "catmullrom"
						},
						"0.5": {
							"post": [-0.75, 1.2, -0.5],
							"lerp_mode": "catmullrom"
						},
						"0.6667": {
							"post": [-0.775, 1.4, -0.5],
							"lerp_mode": "catmullrom"
						},
						"0.9167": {
							"post": [-0.895, 1.3, -0.5],
							"lerp_mode": "catmullrom"
						},
						"1.25": {
							"post": [-0.99, 1.175, -0.5],
							"lerp_mode": "catmullrom"
						},
						"1.5833": {
							"post": [-0.59, 1.18, -0.5],
							"lerp_mode": "catmullrom"
						},
						"1.7083": {
							"post": [0.16, -0.07, -0.5],
							"lerp_mode": "catmullrom"
						},
						"1.8333": {
							"post": [0.91, -0.57, -0.5],
							"lerp_mode": "catmullrom"
						},
						"1.9583": {
							"post": [1.16, -0.32, -0.5],
							"lerp_mode": "catmullrom"
						},
						"2.0833": {
							"post": [1.06, -0.32, -0.7],
							"lerp_mode": "catmullrom"
						},
						"2.2083": {
							"post": [1.06, -0.32, -0.66],
							"lerp_mode": "catmullrom"
						},
						"2.5417": {
							"post": [1.085, -0.32, -0.7],
							"lerp_mode": "catmullrom"
						},
						"2.6667": {
							"post": [0.99, -0.22, -0.7],
							"lerp_mode": "catmullrom"
						},
						"2.8333": {
							"post": [0.99, -0.02, -0.7],
							"lerp_mode": "catmullrom"
						},
						"3.0833": {
							"post": [1.09, -0.12, -0.8],
							"lerp_mode": "catmullrom"
						},
						"3.4583": {
							"post": [0.79, -0.72, -1.3],
							"lerp_mode": "catmullrom"
						},
						"3.5833": {
							"post": [0.38, -1.15, -0.68],
							"lerp_mode": "catmullrom"
						},
						"3.7083": {
							"post": [-0.1, -0.4, 0],
							"lerp_mode": "catmullrom"
						},
						"3.8333": {
							"post": [0, -0.1, 0.1],
							"lerp_mode": "catmullrom"
						},
						"3.9583": {
							"post": [0, 0, 0],
							"lerp_mode": "catmullrom"
						},
						"4.0833": {
							"post": [0, 0, 0],
							"lerp_mode": "catmullrom"
						}
					}
				},
				"shell": {
					"scale": 0
				}
			}
		},
		"shoot": {
			"loop": true,
			"animation_length": 0.375,
			"bones": {
				"right_arm": {
					"rotation": [90, 0, -180],
					"position": [5.9, -2.45, 5.75]
				},
				"left_arm": {
					"rotation": [69.51191, 16.76869, -34.90421],
					"position": [-2, -15.75, 2],
					"scale": 0
				},
				"gun_body": {
					"rotation": {
						"0.0": [-0.24976, -0.0109, -2.49998],
						"0.0833": [-1.66464, -0.09525, 0.93699],
						"0.2917": [0.33536, -0.09525, 0.93699],
						"0.375": [0, 0, 0]
					},
					"position": {
						"0.0": [0, -0.03106, 1.47216],
						"0.0833": [0, -0.5, 0.5],
						"0.2083": [0, 0, -0.08],
						"0.375": [0, 0, 0]
					}
				},
				"bolt": {
					"position": {
						"0.0": [0, 0, 1.75],
						"0.125": [0, 0, 0]
					}
				},
				"magazine": {
					"scale": 1
				},
				"magazine_2": {
					"scale": 0
				}
			},
			"particle_effects": {
				"0.0": {
					"effect": "eject_casing"
				}
			}
		}
	}
}