{
	"format_version": "1.8.0",
	"animations": {
		"shoot": {
			"loop": true,
			"animation_length": 0.75,
			"bones": {
				"right_arm": {
					"rotation": {
						"0.0": [93.71914, 31.2528, -187.25188],
						"0.3333": [93.71914, 31.2528, -187.25188]
					},
					"position": {
						"0.0": [1.07498, -0.57461, 9.29652],
						"0.3333": [1.07498, -0.57461, 9.29652]
					}
				},
				"left_arm": {
					"rotation": {
						"0.0": [107.88091, -26.01067, -181.36893],
						"0.3333": [107.88091, -26.01067, -181.36893]
					},
					"position": {
						"0.0": [-3.022, -1.56157, 0.9674],
						"0.3333": [-3.022, -1.56157, 0.9674]
					}
				},
				"gun_body": {
					"rotation": {
						"0.0": {
							"post": [-11.23961, 0.19049, 6.24711],
							"lerp_mode": "catmullrom"
						},
						"0.25": {
							"post": [0, 0, -2.5],
							"lerp_mode": "catmullrom"
						},
						"0.4167": {
							"post": [0.00174, -0.03996, -1.63],
							"lerp_mode": "catmullrom"
						},
						"0.5833": {
							"post": [0, 0, 0],
							"lerp_mode": "catmullrom"
						}
					},
					"position": {
						"0.0": {
							"post": [0.05008, 0.42152, 1.82811],
							"lerp_mode": "catmullrom"
						},
						"0.25": {
							"post": [0, 0, 0],
							"lerp_mode": "catmullrom"
						},
						"0.4167": {
							"post": [-0.1, -0.1, 0],
							"lerp_mode": "catmullrom"
						},
						"0.5833": {
							"post": [0, 0, 0],
							"lerp_mode": "catmullrom"
						}
					}
				},
				"barrel": {
					"position": {
						"0.0": [0, 0, 1.5],
						"0.0833": [0, 0, 1.5],
						"0.4167": [0, 0, 0.64],
						"0.5833": [0, 0, -0.2],
						"0.75": [0, 0, 0]
					},
					"scale": {
						"0.0": [1, 1, 0.95],
						"0.0833": [1, 1, 0.95],
						"0.5833": [1, 1, 1]
					}
				}
			}
		},
		"reload": {
			"animation_length": 3.1667,
			"bones": {
				"gun_body": {
					"rotation": {
						"0.0": {
							"post": [0, 0, 0],
							"lerp_mode": "catmullrom"
						},
						"0.3333": {
							"post": [-5.86457, 1.16358, 0.44825],
							"lerp_mode": "catmullrom"
						},
						"0.6667": {
							"post": [-5.91163, 0.64487, -4.52679],
							"lerp_mode": "catmullrom"
						},
						"0.9167": {
							"post": [-7.81795, 1.56088, 0.57095],
							"lerp_mode": "catmullrom"
						},
						"1.1667": {
							"post": [-7.81795, 1.56088, 0.57095],
							"lerp_mode": "catmullrom"
						},
						"1.3333": {
							"post": [-12.9088, 2.96366, 3.6878],
							"lerp_mode": "catmullrom"
						},
						"1.5": {
							"post": [-10.74727, 2.16408, 0.72948],
							"lerp_mode": "catmullrom"
						},
						"1.75": {
							"post": [-11.4095, 1.70618, -2.21491],
							"lerp_mode": "catmullrom"
						},
						"2.1667": {
							"post": [-10.75, 2.16, 0.73],
							"lerp_mode": "catmullrom"
						},
						"2.5833": {
							"post": [0, 0, -2],
							"lerp_mode": "catmullrom"
						},
						"2.75": {
							"post": [0.39495, -0.49531, 0.77205],
							"lerp_mode": "catmullrom"
						},
						"2.9167": {
							"post": [0, 0, 0],
							"lerp_mode": "catmullrom"
						}
					},
					"position": {
						"0.0": {
							"post": [0, 0, 0],
							"lerp_mode": "catmullrom"
						},
						"0.3333": {
							"post": [0, 0.24404, 0.54813],
							"lerp_mode": "catmullrom"
						},
						"0.6667": {
							"post": [-0.25, -0.71, 0.52],
							"lerp_mode": "catmullrom"
						},
						"0.9167": {
							"post": [0.00859, -0.33708, 1.07621],
							"lerp_mode": "catmullrom"
						},
						"1.1667": {
							"post": [0.00859, -0.33708, 1.07621],
							"lerp_mode": "catmullrom"
						},
						"1.3333": {
							"post": [-0.05317, -1.22915, 1.3889],
							"lerp_mode": "catmullrom"
						},
						"1.5": {
							"post": [0.21196, -1.12657, 1.65531],
							"lerp_mode": "catmullrom"
						},
						"1.6667": {
							"post": [0.46196, -1.12657, 1.90531],
							"lerp_mode": "catmullrom"
						},
						"1.75": {
							"post": [0.21196, -1.12657, 2.65531],
							"lerp_mode": "catmullrom"
						},
						"1.9167": {
							"post": [0.46, -2.11, 2.65],
							"lerp_mode": "catmullrom"
						},
						"2.1667": {
							"post": [0.43, -2, 2.3],
							"lerp_mode": "catmullrom"
						},
						"2.5833": {
							"post": [0, -0.2, 0.3],
							"lerp_mode": "catmullrom"
						},
						"2.75": {
							"post": [0, 0, 0],
							"lerp_mode": "catmullrom"
						},
						"2.9167": {
							"post": [0, 0, 0],
							"lerp_mode": "catmullrom"
						}
					}
				},
				"right_arm": {
					"rotation": [93.71914, 31.2528, -187.25188],
					"position": [1.07498, -0.57461, 9.29652]
				},
				"left_arm": {
					"rotation": {
						"0.0": {
							"post": [107.88091, -26.01067, -181.36893],
							"lerp_mode": "catmullrom"
						},
						"0.1667": {
							"post": [69.73798, -21.81091, -165.40492],
							"lerp_mode": "catmullrom"
						},
						"0.3333": {
							"post": [34.67189, -3.07579, -160.94168],
							"lerp_mode": "catmullrom"
						},
						"0.5833": {
							"post": [34.67, -3.08, -160.94],
							"lerp_mode": "catmullrom"
						},
						"0.75": {
							"post": [62.57172, -17.22901, -165.37999],
							"lerp_mode": "catmullrom"
						},
						"1.0": {
							"post": [75.64092, -24.31393, -167.21361],
							"lerp_mode": "catmullrom"
						},
						"1.1667": {
							"post": [73.08488, -28.19035, -162.11611],
							"lerp_mode": "catmullrom"
						},
						"1.3333": {
							"post": [57.28902, -19.31521, -157.14871],
							"lerp_mode": "catmullrom"
						},
						"1.4167": {
							"post": [73.08488, -28.19035, -162.11611],
							"lerp_mode": "catmullrom"
						},
						"1.5833": {
							"post": [74.16373, -9.74516, -146.03966],
							"lerp_mode": "catmullrom"
						},
						"1.6667": {
							"post": [74.16373, -9.74516, -146.03966],
							"lerp_mode": "catmullrom"
						},
						"1.75": {
							"post": [57.67222, -38.5285, -170.73961],
							"lerp_mode": "catmullrom"
						},
						"2.0": {
							"post": [57.67, -38.53, -170.74],
							"lerp_mode": "catmullrom"
						},
						"2.3333": {
							"post": [107.88091, -26.01067, -181.36893],
							"lerp_mode": "catmullrom"
						}
					},
					"position": {
						"0.0": {
							"post": [-3.022, -1.56157, 0.9674],
							"lerp_mode": "catmullrom"
						},
						"0.1667": {
							"post": [-2.32235, 1.64671, 0.6379],
							"lerp_mode": "catmullrom"
						},
						"0.3333": {
							"post": [3.27548, 0.334, 7.41874],
							"lerp_mode": "catmullrom"
						},
						"0.5833": {
							"post": [3.28, 0.33, 7.42],
							"lerp_mode": "catmullrom"
						},
						"0.75": {
							"post": [2.83159, -0.29903, -3.65423],
							"lerp_mode": "catmullrom"
						},
						"1.0": {
							"post": [-1.72542, -1.13077, -15.60886],
							"lerp_mode": "catmullrom"
						},
						"1.1667": {
							"post": [-2.61311, -1.36477, -17.04353],
							"lerp_mode": "catmullrom"
						},
						"1.4167": {
							"post": [-2.61311, -1.36477, -17.04353],
							"lerp_mode": "catmullrom"
						},
						"1.5833": {
							"post": [-3.00075, 0.04116, -18.41261],
							"lerp_mode": "catmullrom"
						},
						"1.6667": {
							"post": [-3.00075, 0.04116, -18.41261],
							"lerp_mode": "catmullrom"
						},
						"1.75": {
							"post": [-2.71292, -0.95543, -17.32524],
							"lerp_mode": "catmullrom"
						},
						"2.0": {
							"post": [-2.71, -0.96, -17.33],
							"lerp_mode": "catmullrom"
						},
						"2.3333": {
							"post": [-3.022, -1.56157, 0.9674],
							"lerp_mode": "catmullrom"
						}
					}
				},
				"gun_body2": {
					"rotation": {
						"0.0": {
							"post": [0, 0, 0],
							"lerp_mode": "catmullrom"
						},
						"0.1667": {
							"post": [-24, 0, 0],
							"lerp_mode": "catmullrom"
						},
						"0.5": {
							"post": [-35.80644, 1.86385, 11.85647],
							"lerp_mode": "catmullrom"
						},
						"2.1667": {
							"post": [-35.75, 2.48, 11.75],
							"lerp_mode": "catmullrom"
						},
						"2.5833": {
							"post": [0, 0, 0],
							"lerp_mode": "catmullrom"
						}
					},
					"position": {
						"0.0": {
							"post": [0, 0, 0],
							"lerp_mode": "catmullrom"
						},
						"0.1667": {
							"post": [0, -2.65057, 0.79023],
							"lerp_mode": "catmullrom"
						},
						"0.5": {
							"post": [0, -4.35674, 1.70355],
							"lerp_mode": "catmullrom"
						},
						"1.5833": {
							"post": [0, -4.35674, 1.70355],
							"lerp_mode": "catmullrom"
						},
						"1.75": {
							"post": [-0.13296, -4.91264, 1.29146],
							"lerp_mode": "catmullrom"
						},
						"1.9167": {
							"post": [0, -4.85674, 1.70355],
							"lerp_mode": "catmullrom"
						},
						"2.1667": {
							"post": [0, -4.36, 1.7],
							"lerp_mode": "catmullrom"
						},
						"2.5833": {
							"post": [0, 0, 0],
							"lerp_mode": "catmullrom"
						}
					}
				},
				"barrel": {
					"position": {
						"0.0": [0, 0, 0],
						"1.6667": [0, 0, 0],
						"1.75": [0, 0, 0.6],
						"1.8333": [0, 0, 0.6],
						"1.9167": [0, 0, 0],
						"2.0": [0, 0, 0],
						"2.5": [0, 0, 0],
						"2.6667": [0, 0, 0]
					}
				},
				"Ball": {
					"rotation": {
						"0.0": {
							"post": [0, 0, 0],
							"lerp_mode": "catmullrom"
						},
						"0.75": {
							"post": [-0.70689, 14.58638, -16.58974],
							"lerp_mode": "catmullrom"
						},
						"1.0": {
							"post": [-0.70689, 14.58638, -16.58974],
							"lerp_mode": "catmullrom"
						},
						"1.1667": {
							"post": [0, 0, 0],
							"lerp_mode": "catmullrom"
						},
						"1.75": {
							"post": [0, 0, 0],
							"lerp_mode": "catmullrom"
						},
						"2.0": {
							"post": [0, 0, 0],
							"lerp_mode": "catmullrom"
						},
						"2.5": {
							"post": [0, 0, 0],
							"lerp_mode": "catmullrom"
						},
						"2.6667": {
							"post": [0, 0, 0],
							"lerp_mode": "catmullrom"
						}
					},
					"position": {
						"0.0": {
							"post": [8, 0, 0],
							"lerp_mode": "catmullrom"
						},
						"0.3333": {
							"post": [8.53075, 0.48638, 7.23148],
							"lerp_mode": "catmullrom"
						},
						"0.5833": {
							"post": [8.53075, 0.48638, 7.23148],
							"lerp_mode": "catmullrom"
						},
						"0.75": {
							"post": [6.13, 1.19, -3.92],
							"lerp_mode": "catmullrom"
						},
						"1.0": [0.23, 1.89, -15.07],
						"1.1667": [0.23, 0.19, -13.67],
						"1.3333": [0.03, -0.21, -12.87],
						"1.5833": [0.01332, -0.23962, -12.86002],
						"1.75": [0.01777, -0.23989, -12.27],
						"1.8333": [0, 0, 0],
						"2.0": [0, 0, 0],
						"2.5": [0, 0, 0],
						"2.6667": [0, 0, 0]
					},
					"scale": {
						"0.25": [0, 0, 0],
						"0.3333": [1, 1, 1],
						"2.0": [1, 1, 1]
					}
				}
			},
			"sound_effects": {
				"0.0833": {
					"effect": "gun_rustle"
				},
				"1.3333": {
					"effect": "reload_mag_in"
				},
				"1.75": {
					"effect": "slap"
				},
				"2.75": {
					"effect": "gun_rustle"
				}
			},
			"particle_effects": {
				"2.5833": {
					"effect": "loaded"
				}
			}
		},
		"idle": {
			"loop": true,
			"bones": {
				"right_arm": {
					"rotation": [93.71914, 31.2528, -187.25188],
					"position": [1.07498, -0.57461, 9.29652]
				},
				"left_arm": {
					"rotation": [107.88091, -26.01067, -181.36893],
					"position": [-3.022, -1.56157, 0.9674]
				},
				"gun_body": {
					"rotation": [0, 0, 0],
					"position": [0, 0, 0]
				}
			}
		},
		"draw": {
			"animation_length": 1.0833,
			"bones": {
				"right_arm": {
					"rotation": [93.71914, 31.2528, -187.25188],
					"position": [1.07498, -0.57461, 9.29652]
				},
				"left_arm": {
					"rotation": [107.88091, -26.01067, -181.36893],
					"position": [-3.022, -1.56157, 0.9674]
				},
				"gun_body": {
					"rotation": {
						"0.0": {
							"post": [20.02145, -17.68576, 12.23134],
							"lerp_mode": "catmullrom"
						},
						"0.375": [0, 0, 3.25],
						"0.7083": {
							"pre": [0, 0, -2.5],
							"post": [0, 0, -2.5],
							"lerp_mode": "catmullrom"
						},
						"0.8333": {
							"post": [0.57395, 0.04236, 0.81801],
							"lerp_mode": "catmullrom"
						},
						"0.9583": {
							"post": [0, 0, 0],
							"lerp_mode": "catmullrom"
						}
					},
					"position": {
						"0.0": [0, -7, 0],
						"0.4167": [0, 0, -0.5],
						"0.7083": {
							"pre": [0, -0.1, 0.2],
							"post": [0, -0.1, 0.2],
							"lerp_mode": "catmullrom"
						},
						"0.8333": {
							"post": [0, 0, 0],
							"lerp_mode": "catmullrom"
						},
						"0.9583": {
							"post": [0, 0, 0],
							"lerp_mode": "catmullrom"
						}
					}
				}
			}
		},
		"inspect": {
			"animation_length": 7.6667,
			"bones": {
				"left_arm": {
					"rotation": {
						"0.0": [107.88091, -26.01067, -181.36893],
						"2.9583": [107.88091, -26.01067, -181.36893]
					},
					"position": {
						"0.0": [-3.022, -1.56157, 0.9674],
						"2.9583": [-3.022, -1.56157, 0.9674]
					}
				},
				"gun_body": {
					"rotation": {
						"0.0": {
							"post": [0, 0, 0],
							"lerp_mode": "catmullrom"
						},
						"0.25": {
							"post": [0, -2.5, -5],
							"lerp_mode": "catmullrom"
						},
						"0.4583": {
							"post": [-4.57853, -4.95404, -14.80965],
							"lerp_mode": "catmullrom"
						},
						"0.625": {
							"post": [-4.508, -7.02695, -15.65254],
							"lerp_mode": "catmullrom"
						},
						"0.7917": {
							"post": [-4.62773, -7.0966, -14.70862],
							"lerp_mode": "catmullrom"
						},
						"1.0833": {
							"post": [-4.508, -7.02695, -15.65254],
							"lerp_mode": "catmullrom"
						},
						"1.7083": {
							"post": [-4.52, -7.02, -16.21],
							"lerp_mode": "catmullrom"
						},
						"2.25": {
							"post": [-4.64204, -6.94013, -15.20575],
							"lerp_mode": "catmullrom"
						},
						"2.6667": {
							"post": [-6.51282, -5.22584, 2.31015],
							"lerp_mode": "catmullrom"
						},
						"2.9583": {
							"post": [-8.3243, -0.56277, 37.05356],
							"lerp_mode": "catmullrom"
						},
						"3.125": {
							"post": [-8.53622, 3.77089, 65.74516],
							"lerp_mode": "catmullrom"
						},
						"3.2917": {
							"post": [-7.54113, 3.72387, 66.74372],
							"lerp_mode": "catmullrom"
						},
						"3.5833": {
							"post": [-7.47547, 3.85454, 67.73732],
							"lerp_mode": "catmullrom"
						},
						"3.75": {
							"post": [-7.46974, 3.90147, 66.73882],
							"lerp_mode": "catmullrom"
						},
						"3.9167": {
							"post": [-7.45276, 3.93394, 66.98729],
							"lerp_mode": "catmullrom"
						},
						"4.375": {
							"post": [-7.48657, 3.86894, 66.49038],
							"lerp_mode": "catmullrom"
						},
						"4.75": {
							"post": [-7.48297, 3.90421, 65.74146],
							"lerp_mode": "catmullrom"
						},
						"5.0833": {
							"post": [-7.11661, 4.53992, 70.71442],
							"lerp_mode": "catmullrom"
						},
						"5.375": {
							"post": [-7.1256, 4.49349, 71.71259],
							"lerp_mode": "catmullrom"
						},
						"5.625": {
							"post": [-6.93347, 4.40008, 70.96618],
							"lerp_mode": "catmullrom"
						},
						"6.0833": {
							"post": [-6.6813, 4.4117, 70.71663],
							"lerp_mode": "catmullrom"
						},
						"6.4167": {
							"post": [-6.63882, 4.78727, 62.72895],
							"lerp_mode": "catmullrom"
						},
						"6.875": {
							"post": [0.52466, 0.68222, 7.99329],
							"lerp_mode": "catmullrom"
						},
						"7.125": {
							"post": [-0.08213, 0.04686, -0.9978],
							"lerp_mode": "catmullrom"
						},
						"7.4167": {
							"post": [0.04086, -0.02379, 0.99887],
							"lerp_mode": "catmullrom"
						},
						"7.6667": {
							"post": [0, 0, 0],
							"lerp_mode": "catmullrom"
						}
					},
					"position": {
						"0.0": {
							"post": [0, 0, 0],
							"lerp_mode": "catmullrom"
						},
						"0.25": {
							"post": [-0.25, -0.25, 0.75],
							"lerp_mode": "catmullrom"
						},
						"0.4583": {
							"post": [-0.55, -0.25, 0.75],
							"lerp_mode": "catmullrom"
						},
						"0.625": {
							"post": [-0.65, -0.45, 0.75],
							"lerp_mode": "catmullrom"
						},
						"1.0833": {
							"post": [-0.55, -0.35, 0.75],
							"lerp_mode": "catmullrom"
						},
						"1.7083": {
							"post": [-0.49, -0.39, 0.75],
							"lerp_mode": "catmullrom"
						},
						"2.25": {
							"post": [-0.49, -0.49, 0.75],
							"lerp_mode": "catmullrom"
						},
						"2.6667": {
							"post": [-0.09, -0.79, 0.75],
							"lerp_mode": "catmullrom"
						},
						"2.9583": {
							"post": [1.11, -0.79, 0.75],
							"lerp_mode": "catmullrom"
						},
						"3.125": {
							"post": [1.51, -0.14, 0.75],
							"lerp_mode": "catmullrom"
						},
						"3.2917": {
							"post": [1.71, -0.04, 0.75],
							"lerp_mode": "catmullrom"
						},
						"3.5833": {
							"post": [1.61, -0.14, 0.75],
							"lerp_mode": "catmullrom"
						},
						"3.9167": {
							"post": [1.575, -0.16, 0.75],
							"lerp_mode": "catmullrom"
						},
						"5.0833": {
							"post": [1.71, -0.16, 0.75],
							"lerp_mode": "catmullrom"
						},
						"5.375": {
							"post": [1.735, -0.135, 0.75],
							"lerp_mode": "catmullrom"
						},
						"6.0833": {
							"post": [1.565, -0.205, 0.75],
							"lerp_mode": "catmullrom"
						},
						"6.4167": {
							"post": [1.27, -0.4, 0.75],
							"lerp_mode": "catmullrom"
						},
						"6.625": {
							"post": [0.57, -1.35, 0.75],
							"lerp_mode": "catmullrom"
						},
						"6.875": {
							"post": [-0.03, -0.9, 0.75],
							"lerp_mode": "catmullrom"
						},
						"7.125": {
							"post": [-0.05, 0, 0],
							"lerp_mode": "catmullrom"
						},
						"7.4167": {
							"post": [0, 0, 0],
							"lerp_mode": "catmullrom"
						},
						"7.6667": {
							"post": [0, 0, 0],
							"lerp_mode": "catmullrom"
						}
					}
				},
				"right_arm": {
					"rotation": {
						"0.0": [93.71914, 31.2528, -187.25188],
						"2.9583": [93.71914, 31.2528, -187.25188]
					},
					"position": {
						"0.0": [1.07498, -0.57461, 9.29652],
						"2.9583": [1.07498, -0.57461, 9.29652]
					}
				}
			}
		},
		"aim_shoot": {
			"loop": true,
			"animation_length": 3.1667,
			"bones": {
				"right_arm": {
					"rotation": {
						"0.0": [93.71914, 31.2528, -187.25188],
						"0.3333": [76.21914, 31.2528, -187.25188]
					},
					"position": {
						"0.0": [1.07498, -0.57461, -16.70348],
						"0.3333": [2.07498, 11.42539, 8.29652]
					}
				},
				"left_arm": {
					"rotation": {
						"0.0": [107.88091, -26.01067, -181.36893],
						"0.3333": [107.88091, -26.01067, -181.36893]
					},
					"position": {
						"0.0": [11.978, -12.56157, 0.9674],
						"0.3333": [-3.022, 5.43843, 0.9674]
					}
				},
				"gun_body": {
					"rotation": {
						"0.0": {
							"post": [-6.23961, 0.19049, 6.24711],
							"lerp_mode": "catmullrom"
						},
						"0.25": {
							"post": [0, 0, -2.5],
							"lerp_mode": "catmullrom"
						},
						"0.4167": {
							"post": [0.00174, -0.03996, -1.63],
							"lerp_mode": "catmullrom"
						},
						"0.5833": {
							"post": [0, 0, 0],
							"lerp_mode": "catmullrom"
						}
					},
					"position": {
						"0.0": {
							"post": [0.05008, 12.42152, 1.82811],
							"lerp_mode": "catmullrom"
						},
						"0.25": {
							"post": [0, 0, 0],
							"lerp_mode": "catmullrom"
						},
						"0.4167": {
							"post": [-0.1, -6.1, 0],
							"lerp_mode": "catmullrom"
						},
						"0.5833": {
							"post": [0, 2, 0],
							"lerp_mode": "catmullrom"
						},
						"0.75": {
							"post": [0, -1, -5],
							"lerp_mode": "catmullrom"
						},
						"1.0": {
							"post": [0, 1, 1],
							"lerp_mode": "catmullrom"
						},
						"1.25": {
							"post": [0, -1, -8],
							"lerp_mode": "catmullrom"
						},
						"1.4167": {
							"post": [0, -1, -1],
							"lerp_mode": "catmullrom"
						},
						"1.6667": {
							"post": [0, 2, 2],
							"lerp_mode": "catmullrom"
						},
						"1.9167": {
							"post": [0, 2, -2],
							"lerp_mode": "catmullrom"
						},
						"2.0833": {
							"post": [0, 2, 0],
							"lerp_mode": "catmullrom"
						},
						"2.25": {
							"post": [0, 2, -3],
							"lerp_mode": "catmullrom"
						},
						"2.4167": {
							"post": [0, 2, -5],
							"lerp_mode": "catmullrom"
						},
						"2.5833": {
							"post": [0, 2, -3],
							"lerp_mode": "catmullrom"
						},
						"2.75": {
							"post": [0, 2, -8],
							"lerp_mode": "catmullrom"
						}
					}
				},
				"barrel": {
					"position": {
						"0.0": [0, 0, 1.5],
						"0.0833": [0, 0, 1.5],
						"0.4167": [0, 0, 0.64],
						"0.5833": [0, 0, -0.2],
						"0.75": [0, 0, 0]
					},
					"scale": {
						"0.0": [1, 1, 0.95],
						"0.0833": [1, 1, 0.95],
						"0.5833": [1, 1, 1]
					}
				}
			}
		}
	}
}