{
	"format_version": "1.8.0",
	"animations": {
		"shoot": {
			"loop": true,
			"animation_length": 0.75,
			"bones": {
				"right_arm": {
					"rotation": [90, 0, -180],
					"position": [5.65, -2.45, 7.5]
				},
				"left_arm": {
					"rotation": [99.59527, -40.64575, -137.89263],
					"position": [-2.95, -7.5, -5.1]
				},
				"gun_body": {
					"rotation": {
						"0.0": [-5.99433, -0.26124, -2.48632],
						"0.0833": [-5.94904, -0.78175, -7.45938],
						"0.2083": [-1.71346, 0.26435, 1.51198],
						"0.3333": [0, 0, 0],
						"0.4167": [-0.18223, 0.03888, 0.98243],
						"0.5": [0, 0, 0]
					},
					"position": {
						"0.0": [0, 0, 1.5],
						"0.0833": [0, -0.25, 0.25],
						"0.25": [0, 0, 0],
						"0.3333": [0, 0, -0.3],
						"0.4167": [0, 0, 0],
						"0.5": [0, 0, 0]
					}
				},
				"bolt": {
					"position": {
						"0.0": [0, 0, 2.6],
						"0.0833": [0, 0, 2.6],
						"0.1667": [0, 0, 0],
						"0.2917": [0, 0, -0.2],
						"0.375": [0, 0, 0.1],
						"0.4583": [0, 0, 0]
					}
				},
				"magazine": {
					"rotation": [0, 0, 0],
					"position": [0, 0, 0],
					"scale": 1
				},
				"magazine_2": {
					"rotation": [0, 0, 0],
					"position": [0, 0, 0],
					"scale": 0
				}
			},
			"particle_effects": {
				"0.0": {
					"effect": "eject_casing"
				}
			}
		},
		"aim_shoot": {
			"loop": true,
			"animation_length": 0.5,
			"bones": {
				"right_arm": {
					"rotation": [90, 0, -180],
					"position": [5.65, -2.45, 7.5]
				},
				"left_arm": {
					"rotation": [99.59527, -40.64575, -137.89263],
					"position": [-2.95, -7.5, -5.1]
				},
				"gun_body": {
					"rotation": {
						"0.0": [-5.99433, -0.26124, -2.48632],
						"0.0833": [-5.94904, -0.78175, -7.45938],
						"0.2083": [-1.71346, 0.26435, 1.51198],
						"0.3333": [0, 0, 0],
						"0.4167": [-0.18223, 0.03888, 0.98243],
						"0.5": [0, 0, 0]
					},
					"position": {
						"0.0": [0, 0, 2.5],
						"0.0833": [0, -0.25, 0.25],
						"0.25": [0, 0, -0.1],
						"0.3333": [0, 0, -0.3],
						"0.4167": [0, 0, 0],
						"0.5": [0, 0, 0]
					}
				},
				"bolt": {
					"position": {
						"0.0": [0, 0, 2.6],
						"0.0833": [0, 0, 2.6],
						"0.1667": [0, 0, 0],
						"0.2917": [0, 0, -0.2],
						"0.375": [0, 0, 0.1],
						"0.4583": [0, 0, 0]
					}
				},
				"magazine": {
					"rotation": [0, 0, 0],
					"position": [0, 0, 0],
					"scale": 1
				},
				"magazine_2": {
					"rotation": [0, 0, 0],
					"position": [0, 0, 0],
					"scale": 0
				}
			},
			"particle_effects": {
				"0.0": {
					"effect": "eject_casing"
				}
			}
		},
		"reload": {
			"animation_length": 2.375,
			"bones": {
				"right_arm": {
					"rotation": [90, 0, -180],
					"position": [5.65, -2.45, 7.5]
				},
				"left_arm": {
					"rotation": {
						"0.0": [99.59527, -40.64575, -137.89263],
						"0.25": [99.59527, -40.64575, -137.89263],
						"0.6667": [100.40866, -45.56997, -139.08176],
						"0.75": [100.40866, -45.56997, -139.08176],
						"0.8333": [78.58517, 3.41628, -187.74488],
						"1.0833": [99.59527, -40.64575, -137.89263],
						"1.3333": [100.40866, -45.56997, -139.08176],
						"1.5": [100.40866, -45.56997, -139.08176],
						"1.6667": [100.40866, -45.56997, -139.08176],
						"1.9583": [99.59527, -40.64575, -137.89263]
					},
					"position": {
						"0.0": [-2.95, -7.5, -5.1],
						"0.25": [-2.95, -7.5, -5.1],
						"0.3333": [-1.95, -9.5, -4.1],
						"0.4583": [-2.95, -9.5, -1.1],
						"0.5417": [-2.95, -9.5, -1.1],
						"0.6667": [-2.95, -9.75, -1.1],
						"0.75": [-2.95, -13.75, -1.1],
						"0.8333": [-2.95, -13.75, -1.1],
						"1.0833": [1.05, -13.75, 7.9],
						"1.3333": [-2.95, -11.25, -1.1],
						"1.5": [-2.95, -11.25, -1.1],
						"1.5417": [-2.95, -9.5, -1.1],
						"1.6667": [-2.95, -9.5, -1.1],
						"1.7917": [-1.95, -9.3, -3.5],
						"1.9583": [-2.95, -7.5, -5.1]
					}
				},
				"gun_body": {
					"rotation": {
						"0.0": {
							"post": [0, 0, 0],
							"lerp_mode": "catmullrom"
						},
						"0.1667": {
							"post": [0, 0, -10],
							"lerp_mode": "catmullrom"
						},
						"0.3333": {
							"post": [-12.43252, -1.19096, -17.39894],
							"lerp_mode": "catmullrom"
						},
						"0.4583": {
							"post": [-29.88733, -1.29876, -19.91615],
							"lerp_mode": "catmullrom"
						},
						"0.5833": {
							"post": [-29.90321, -0.80033, -19.04907],
							"lerp_mode": "catmullrom"
						},
						"0.6667": {
							"post": [-29.92114, -0.91749, -22.04646],
							"lerp_mode": "catmullrom"
						},
						"0.75": {
							"post": [-29.54641, -6.87649, -28.44614],
							"lerp_mode": "catmullrom"
						},
						"0.8333": {
							"post": [-29.84298, -4.27446, -25.88885],
							"lerp_mode": "catmullrom"
						},
						"0.9167": {
							"post": [-29.90657, -3.81579, -26.01863],
							"lerp_mode": "catmullrom"
						},
						"1.0833": {
							"post": [-30.25167, -3.13392, -26.16552],
							"lerp_mode": "catmullrom"
						},
						"1.3333": {
							"post": [-30.33105, -2.57007, -21.07193],
							"lerp_mode": "catmullrom"
						},
						"1.4583": {
							"post": [-30.43355, -0.90243, -16.2512],
							"lerp_mode": "catmullrom"
						},
						"1.5417": {
							"post": [-31.30525, -4.28475, -20.04812],
							"lerp_mode": "catmullrom"
						},
						"1.625": {
							"post": [-31.23732, -4.80385, -20.90553],
							"lerp_mode": "catmullrom"
						},
						"1.7917": {
							"post": [-32.46994, -4.68831, -19.92041],
							"lerp_mode": "catmullrom"
						},
						"1.9583": {
							"post": [-28.73789, -2.29337, -15.52282],
							"lerp_mode": "catmullrom"
						},
						"2.0833": {
							"post": [-6.87263, -1.33246, -10.91999],
							"lerp_mode": "catmullrom"
						},
						"2.2083": {
							"post": [0, 0, 2],
							"lerp_mode": "catmullrom"
						},
						"2.2917": {
							"post": [0, 0, -1],
							"lerp_mode": "catmullrom"
						},
						"2.375": {
							"post": [0, 0, 0],
							"lerp_mode": "catmullrom"
						}
					},
					"position": {
						"0.0": {
							"post": [0, 0, 0],
							"lerp_mode": "catmullrom"
						},
						"0.0833": {
							"post": [0, -0.4, 0],
							"lerp_mode": "catmullrom"
						},
						"0.1667": {
							"post": [0, -0.45, 0.25],
							"lerp_mode": "catmullrom"
						},
						"0.3333": {
							"post": [-0.1, 0.2, 0.8],
							"lerp_mode": "catmullrom"
						},
						"0.4583": {
							"post": [-0.1, 0, 0.6],
							"lerp_mode": "catmullrom"
						},
						"0.5833": {
							"post": [-0.2, -0.1, 0.6],
							"lerp_mode": "catmullrom"
						},
						"0.6667": {
							"post": [0, -0.1, 0.6],
							"lerp_mode": "catmullrom"
						},
						"0.75": {
							"post": [0, -0.4, 0.6],
							"lerp_mode": "catmullrom"
						},
						"0.9583": {
							"post": [-0.01, -0.44, 0.6],
							"lerp_mode": "catmullrom"
						},
						"1.0833": {
							"post": [-0.025, -0.4, 0.6],
							"lerp_mode": "catmullrom"
						},
						"1.3333": {
							"post": [-0.12, -0.2, 0.6],
							"lerp_mode": "catmullrom"
						},
						"1.4583": {
							"post": [-0.12, -0.1, 0.6],
							"lerp_mode": "catmullrom"
						},
						"1.5417": {
							"post": [-0.22, 0, 0.6],
							"lerp_mode": "catmullrom"
						},
						"1.625": {
							"post": [-0.12, 0, 0.6],
							"lerp_mode": "catmullrom"
						},
						"1.9583": {
							"post": [0.08, -0.6, 0.6],
							"lerp_mode": "catmullrom"
						},
						"2.0833": {
							"post": [0, -1.7, 1],
							"lerp_mode": "catmullrom"
						},
						"2.2083": {
							"post": [0, -0.4, -0.2],
							"lerp_mode": "catmullrom"
						},
						"2.2917": {
							"post": [0, 0, 0],
							"lerp_mode": "catmullrom"
						},
						"2.375": {
							"post": [0, 0, 0],
							"lerp_mode": "catmullrom"
						}
					}
				},
				"bolt": {
					"position": {
						"0.0": [0, 0, 0],
						"0.6667": [0, 0, 0],
						"0.75": [0, 0, 3],
						"1.5417": [0, 0, 3],
						"1.625": [0, 0, 0.5],
						"1.6667": [0, 0, 0.5],
						"1.75": [0, 0, 0]
					}
				},
				"magazine_2": {
					"rotation": {
						"0.0": {
							"post": [0, 0, 0],
							"lerp_mode": "catmullrom"
						}
					},
					"position": {
						"0.0": {
							"post": [0, 0, 0],
							"lerp_mode": "catmullrom"
						}
					},
					"scale": {
						"0.0": {
							"post": [0, 0, 0],
							"lerp_mode": "catmullrom"
						}
					}
				},
				"magazine": {
					"position": {
						"0.0": [0, 0, 0],
						"0.6667": [0, 0, 0],
						"0.75": [0, -4, 0],
						"0.8333": [0, -16, 0],
						"1.0833": [4, -4.25, 8],
						"1.3333": [0, -1.5, 0],
						"1.5": [0, -1.5, 0],
						"1.5417": [0, 0, 0]
					}
				}
			},
			"sound_effects": {
				"0.6667": {
					"effect": "reload_mag_out"
				},
				"1.2917": {
					"effect": "slap"
				},
				"1.5": {
					"effect": "reload_mag_in"
				},
				"1.5417": {
					"effect": "bolt"
				}
			},
			"particle_effects": {
				"2.0833": {
					"effect": "loaded"
				}
			}
		},
		"draw": {
			"animation_length": 0.7083,
			"bones": {
				"right_arm": {
					"rotation": [90, 0, -180],
					"position": [5.65, -2.45, 7.5]
				},
				"left_arm": {
					"rotation": [99.59527, -40.64575, -137.89263],
					"position": [-2.95, -7.5, -5.1]
				},
				"gun_body": {
					"rotation": {
						"0.0": [15.42507, -5.78427, 15.45125],
						"0.125": [10.58347, -5.62691, 18.62869],
						"0.4583": [0, 0, 0],
						"0.5417": [0, 0, -1],
						"0.625": [0, 0, 0]
					},
					"position": {
						"0.0": [0.75, -7, 0],
						"0.125": [0.05, -4.34, 0],
						"0.2917": [-0.48, -1.17, -0.75],
						"0.4583": [0, 0.05, -0.3],
						"0.5417": [0, 0, 0],
						"0.625": [0, 0, 0]
					}
				},
				"bolt": {
					"position": [0, 0, 0]
				}
			}
		},
		"idle": {
			"loop": true,
			"bones": {
				"right_arm": {
					"rotation": [90, 0, -180],
					"position": [5.65, -2.45, 7.5]
				},
				"left_arm": {
					"rotation": [99.59527, -40.64575, -137.89263],
					"position": [-2.95, -7.5, -5.1]
				},
				"gun_body": {
					"rotation": [0, 0, 0],
					"position": [0, 0, 0]
				},
				"bolt": {
					"position": [0, 0, 0]
				},
				"seal": {
					"rotation": [0, 0, 0]
				}
			}
		},
		"inspect": {
			"animation_length": 3.6667,
			"bones": {
				"main": {
					"rotation": [0, 0, 0]
				},
				"gun_body": {
					"rotation": {
						"0.0": [0, 0, 0],
						"0.125": [0, -2.5, -5],
						"0.2083": [-2.57853, -4.95404, -14.80965],
						"0.2917": {
							"pre": [-4.508, -7.02695, -15.65254],
							"post": [-4.508, -7.02695, -15.65254],
							"lerp_mode": "catmullrom"
						},
						"0.375": {
							"post": [-4.62773, -7.0966, -14.70862],
							"lerp_mode": "catmullrom"
						},
						"0.5": {
							"post": [-4.508, -7.02695, -15.65254],
							"lerp_mode": "catmullrom"
						},
						"0.7917": {
							"post": [-4.52, -7.02, -16.21],
							"lerp_mode": "catmullrom"
						},
						"1.0417": {
							"post": [-4.64204, -6.94013, -15.20575],
							"lerp_mode": "catmullrom"
						},
						"1.25": {
							"post": [-6.51282, -5.22584, 2.31015],
							"lerp_mode": "catmullrom"
						},
						"1.375": {
							"post": [-8.3243, -0.56277, 37.05356],
							"lerp_mode": "catmullrom"
						},
						"1.4583": {
							"post": [-8.53622, 3.77089, 65.74516],
							"lerp_mode": "catmullrom"
						},
						"1.5417": {
							"post": [-7.54113, 3.72387, 66.74372],
							"lerp_mode": "catmullrom"
						},
						"1.6667": {
							"post": [-7.47547, 3.85454, 67.73732],
							"lerp_mode": "catmullrom"
						},
						"1.75": {
							"post": [-7.46974, 3.90147, 66.73882],
							"lerp_mode": "catmullrom"
						},
						"1.8333": {
							"post": [-7.45276, 3.93394, 66.98729],
							"lerp_mode": "catmullrom"
						},
						"2.0417": {
							"post": [-7.48657, 3.86894, 66.49038],
							"lerp_mode": "catmullrom"
						},
						"2.2083": {
							"post": [-7.48297, 3.90421, 65.74146],
							"lerp_mode": "catmullrom"
						},
						"2.375": {
							"post": [-7.11661, 4.53992, 70.71442],
							"lerp_mode": "catmullrom"
						},
						"2.5": {
							"post": [-7.1256, 4.49349, 71.71259],
							"lerp_mode": "catmullrom"
						},
						"2.625": {
							"post": [-6.93347, 4.40008, 70.96618],
							"lerp_mode": "catmullrom"
						},
						"2.8333": {
							"post": [-6.6813, 4.4117, 70.71663],
							"lerp_mode": "catmullrom"
						},
						"3.0": {
							"post": [-6.63882, 4.78727, 62.72895],
							"lerp_mode": "catmullrom"
						},
						"3.2083": {
							"post": [0.52466, 0.68222, 7.99329],
							"lerp_mode": "catmullrom"
						},
						"3.3333": [-0.03609, 0.05689, -1.99888],
						"3.4583": [0, 0, 0],
						"3.5833": [0, 0, 0],
						"3.6667": [0, 0, 0]
					},
					"position": {
						"0.0": [0, 0, 0],
						"0.125": [-0.25, -0.25, 0.75],
						"0.2083": [-0.55, -0.25, 0.75],
						"0.2917": {
							"pre": [-0.65, -0.45, 0.75],
							"post": [-0.65, -0.45, 0.75],
							"lerp_mode": "catmullrom"
						},
						"0.5": {
							"post": [-0.55, -0.35, 0.75],
							"lerp_mode": "catmullrom"
						},
						"0.7917": {
							"post": [-0.49, -0.39, 0.75],
							"lerp_mode": "catmullrom"
						},
						"1.0417": {
							"post": [-0.49, -0.49, 0.75],
							"lerp_mode": "catmullrom"
						},
						"1.25": {
							"post": [-0.09, -0.79, 0.75],
							"lerp_mode": "catmullrom"
						},
						"1.375": {
							"post": [1.11, -0.79, 0.75],
							"lerp_mode": "catmullrom"
						},
						"1.4583": {
							"post": [1.51, -0.14, 0.75],
							"lerp_mode": "catmullrom"
						},
						"1.5417": {
							"post": [1.71, -0.04, 0.75],
							"lerp_mode": "catmullrom"
						},
						"1.6667": {
							"post": [1.61, -0.14, 0.75],
							"lerp_mode": "catmullrom"
						},
						"1.8333": {
							"post": [1.575, -0.16, 0.75],
							"lerp_mode": "catmullrom"
						},
						"2.375": {
							"post": [1.71, -0.16, 0.75],
							"lerp_mode": "catmullrom"
						},
						"2.5": {
							"post": [1.735, -0.135, 0.75],
							"lerp_mode": "catmullrom"
						},
						"2.8333": {
							"post": [1.565, -0.205, 0.75],
							"lerp_mode": "catmullrom"
						},
						"3.0": {
							"post": [1.27, -0.4, 0.75],
							"lerp_mode": "catmullrom"
						},
						"3.0833": {
							"post": [0.57, -1.35, 0.75],
							"lerp_mode": "catmullrom"
						},
						"3.2083": {
							"post": [-0.03, -0.9, 0.75],
							"lerp_mode": "catmullrom"
						},
						"3.3333": [0, 0, 0],
						"3.4583": [0, 0, 0],
						"3.5833": [0, 0, 0],
						"3.6667": [0, 0, 0]
					}
				},
				"bolt": {
					"position": {
						"0.0": [0, 0, 0],
						"3.6667": [0, 0, 0]
					}
				},
				"magazine_2": {
					"scale": 0
				},
				"left_arm": {
					"rotation": {
						"0.0": [99.59527, -40.64575, -137.89263],
						"3.6667": [99.59527, -40.64575, -137.89263]
					},
					"position": {
						"0.0": [-2.95, -7.5, -5.1],
						"3.6667": [-2.95, -7.5, -5.1]
					}
				},
				"right_arm": {
					"rotation": {
						"0.0": [90, 0, -180],
						"3.6667": [90, 0, -180]
					},
					"position": {
						"0.0": [5.65, -2.45, 7.5],
						"3.6667": [5.65, -2.45, 7.5]
					}
				}
			}
		}
	}
}