{
	"format_version": "1.8.0",
	"animations": {
		"shoot": {
			"loop": true,
			"animation_length": 1.2083,
			"bones": {
				"right_arm": {
					"rotation": {
						"0.0": {
							"post": [96.5, 0, -180],
							"lerp_mode": "catmullrom"
						}
					},
					"position": {
						"0.0": {
							"post": [5.81257, -2.6787, 7.38646],
							"lerp_mode": "catmullrom"
						}
					},
					"scale": {
						"0.0": {
							"post": [1, 1.05, 1],
							"lerp_mode": "catmullrom"
						},
						"1.0": {
							"post": [1, 1.05, 1],
							"lerp_mode": "catmullrom"
						}
					}
				},
				"left_arm": {
					"rotation": [73.95054, -26.20116, -129.71317],
					"position": {
						"0.0": [-2.57463, -5.40305, -4.5727],
						"0.5833": [-2.57463, -5.40305, -4.5727],
						"0.6667": [-2.57, -5.4, -1.57],
						"0.8333": [-2.57, -5.4, -1.57],
						"0.9167": [-2.57463, -5.40305, -4.5727]
					},
					"scale": [1, 1.05, 1]
				},
				"gun_body": {
					"rotation": {
						"0.0": {
							"post": [-19.99067, -0.43399, -2.46207],
							"lerp_mode": "catmullrom"
						},
						"0.0833": {
							"post": [-7.38314, -0.59542, -9.96053],
							"lerp_mode": "catmullrom"
						},
						"0.1667": {
							"post": [-7.28566, -0.65335, 5.16998],
							"lerp_mode": "catmullrom"
						},
						"0.25": {
							"post": [-7.25552, 1.25961, 1.91805],
							"lerp_mode": "catmullrom"
						},
						"0.3333": {
							"post": [-7.35721, 0.30445, -5.52166],
							"lerp_mode": "catmullrom"
						},
						"0.5417": {
							"post": [0, 0, 7.5],
							"lerp_mode": "catmullrom"
						},
						"0.6667": {
							"post": [-5, 0, 20],
							"lerp_mode": "catmullrom"
						},
						"0.7917": {
							"post": [-4.92442, -0.86717, 10.03729],
							"lerp_mode": "catmullrom"
						},
						"0.9167": [0, 0, -5],
						"1.0417": [0, 0, 2],
						"1.125": [-0.03124, 0.02478, -0.99921],
						"1.2083": [0, 0, 0]
					},
					"position": {
						"0.0": {
							"post": [0, 1, 0],
							"lerp_mode": "catmullrom"
						},
						"0.0833": {
							"post": [-0.25, 0.75, 1],
							"lerp_mode": "catmullrom"
						},
						"0.1667": {
							"post": [-0.25, 0.5, 2],
							"lerp_mode": "catmullrom"
						},
						"0.25": {
							"post": [-0.25, 0.5, 1.8],
							"lerp_mode": "catmullrom"
						},
						"0.3333": {
							"post": [-0.25, 0.75, 1.05],
							"lerp_mode": "catmullrom"
						},
						"0.5417": {
							"post": [0, 1, -0.25],
							"lerp_mode": "catmullrom"
						},
						"0.6667": {
							"post": [0, 0.75, 0.25],
							"lerp_mode": "catmullrom"
						},
						"0.7917": {
							"post": [-0.25, 1, -0.5],
							"lerp_mode": "catmullrom"
						},
						"0.9167": [0.1, 0, -0.25],
						"1.0417": [0, 0, -0.2],
						"1.125": [0, 0, 0],
						"1.2083": [0, 0, 0]
					}
				},
				"bolt": {
					"position": {
						"0.0": {
							"post": [0, 0, 0],
							"lerp_mode": "catmullrom"
						},
						"0.5833": {
							"post": [0, 0, 0],
							"lerp_mode": "catmullrom"
						},
						"0.6667": {
							"post": [0, 0, 3],
							"lerp_mode": "catmullrom"
						},
						"0.8333": {
							"post": [0, 0, 3],
							"lerp_mode": "catmullrom"
						},
						"0.9167": {
							"post": [0, 0, 0],
							"lerp_mode": "catmullrom"
						}
					}
				}
			},
			"sound_effects": {
				"0.5833": {
					"effect": "rack"
				}
			}
		},
		"aim_shoot": {
			"loop": true,
			"animation_length": 1.2083,
			"bones": {
				"right_arm": {
					"rotation": {
						"0.0": {
							"post": [96.5, 0, -180],
							"lerp_mode": "catmullrom"
						}
					},
					"position": {
						"0.0": {
							"post": [5.81257, -2.6787, 7.38646],
							"lerp_mode": "catmullrom"
						}
					},
					"scale": {
						"0.0": {
							"post": [1, 1.05, 1],
							"lerp_mode": "catmullrom"
						},
						"1.0": {
							"post": [1, 1.05, 1],
							"lerp_mode": "catmullrom"
						}
					}
				},
				"left_arm": {
					"rotation": [73.95054, -26.20116, -129.71317],
					"position": {
						"0.0": [-2.57463, -5.40305, -4.5727],
						"0.5833": [-2.57463, -5.40305, -4.5727],
						"0.6667": [-2.57, -5.4, -1.57],
						"0.8333": [-2.57, -5.4, -1.57],
						"0.9167": [-2.57463, -5.40305, -4.5727]
					},
					"scale": [1, 1.05, 1]
				},
				"gun_body": {
					"rotation": {
						"0.0": {
							"post": [-19.99067, -0.43399, -2.46207],
							"lerp_mode": "catmullrom"
						},
						"0.0833": {
							"post": [-7.38314, -0.59542, -9.96053],
							"lerp_mode": "catmullrom"
						},
						"0.1667": {
							"post": [-7.28566, -0.65335, 5.16998],
							"lerp_mode": "catmullrom"
						},
						"0.25": {
							"post": [-7.25552, 1.25961, 1.91805],
							"lerp_mode": "catmullrom"
						},
						"0.3333": {
							"post": [-7.35721, 0.30445, -5.52166],
							"lerp_mode": "catmullrom"
						},
						"0.5417": {
							"post": [0, 0, 7.5],
							"lerp_mode": "catmullrom"
						},
						"0.6667": {
							"post": [-5, 0, 20],
							"lerp_mode": "catmullrom"
						},
						"0.7917": {
							"post": [-4.92442, -0.86717, 10.03729],
							"lerp_mode": "catmullrom"
						},
						"0.9167": [0, 0, -5],
						"1.0417": [0, 0, 2],
						"1.125": [-0.03124, 0.02478, -0.99921],
						"1.2083": [0, 0, 0]
					},
					"position": {
						"0.0": {
							"post": [0, 1, 0],
							"lerp_mode": "catmullrom"
						},
						"0.0833": {
							"post": [-0.25, 0.75, 1],
							"lerp_mode": "catmullrom"
						},
						"0.1667": {
							"post": [-0.25, 0.5, 2],
							"lerp_mode": "catmullrom"
						},
						"0.25": {
							"post": [-0.25, 0.5, 1.8],
							"lerp_mode": "catmullrom"
						},
						"0.3333": {
							"post": [-0.25, 0.75, 1.05],
							"lerp_mode": "catmullrom"
						},
						"0.5417": {
							"post": [0, 1, -0.25],
							"lerp_mode": "catmullrom"
						},
						"0.6667": {
							"post": [0, 0.75, 0.25],
							"lerp_mode": "catmullrom"
						},
						"0.7917": {
							"post": [-0.25, 1, -0.5],
							"lerp_mode": "catmullrom"
						},
						"0.9167": [0.1, 0, -0.25],
						"1.0417": [0, 0, -0.2],
						"1.125": [0, 0, 0],
						"1.2083": [0, 0, 0]
					}
				},
				"bolt": {
					"position": {
						"0.0": {
							"post": [0, 0, 0],
							"lerp_mode": "catmullrom"
						},
						"0.5833": {
							"post": [0, 0, 0],
							"lerp_mode": "catmullrom"
						},
						"0.6667": {
							"post": [0, 0, 3],
							"lerp_mode": "catmullrom"
						},
						"0.8333": {
							"post": [0, 0, 3],
							"lerp_mode": "catmullrom"
						},
						"0.9167": {
							"post": [0, 0, 0],
							"lerp_mode": "catmullrom"
						}
					}
				},
				"magazine": {
					"scale": 1
				}
			},
			"sound_effects": {
				"0.5833": {
					"effect": "rack"
				}
			}
		},
		"inspect": {
			"animation_length": 6.9583,
			"bones": {
				"right_arm": {
					"rotation": {
						"0.0": {
							"post": [96.5, 0, -180],
							"lerp_mode": "catmullrom"
						},
						"6.9583": {
							"post": [84, 0, -180],
							"lerp_mode": "catmullrom"
						}
					},
					"position": {
						"0.0": {
							"post": [5.81257, -2.6787, 7.38646],
							"lerp_mode": "catmullrom"
						},
						"6.9583": [5.81257, -0.6787, 7.38646]
					},
					"scale": {
						"0.0": {
							"post": [1, 1.05, 1],
							"lerp_mode": "catmullrom"
						},
						"6.9583": {
							"post": [1, 1.05, 1],
							"lerp_mode": "catmullrom"
						}
					}
				},
				"left_arm": {
					"rotation": [73.95054, -26.20116, -129.71317],
					"position": [-2.57463, -5.40305, -4.5727],
					"scale": [1, 1.05, 1]
				},
				"gun_body": {
					"rotation": {
						"0.0": {
							"post": [0, 0, 0],
							"lerp_mode": "catmullrom"
						},
						"0.0833": {
							"post": [3.00183, -1.99726, 1.89529],
							"lerp_mode": "catmullrom"
						},
						"0.1667": {
							"post": [2.55122, -6.23706, 6.70495],
							"lerp_mode": "catmullrom"
						},
						"0.2917": {
							"post": [0.27073, -13.27068, -9.94541],
							"lerp_mode": "catmullrom"
						},
						"0.375": {
							"post": [-4.18707, -15.73941, -12.32629],
							"lerp_mode": "catmullrom"
						},
						"0.4583": {
							"post": [-8.8047, -17.55113, -17.30117],
							"lerp_mode": "catmullrom"
						},
						"0.5833": {
							"post": [-5.02462, -21.50286, -16.64362],
							"lerp_mode": "catmullrom"
						},
						"0.75": {
							"post": [-4.6463, -21.55744, -16.70991],
							"lerp_mode": "catmullrom"
						},
						"0.9167": {
							"post": [-4.63119, -21.58702, -17.71493],
							"lerp_mode": "catmullrom"
						},
						"1.0833": {
							"post": [-5.02462, -21.50286, -16.64362],
							"lerp_mode": "catmullrom"
						},
						"1.25": {
							"post": [1.40321, -22.01253, -33.87122],
							"lerp_mode": "catmullrom"
						},
						"1.375": {
							"post": [1.21018, -21.94946, -36.02695],
							"lerp_mode": "catmullrom"
						},
						"1.5": {
							"post": [0.48094, -21.95125, -33.13194],
							"lerp_mode": "catmullrom"
						},
						"1.625": {
							"post": [-0.21649, -21.70528, -31.24616],
							"lerp_mode": "catmullrom"
						},
						"1.75": {
							"post": [-0.23863, -21.67981, -30.23851],
							"lerp_mode": "catmullrom"
						},
						"2.125": {
							"post": [-0.4155, -21.70253, -30.70801],
							"lerp_mode": "catmullrom"
						},
						"2.375": {
							"post": [-2.42601, -21.82842, -25.31892],
							"lerp_mode": "catmullrom"
						},
						"2.5": {
							"post": [-2.68037, -16.70817, -15.89341],
							"lerp_mode": "catmullrom"
						},
						"2.6667": {
							"post": [-10.00044, -9.35134, -3.3075],
							"lerp_mode": "catmullrom"
						},
						"2.8333": {
							"post": [-14.88725, 18.41093, 8.37639],
							"lerp_mode": "catmullrom"
						},
						"3.0": {
							"post": [-7.34859, 26.7572, 42.40904],
							"lerp_mode": "catmullrom"
						},
						"3.1667": {
							"post": [-5.7878, 27.95393, 62.06671],
							"lerp_mode": "catmullrom"
						},
						"3.2917": {
							"post": [-6.65659, 28.28342, 66.58686],
							"lerp_mode": "catmullrom"
						},
						"3.4167": {
							"post": [-7.79217, 29.024, 64.18258],
							"lerp_mode": "catmullrom"
						},
						"3.5833": {
							"post": [-6.68546, 29.27605, 66.4544],
							"lerp_mode": "catmullrom"
						},
						"4.0833": {
							"post": [-6.10269, 29.39999, 68.35585],
							"lerp_mode": "catmullrom"
						},
						"4.2917": {
							"post": [-5.82218, 29.45193, 68.9268],
							"lerp_mode": "catmullrom"
						},
						"4.5": {
							"post": [8.70864, 26.34218, 53.65008],
							"lerp_mode": "catmullrom"
						},
						"4.625": {
							"post": [14.09586, 23.22629, 18.61251],
							"lerp_mode": "catmullrom"
						},
						"4.7917": {
							"post": [13.82793, 7.03246, 21.51596],
							"lerp_mode": "catmullrom"
						},
						"4.9583": {
							"post": [2.99954, 0.05233, -0.99863],
							"lerp_mode": "catmullrom"
						},
						"5.0833": {
							"post": [0.00608, -0.03218, -2.99947],
							"lerp_mode": "catmullrom"
						},
						"5.2083": {
							"post": [-0.00355, 0.0243, 0.2496],
							"lerp_mode": "catmullrom"
						},
						"5.3333": {
							"post": [0, 0, 0],
							"lerp_mode": "catmullrom"
						}
					},
					"position": {
						"0.0": {
							"post": [0, 0, 0],
							"lerp_mode": "catmullrom"
						},
						"0.0833": {
							"post": [-0.3, -0.4, 0],
							"lerp_mode": "catmullrom"
						},
						"0.1667": {
							"post": [-0.6, -0.8, 0.3],
							"lerp_mode": "catmullrom"
						},
						"0.2917": {
							"post": [-0.9, 0.5, 0.3],
							"lerp_mode": "catmullrom"
						},
						"0.375": {
							"post": [-0.6, 0.9, 0.3],
							"lerp_mode": "catmullrom"
						},
						"0.4583": {
							"post": [-0.1, 0.3, 0],
							"lerp_mode": "catmullrom"
						},
						"0.5833": {
							"post": [0.1, -0.15, 0],
							"lerp_mode": "catmullrom"
						},
						"0.75": {
							"post": [0.1, 0.2, 0],
							"lerp_mode": "catmullrom"
						},
						"0.9167": {
							"post": [0.2, 0.075, 0],
							"lerp_mode": "catmullrom"
						},
						"1.0833": {
							"post": [0.05, -0.07, 0],
							"lerp_mode": "catmullrom"
						},
						"1.25": {
							"post": [-0.15, 0.03, 0.1],
							"lerp_mode": "catmullrom"
						},
						"1.375": {
							"post": [-0.25, 0.03, 0.3],
							"lerp_mode": "catmullrom"
						},
						"1.5": {
							"post": [-0.15, -0.02, 0.3],
							"lerp_mode": "catmullrom"
						},
						"1.625": {
							"post": [-0.05, -0.07, 0.3],
							"lerp_mode": "catmullrom"
						},
						"1.75": {
							"post": [-0.1, -0.07, 0.35],
							"lerp_mode": "catmullrom"
						},
						"2.125": {
							"post": [-0.1, -0.07, 0.45],
							"lerp_mode": "catmullrom"
						},
						"2.375": {
							"post": [-0.175, -0.07, 0.325],
							"lerp_mode": "catmullrom"
						},
						"2.5": {
							"post": [0.22, -1.28, 0.72],
							"lerp_mode": "catmullrom"
						},
						"2.6667": {
							"post": [0.23, -3.57, 0.33],
							"lerp_mode": "catmullrom"
						},
						"2.8333": {
							"post": [1.23, -2.07, 0.33],
							"lerp_mode": "catmullrom"
						},
						"3.0": {
							"post": [1.63, -0.27, 0.33],
							"lerp_mode": "catmullrom"
						},
						"3.1667": {
							"post": [2.33, 0.23, -0.67],
							"lerp_mode": "catmullrom"
						},
						"3.2917": {
							"post": [2.63, -0.07, -0.87],
							"lerp_mode": "catmullrom"
						},
						"3.4167": {
							"post": [2.53, -0.17, -0.87],
							"lerp_mode": "catmullrom"
						},
						"3.5833": {
							"post": [2.43, -0.07, -0.87],
							"lerp_mode": "catmullrom"
						},
						"4.0833": {
							"post": [2.23, -0.27, -0.87],
							"lerp_mode": "catmullrom"
						},
						"4.2917": {
							"post": [2.405, -0.32, -0.87],
							"lerp_mode": "catmullrom"
						},
						"4.5": {
							"post": [2.67, -2.71, -1.73],
							"lerp_mode": "catmullrom"
						},
						"4.625": {
							"post": [1, -3.22, -2.47],
							"lerp_mode": "catmullrom"
						},
						"4.7917": {
							"post": [0.05, -2.64, -1.52],
							"lerp_mode": "catmullrom"
						},
						"4.9583": {
							"post": [-0.1, -0.9, -0.8],
							"lerp_mode": "catmullrom"
						},
						"5.0833": {
							"post": [-0.025, -0.075, -0.05],
							"lerp_mode": "catmullrom"
						},
						"5.2083": {
							"post": [0, 0, 0.125],
							"lerp_mode": "catmullrom"
						},
						"5.3333": {
							"post": [0, 0, 0],
							"lerp_mode": "catmullrom"
						}
					}
				},
				"bolt": {
					"position": {
						"0.0": {
							"post": [0, 0, 0],
							"lerp_mode": "catmullrom"
						}
					}
				},
				"scriptures": {
					"rotation": {
						"0.0": {
							"post": [0, 0, 0],
							"lerp_mode": "catmullrom"
						},
						"0.2083": {
							"post": [6.44145, -1.72183, -8.43023],
							"lerp_mode": "catmullrom"
						},
						"0.2917": {
							"post": [10, 0, -35],
							"lerp_mode": "catmullrom"
						},
						"0.4167": {
							"post": [12.45392, 1.08089, -47.88206],
							"lerp_mode": "catmullrom"
						},
						"0.5833": {
							"post": [7.5, 0, -40.5],
							"lerp_mode": "catmullrom"
						},
						"0.6667": {
							"post": [12.5, 0, -43],
							"lerp_mode": "catmullrom"
						},
						"1.125": {
							"post": [14.5, 0, -43],
							"lerp_mode": "catmullrom"
						},
						"1.1667": {
							"post": [15.5, 0, -43],
							"lerp_mode": "catmullrom"
						},
						"1.5": {
							"post": [15.31819, 2.39597, -51.67775],
							"lerp_mode": "catmullrom"
						},
						"3.125": {
							"post": [15.31819, 2.39597, -51.67775],
							"lerp_mode": "catmullrom"
						},
						"3.75": {
							"post": [10.1861, -5.35774, -1.20753],
							"lerp_mode": "catmullrom"
						},
						"4.0": {
							"post": [8.95108, -5.59628, 0.45898],
							"lerp_mode": "catmullrom"
						},
						"4.5417": {
							"post": [14.1861, -5.35774, -1.20753],
							"lerp_mode": "catmullrom"
						},
						"5.6667": {
							"post": [14.1861, -5.35774, -1.20753],
							"lerp_mode": "catmullrom"
						},
						"6.7083": {
							"post": [0, 0, 0],
							"lerp_mode": "catmullrom"
						},
						"6.9583": {
							"post": [0, 0, 0],
							"lerp_mode": "catmullrom"
						}
					}
				},
				"no_sights": {
					"rotation": {
						"0.0": {
							"post": [0, 0, 0],
							"lerp_mode": "catmullrom"
						},
						"2.0833": {
							"post": [-2.5, 0, 0],
							"lerp_mode": "catmullrom"
						},
						"6.9583": {
							"post": [-2.5, 0, 0],
							"lerp_mode": "catmullrom"
						}
					}
				}
			}
		},
		"draw": {
			"animation_length": 0.75,
			"bones": {
				"right_arm": {
					"rotation": {
						"0.0": {
							"post": [96.5, 0, -180],
							"lerp_mode": "catmullrom"
						}
					},
					"position": {
						"0.0": {
							"post": [5.81257, -2.6787, 7.38646],
							"lerp_mode": "catmullrom"
						}
					},
					"scale": {
						"0.0": {
							"post": [1, 1.05, 1],
							"lerp_mode": "catmullrom"
						},
						"0.625": {
							"post": [1, 1.05, 1],
							"lerp_mode": "catmullrom"
						}
					}
				},
				"left_arm": {
					"rotation": {
						"0.0": {
							"post": [73.95054, -26.20116, -129.71317],
							"lerp_mode": "catmullrom"
						},
						"0.625": [73.95054, -26.20116, -129.71317]
					},
					"position": {
						"0.0": {
							"post": [-2.7, -4.85, -4.85],
							"lerp_mode": "catmullrom"
						},
						"0.625": [-2.57463, -5.40305, -4.5727]
					},
					"scale": {
						"0.0": {
							"post": [1, 1.05, 1],
							"lerp_mode": "catmullrom"
						},
						"0.625": [1, 1.05, 1]
					}
				},
				"gun_body": {
					"rotation": {
						"0.0": {
							"post": [14.33501, -4.46375, 16.93839],
							"lerp_mode": "catmullrom"
						},
						"0.3333": {
							"post": [6.4524, -6.37074, 7.68062],
							"lerp_mode": "catmullrom"
						},
						"0.5": {
							"post": [0, 0, -2],
							"lerp_mode": "catmullrom"
						},
						"0.625": {
							"post": [0, 0, 1],
							"lerp_mode": "catmullrom"
						},
						"0.75": {
							"post": [0, 0, 0],
							"lerp_mode": "catmullrom"
						}
					},
					"position": {
						"0.0": {
							"post": [3, -8, -2],
							"lerp_mode": "catmullrom"
						},
						"0.1667": {
							"post": [1, -6.33, -1.33],
							"lerp_mode": "catmullrom"
						},
						"0.3333": {
							"post": [0.1, -2.16, -0.66],
							"lerp_mode": "catmullrom"
						},
						"0.5": {
							"post": [-0.2, -0.3, 0.1],
							"lerp_mode": "catmullrom"
						},
						"0.625": {
							"post": [-0.025, -0.025, 0.05],
							"lerp_mode": "catmullrom"
						},
						"0.75": {
							"post": [0, 0, 0],
							"lerp_mode": "catmullrom"
						}
					}
				}
			}
		},
		"idle": {
			"loop": true,
			"bones": {
				"right_arm": {
					"rotation": {
						"0.0": {
							"post": [96.5, 0, -180],
							"lerp_mode": "catmullrom"
						}
					},
					"position": {
						"0.0": {
							"post": [5.81257, -2.6787, 7.38646],
							"lerp_mode": "catmullrom"
						}
					},
					"scale": {
						"0.0": {
							"post": [1, 1.05, 1],
							"lerp_mode": "catmullrom"
						}
					}
				},
				"left_arm": {
					"rotation": [73.95054, -26.20116, -129.71317],
					"position": [-2.57463, -5.40305, -4.5727],
					"scale": [1, 1.05, 1]
				},
				"gun_body": {
					"rotation": [0, 0, 0],
					"position": [0, 0, 0]
				}
			}
		},
		"reload_start": {
			"animation_length": 0.4167,
			"bones": {
				"gun_body": {
					"rotation": {
						"0.0": {
							"post": [0, 0, 0],
							"lerp_mode": "catmullrom"
						},
						"0.0833": {
							"post": [-1.10062, -0.67061, -2.28445],
							"lerp_mode": "catmullrom"
						},
						"0.1667": {
							"post": [-3.13613, -1.40177, 7.26453],
							"lerp_mode": "catmullrom"
						},
						"0.2917": {
							"post": [-3.2607, -1.03073, 47.26534],
							"lerp_mode": "catmullrom"
						},
						"0.4167": {
							"post": [-3.28278, -1.08747, 46.2676],
							"lerp_mode": "catmullrom"
						}
					},
					"position": {
						"0.0": {
							"post": [0, 0, 0],
							"lerp_mode": "catmullrom"
						},
						"0.0833": {
							"post": [0.5, -0.75, 0],
							"lerp_mode": "catmullrom"
						},
						"0.1667": {
							"post": [1.5, -0.5, 0],
							"lerp_mode": "catmullrom"
						},
						"0.2917": {
							"post": [2, 0, 0],
							"lerp_mode": "catmullrom"
						},
						"0.4167": {
							"post": [2.1, 0, 0],
							"lerp_mode": "catmullrom"
						}
					}
				},
				"right_arm": {
					"rotation": {
						"0.0": {
							"post": [96.5, 0, -180],
							"lerp_mode": "catmullrom"
						},
						"0.4167": {
							"post": [96.5, 0, -180],
							"lerp_mode": "catmullrom"
						}
					},
					"position": {
						"0.0": {
							"post": [5.81257, -2.6787, 7.38646],
							"lerp_mode": "catmullrom"
						},
						"0.125": {
							"post": [2.81, -4.68, 7.39],
							"lerp_mode": "catmullrom"
						},
						"0.2917": {
							"post": [3.81, -13.68, 18.39],
							"lerp_mode": "catmullrom"
						},
						"0.4167": {
							"post": [3.81, -13.68, 18.39],
							"lerp_mode": "catmullrom"
						}
					},
					"scale": {
						"0.0": {
							"post": [1, 1.05, 1],
							"lerp_mode": "catmullrom"
						}
					}
				},
				"left_arm": {
					"rotation": {
						"0.0": {
							"post": [73.95054, -26.20116, -129.71317],
							"lerp_mode": "catmullrom"
						},
						"0.125": {
							"post": [73.95054, -26.20116, -129.71317],
							"lerp_mode": "catmullrom"
						},
						"0.4167": {
							"post": [73.95, -26.2, -129.71],
							"lerp_mode": "catmullrom"
						}
					},
					"position": {
						"0.0": {
							"post": [-2.57463, -5.40305, -4.5727],
							"lerp_mode": "catmullrom"
						},
						"0.125": {
							"post": [-2.57463, -5.40305, -1.5727],
							"lerp_mode": "catmullrom"
						},
						"0.4167": {
							"post": [-2.57, -5.4, -1.57],
							"lerp_mode": "catmullrom"
						}
					},
					"scale": {
						"0.0": {
							"post": [1, 1.05, 1],
							"lerp_mode": "catmullrom"
						},
						"0.125": {
							"post": [1, 1.05, 1],
							"lerp_mode": "catmullrom"
						}
					}
				},
				"shell": {
					"scale": {
						"0.0": {
							"post": [0, 0, 0],
							"lerp_mode": "catmullrom"
						}
					}
				},
				"bolt": {
					"rotation": [0, 0, 0],
					"position": {
						"0.0": {
							"post": [0, 0, 0],
							"lerp_mode": "catmullrom"
						},
						"0.125": {
							"post": [0, 0, 3],
							"lerp_mode": "catmullrom"
						},
						"0.4167": {
							"post": [0, 0, 3],
							"lerp_mode": "catmullrom"
						}
					}
				}
			},
			"sound_effects": {
				"0.0417": {
					"effect": "rack"
				}
			}
		},
		"reload_loop": {
			"loop": true,
			"animation_length": 0.7083,
			"bones": {
				"gun_body": {
					"rotation": {
						"0.0": {
							"post": [-3.28278, -1.08747, 46.2676],
							"lerp_mode": "catmullrom"
						},
						"0.1667": {
							"post": [-3.31868, -0.9723, 48.26461],
							"lerp_mode": "catmullrom"
						},
						"0.2917": {
							"post": [-3.26333, -1.14457, 45.26904],
							"lerp_mode": "catmullrom"
						},
						"0.375": {
							"post": [-3.22146, -1.2577, 43.27181],
							"lerp_mode": "catmullrom"
						},
						"0.5": {
							"post": [-3.69943, -1.69791, 44.04434],
							"lerp_mode": "catmullrom"
						},
						"0.625": {
							"post": [-3.03477, -0.87764, 45.88324],
							"lerp_mode": "catmullrom"
						},
						"0.7083": {
							"post": [-3.28278, -1.08747, 46.2676],
							"lerp_mode": "catmullrom"
						}
					},
					"position": {
						"0.0": {
							"post": [2.1, 0, 0],
							"lerp_mode": "catmullrom"
						},
						"0.1667": {
							"post": [2.1, -0.1, 0],
							"lerp_mode": "catmullrom"
						},
						"0.2917": {
							"post": [2.2, -0.1, 0],
							"lerp_mode": "catmullrom"
						},
						"0.375": {
							"post": [2.2, -0.35, 0],
							"lerp_mode": "catmullrom"
						},
						"0.5": {
							"post": [2.2, 0, 0],
							"lerp_mode": "catmullrom"
						},
						"0.625": {
							"post": [2.1, 0, 0],
							"lerp_mode": "catmullrom"
						},
						"0.7083": {
							"post": [2.1, 0, 0],
							"lerp_mode": "catmullrom"
						}
					}
				},
				"left_arm": {
					"rotation": {
						"0.0": {
							"post": [73.95, -26.2, -129.71],
							"lerp_mode": "catmullrom"
						}
					},
					"position": {
						"0.0": {
							"post": [-2.57, -5.4, -1.57],
							"lerp_mode": "catmullrom"
						}
					}
				},
				"right_arm": {
					"rotation": {
						"0.0": {
							"post": [96.5, 0, -180],
							"lerp_mode": "catmullrom"
						},
						"0.0833": {
							"post": [161.5, 0, -180],
							"lerp_mode": "catmullrom"
						},
						"0.1667": [161.50263, -0.31729, -180.94833],
						"0.2917": [161.54201, -1.26829, -183.79391],
						"0.3333": [161.53216, 1.10995, -176.68045],
						"0.4167": [161.5945, 1.9007, -174.30797],
						"0.6667": {
							"pre": [96.5, 0, -180],
							"post": [96.5, 0, -180],
							"lerp_mode": "catmullrom"
						}
					},
					"position": {
						"0.0": {
							"post": [3.81, -13.68, 18.39],
							"lerp_mode": "catmullrom"
						},
						"0.0833": {
							"post": [3.81, -11.68, 1.39],
							"lerp_mode": "catmullrom"
						},
						"0.1667": [4.16, -5.58, -1.61],
						"0.2917": [4.56, -5.88, -1.61],
						"0.3333": [3.81, -6.13, -1.61],
						"0.4167": [3.56, -6.13, -1.61],
						"0.6667": {
							"pre": [3.81, -13.68, 18.39],
							"post": [3.81, -13.68, 18.39],
							"lerp_mode": "catmullrom"
						}
					}
				},
				"bolt": {
					"rotation": [0, 0, 0],
					"position": {
						"0.0": {
							"post": [0, 0, 3],
							"lerp_mode": "catmullrom"
						}
					}
				}
			},
			"sound_effects": {
				"0.3333": {
					"effect": "reload_mag_in"
				}
			},
			"particle_effects": {
				"0.5417": {
					"effect": "loaded"
				},
				"0.6667": {
					"effect": "loop_end"
				}
			}
		},
		"reload_stop": {
			"animation_length": 0.7083,
			"bones": {
				"gun_body": {
					"rotation": {
						"0.0": {
							"post": [-3.28278, -1.08747, 46.2676],
							"lerp_mode": "catmullrom"
						},
						"0.0833": {
							"post": [-2.46837, -0.84448, 49.60243],
							"lerp_mode": "catmullrom"
						},
						"0.1667": {
							"post": [-2.28438, -1.26017, 39.60937],
							"lerp_mode": "catmullrom"
						},
						"0.2917": {
							"post": [-0.50286, -2.55986, -10.40453],
							"lerp_mode": "catmullrom"
						},
						"0.4167": {
							"post": [-3.68031, -2.51854, -6.40081],
							"lerp_mode": "catmullrom"
						},
						"0.5417": [-0.00369, 0.062, 1.99903],
						"0.6667": [0, 0, 0]
					},
					"position": {
						"0.0": {
							"post": [2.1, 0, 0],
							"lerp_mode": "catmullrom"
						},
						"0.0833": {
							"post": [1.85, -0.5, 0],
							"lerp_mode": "catmullrom"
						},
						"0.1667": {
							"post": [1.35, -0.75, 0],
							"lerp_mode": "catmullrom"
						},
						"0.2917": {
							"post": [0.35, 0, -0.25],
							"lerp_mode": "catmullrom"
						},
						"0.4167": {
							"post": [0.25, -0.05, -0.75],
							"lerp_mode": "catmullrom"
						},
						"0.5417": [0, 0, 0.1],
						"0.6667": [0, 0, 0]
					}
				},
				"right_arm": {
					"rotation": {
						"0.0": {
							"post": [96.5, 0, -180],
							"lerp_mode": "catmullrom"
						},
						"0.1667": {
							"post": [96.5, 0, -180],
							"lerp_mode": "catmullrom"
						}
					},
					"position": {
						"0.0": {
							"post": [3.81, -13.68, 18.39],
							"lerp_mode": "catmullrom"
						},
						"0.1667": {
							"post": [5.81257, -2.6787, 7.38646],
							"lerp_mode": "catmullrom"
						}
					},
					"scale": {
						"0.1667": {
							"pre": [1, 1.05, 1],
							"post": [1, 1.05, 1],
							"lerp_mode": "catmullrom"
						}
					}
				},
				"left_arm": {
					"rotation": {
						"0.0": {
							"post": [73.95, -26.2, -129.71],
							"lerp_mode": "catmullrom"
						}
					},
					"position": {
						"0.0": {
							"post": [-2.57, -5.4, -1.57],
							"lerp_mode": "catmullrom"
						},
						"0.3333": {
							"post": [-2.57, -5.4, -1.57],
							"lerp_mode": "catmullrom"
						},
						"0.4167": {
							"post": [-2.57, -5.4, -4.57],
							"lerp_mode": "catmullrom"
						}
					}
				},
				"shell": {
					"scale": {
						"0.0": {
							"post": [0, 0, 0],
							"lerp_mode": "catmullrom"
						}
					}
				},
				"bolt": {
					"rotation": [0, 0, 0],
					"position": {
						"0.0": {
							"post": [0, 0, 3],
							"lerp_mode": "catmullrom"
						},
						"0.3333": {
							"post": [0, 0, 3],
							"lerp_mode": "catmullrom"
						},
						"0.4167": {
							"post": [0, 0, 0],
							"lerp_mode": "catmullrom"
						}
					}
				}
			},
			"sound_effects": {
				"0.3333": {
					"effect": "rack"
				}
			}
		}
	}
}