{
	"format_version": "1.8.0",
	"animations": {
		"aim_shoot": {
			"loop": true,
			"animation_length": 0.375,
			"bones": {
				"right_arm": {
					"rotation": [90, 0, -180],
					"position": [5.9, -2.45, 7.75]
				},
				"left_arm": {
					"rotation": [44.51191, 16.76869, -34.90421],
					"position": [-1.5, -7.5, -2.5]
				},
				"gun_body": {
					"rotation": {
						"0.0": [-0.24976, -0.0109, -2.49998],
						"0.0833": [-1.66464, -0.09525, 0.93699],
						"0.2917": [0.33536, -0.09525, 0.93699],
						"0.375": [0, 0, 0]
					},
					"position": {
						"0.0": [0, -0.03106, 0.47216],
						"0.0833": [0, -0.5, 1.5],
						"0.2083": [0, 0, 1.92],
						"0.375": [0, 0, 0]
					}
				},
				"bolt": {
					"position": {
						"0.0": [0, 0, 1.75],
						"0.125": [0, 0, 0]
					}
				},
				"magazine": {
					"scale": 1
				},
				"magazine_2": {
					"scale": 0
				}
			},
			"particle_effects": {
				"0.0": {
					"effect": "eject_casing"
				}
			}
		},
		"reload": {
			"animation_length": 2.625,
			"bones": {
				"right_arm": {
					"rotation": [90, 0, -180],
					"position": [5.9, -2.45, 7.75]
				},
				"left_arm": {
					"rotation": {
						"0.0": [44.51191, 16.76869, -34.90421],
						"0.25": [34.51191, 16.76869, -34.90421],
						"0.4167": [42.37566, -53.88644, -78.79032],
						"2.0833": [42.37566, -53.88644, -78.79032],
						"2.2083": [44.51191, 16.76869, -34.90421],
						"2.3333": [44.51191, 16.76869, -34.90421]
					},
					"position": {
						"0.0": [-1.5, -7.5, -2.5],
						"0.25": [-1.5, -8.25, -2.5],
						"0.4167": [0.25, -6.25, -2.75],
						"2.0833": [0.25, -6.25, -2.75],
						"2.2083": [1.5, -8.5, -2.5],
						"2.3333": [-1.5, -7.5, -2.5]
					}
				},
				"gun_body": {
					"rotation": {
						"0.0": {
							"post": [0, 0, 0],
							"lerp_mode": "catmullrom"
						},
						"0.125": {
							"post": [1, 0, -6],
							"lerp_mode": "catmullrom"
						},
						"0.2917": {
							"post": [0.47916, 0.01368, -12.93032],
							"lerp_mode": "catmullrom"
						},
						"0.4583": {
							"post": [0.9962, 0.08715, -10.99924],
							"lerp_mode": "catmullrom"
						},
						"0.5417": {
							"post": [0.99, 0.13, -13.5],
							"lerp_mode": "catmullrom"
						},
						"0.625": {
							"post": [0.98481, 0.17364, -15.99851],
							"lerp_mode": "catmullrom"
						},
						"0.75": {
							"post": [0.96547, 0.14718, -19.99505],
							"lerp_mode": "catmullrom"
						},
						"0.875": {
							"post": [0.97621, 0.02843, -12.99605],
							"lerp_mode": "catmullrom"
						},
						"1.0417": {
							"post": [1.00351, -0.07793, -14.48898],
							"lerp_mode": "catmullrom"
						},
						"1.2917": {
							"post": [1.24354, -0.20002, -9.99089],
							"lerp_mode": "catmullrom"
						},
						"1.4167": {
							"post": [-0.75085, -0.12162, -11.98936],
							"lerp_mode": "catmullrom"
						},
						"1.75": {
							"post": [-0.73899, -0.18016, -16.48899],
							"lerp_mode": "catmullrom"
						},
						"1.8333": {
							"post": [-0.77082, -0.07665, -8.48974],
							"lerp_mode": "catmullrom"
						},
						"1.9167": {
							"post": [-0.76914, 0.092, 4.00913],
							"lerp_mode": "catmullrom"
						},
						"2.0": {
							"post": [-0.79733, 0.12724, 6.50962],
							"lerp_mode": "catmullrom"
						},
						"2.25": {
							"post": [0, 0, -2],
							"lerp_mode": "catmullrom"
						},
						"2.375": {
							"post": [0.01745, 0.99985, 1.00015],
							"lerp_mode": "catmullrom"
						},
						"2.5": {
							"post": [-0.02497, 0.00944, -0.99965],
							"lerp_mode": "catmullrom"
						},
						"2.625": {
							"post": [0, 0, 0],
							"lerp_mode": "catmullrom"
						}
					},
					"position": {
						"0.0": {
							"post": [0, 0, 0],
							"lerp_mode": "catmullrom"
						},
						"0.125": {
							"post": [0.2, -0.2, 0],
							"lerp_mode": "catmullrom"
						},
						"0.2917": {
							"post": [-0.2, -0.6, 0],
							"lerp_mode": "catmullrom"
						},
						"0.4583": {
							"post": [-0.3, -0.2, 0],
							"lerp_mode": "catmullrom"
						},
						"0.5417": {
							"post": [-0.4, -0.3, 0],
							"lerp_mode": "catmullrom"
						},
						"0.625": {
							"post": [-0.75, -0.4, 0],
							"lerp_mode": "catmullrom"
						},
						"0.7083": {
							"post": [-0.65, -0.6, 0],
							"lerp_mode": "catmullrom"
						},
						"0.8333": {
							"post": [-0.45, -0.5, 0],
							"lerp_mode": "catmullrom"
						},
						"1.0417": {
							"post": [-0.55, -0.6, 0],
							"lerp_mode": "catmullrom"
						},
						"1.2917": {
							"post": [-0.55, -0.8, 0],
							"lerp_mode": "catmullrom"
						},
						"1.75": {
							"post": [-0.35, -1.1, 0],
							"lerp_mode": "catmullrom"
						},
						"1.8333": {
							"post": [-0.65, -1.55, 0],
							"lerp_mode": "catmullrom"
						},
						"2.0": {
							"post": [0.05, -0.7, 0],
							"lerp_mode": "catmullrom"
						},
						"2.25": {
							"post": [0.2, 0.1, 0],
							"lerp_mode": "catmullrom"
						},
						"2.375": {
							"post": [0, 0, 0.2],
							"lerp_mode": "catmullrom"
						},
						"2.5": {
							"post": [0, 0, 0],
							"lerp_mode": "catmullrom"
						},
						"2.625": {
							"post": [0, 0, 0],
							"lerp_mode": "catmullrom"
						}
					}
				},
				"bolt": {
					"rotation": [0, 0, 0],
					"position": {
						"0.0": [0, 0, 0],
						"0.125": [0, 0, 1.75],
						"1.9167": [0, 0, 1.75],
						"1.9583": [0, 0, 1.25],
						"2.0": [0, 0, 0]
					}
				},
				"magazine": {
					"rotation": {
						"0.0": [0, 0, 0],
						"0.4583": [0, 0, 0],
						"0.5417": [0, 0, -7.5],
						"0.6667": [0, 0, -25],
						"1.5417": [-1.20049, -0.08227, 17.69226],
						"1.7083": [-1.18985, 0.1795, 30.18953],
						"1.8333": [-0.93625, -0.75593, -17.30243],
						"1.9167": [-0.82958, -0.87167, -24.80229],
						"2.0": [0, 0, 0]
					},
					"position": {
						"0.0": [0, 0, 0],
						"0.4583": [0, 0, 0],
						"0.5417": [0.5, -2, 0],
						"0.6667": [2.75, -3.75, 0],
						"1.5417": [3.55, -14.9, 4],
						"1.7083": [2.3, -3.65, 0.5],
						"1.8333": [0.75, -0.75, 0],
						"1.9167": [1, -0.75, 0],
						"2.0": [0, 0, 0]
					}
				},
				"magazine_2": {
					"scale": 0
				},
				"standard_mag_2": {
					"scale": 0
				},
				"extended_mag_2": {
					"position": [0, 0, 0]
				},
				"core": {
					"rotation": {
						"0.0": [0, 0, 0],
						"0.625": [0, 0, 0],
						"0.7083": [0, 0, 17.5],
						"1.3333": [0, 0, -17.5],
						"1.5": [0, 0, 12.5],
						"1.6667": [0, 0, -2],
						"1.75": [0, 0, -2],
						"1.8333": [0, 0, 0],
						"1.9167": [0, 0, 0],
						"2.0": [0, 0, 0],
						"2.0833": [0, 0, 0]
					},
					"position": {
						"0.0": [0, 0, 0],
						"0.4167": [0, 0, 0],
						"0.4583": [-0.17, 0, 0],
						"0.5": [-0.175, 0, 0],
						"0.5417": [-0.15, 0, 0],
						"0.625": [2.85, 0, 0],
						"0.7083": [4.35, -1.75, 0],
						"0.8333": [4.35, -9, 0],
						"0.9583": [4.35, -14, 0],
						"1.0833": [4.35, -14, 0],
						"1.3333": [5.1, -3, 0],
						"1.5": [4.1, -1, 0],
						"1.6667": [2.75, 0.1, 0],
						"1.75": [2.75, 0.1, 0],
						"1.8333": [-0.2, 0, 0],
						"1.9167": [-0.2, 0, 0],
						"2.0": [0.1, 0, 0],
						"2.0833": [0, 0, 0]
					}
				}
			},
			"sound_effects": {
				"0.5417": {
					"effect": "reload_mag_out"
				},
				"1.75": {
					"effect": "reload_mag_in"
				}
			},
			"particle_effects": {
				"2.2917": {
					"effect": "loaded"
				}
			}
		},
		"draw": {
			"animation_length": 0.625,
			"bones": {
				"right_arm": {
					"rotation": [90, 0, -180],
					"position": [5.9, -2.45, 7.75]
				},
				"left_arm": {
					"rotation": [44.51191, 16.76869, -34.90421],
					"position": [-1.5, -7.5, -2.5]
				},
				"gun_body": {
					"rotation": {
						"0.0": {
							"post": [-36.39429, -28.31604, 5.05996],
							"lerp_mode": "catmullrom"
						},
						"0.25": {
							"post": [-11.83102, -14.96568, 15.40346],
							"lerp_mode": "catmullrom"
						},
						"0.4167": {
							"post": [-0.12978, 0.95523, -1.9975],
							"lerp_mode": "catmullrom"
						},
						"0.5417": {
							"post": [0.06544, 0.02068, 0.99765],
							"lerp_mode": "catmullrom"
						},
						"0.625": [0, 0, 0]
					},
					"position": {
						"0.0": {
							"post": [-0.05, -5.86, 1.61],
							"lerp_mode": "catmullrom"
						},
						"0.25": {
							"post": [0.5, -0.75, 0],
							"lerp_mode": "catmullrom"
						},
						"0.4167": {
							"post": [0.1, 0, -0.2],
							"lerp_mode": "catmullrom"
						},
						"0.5417": {
							"post": [0, 0, 0],
							"lerp_mode": "catmullrom"
						},
						"0.625": [0, 0, 0]
					}
				},
				"magazine_2": {
					"scale": 0
				}
			}
		},
		"idle": {
			"loop": true,
			"bones": {
				"right_arm": {
					"rotation": [90, 0, -180],
					"position": [5.9, -2.45, 7.75]
				},
				"left_arm": {
					"rotation": [44.51191, 16.76869, -34.90421],
					"position": [-1.5, -7.5, -2.5]
				},
				"magazine_2": {
					"scale": 0
				}
			}
		},
		"shoot": {
			"loop": true,
			"animation_length": 0.375,
			"bones": {
				"right_arm": {
					"rotation": [90, 0, -180],
					"position": [5.9, -2.45, 7.75]
				},
				"left_arm": {
					"rotation": [44.51191, 16.76869, -34.90421],
					"position": [-1.5, -7.5, -2.5]
				},
				"gun_body": {
					"rotation": {
						"0.0": [-0.24976, -0.0109, -2.49998],
						"0.0833": [-1.66464, -0.09525, 0.93699],
						"0.2917": [0.33536, -0.09525, 0.93699],
						"0.375": [0, 0, 0]
					},
					"position": {
						"0.0": [0, -0.03106, 0.47216],
						"0.0833": [0, -0.5, 1.5],
						"0.2083": [0, 0, 1.92],
						"0.375": [0, 0, 0]
					}
				},
				"bolt": {
					"position": {
						"0.0": [0, 0, 1.75],
						"0.125": [0, 0, 0]
					}
				},
				"magazine": {
					"scale": 1
				},
				"magazine_2": {
					"scale": 0
				}
			},
			"particle_effects": {
				"0.0": {
					"effect": "eject_casing"
				}
			}
		},
		"inspect": {
			"animation_length": 5.7083,
			"bones": {
				"bolt": {
					"position": {
						"0.0": {
							"post": [0, 0, 0],
							"lerp_mode": "catmullrom"
						}
					}
				},
				"gun_body": {
					"rotation": {
						"0.0": [0, 0, 0],
						"0.0833": {
							"pre": [3.00183, -1.99726, 1.89529],
							"post": [3.00183, -1.99726, 1.89529],
							"lerp_mode": "catmullrom"
						},
						"0.1667": {
							"post": [2.55122, -6.23706, 6.70495],
							"lerp_mode": "catmullrom"
						},
						"0.2917": {
							"post": [0.27073, -13.27068, -9.94541],
							"lerp_mode": "catmullrom"
						},
						"0.375": {
							"post": [-4.18707, -15.73941, -12.32629],
							"lerp_mode": "catmullrom"
						},
						"0.4583": {
							"post": [-8.8047, -17.55113, -17.30117],
							"lerp_mode": "catmullrom"
						},
						"0.5833": {
							"post": [-5.02462, -21.50286, -16.64362],
							"lerp_mode": "catmullrom"
						},
						"0.75": {
							"post": [-4.6463, -21.55744, -16.70991],
							"lerp_mode": "catmullrom"
						},
						"0.9167": {
							"post": [-4.63119, -21.58702, -17.71493],
							"lerp_mode": "catmullrom"
						},
						"1.0833": {
							"post": [-5.02462, -21.50286, -16.64362],
							"lerp_mode": "catmullrom"
						},
						"1.25": {
							"post": [1.40321, -22.01253, -33.87122],
							"lerp_mode": "catmullrom"
						},
						"1.375": {
							"post": [1.21018, -21.94946, -36.02695],
							"lerp_mode": "catmullrom"
						},
						"1.5": {
							"post": [0.48094, -21.95125, -33.13194],
							"lerp_mode": "catmullrom"
						},
						"1.625": {
							"post": [-0.21649, -21.70528, -31.24616],
							"lerp_mode": "catmullrom"
						},
						"1.75": {
							"post": [-0.23863, -21.67981, -30.23851],
							"lerp_mode": "catmullrom"
						},
						"2.125": {
							"post": [-0.4155, -21.70253, -30.70801],
							"lerp_mode": "catmullrom"
						},
						"2.375": {
							"post": [-2.42601, -21.82842, -25.31892],
							"lerp_mode": "catmullrom"
						},
						"2.5": {
							"post": [-2.68037, -16.70817, -15.89341],
							"lerp_mode": "catmullrom"
						},
						"2.6667": {
							"post": [-10.00044, -9.35134, -3.3075],
							"lerp_mode": "catmullrom"
						},
						"2.8333": {
							"post": [-14.88725, 18.41093, 8.37639],
							"lerp_mode": "catmullrom"
						},
						"3.0": {
							"post": [-7.34859, 26.7572, 42.40904],
							"lerp_mode": "catmullrom"
						},
						"3.1667": {
							"post": [-5.7878, 27.95393, 62.06671],
							"lerp_mode": "catmullrom"
						},
						"3.2917": {
							"post": [-6.65659, 28.28342, 66.58686],
							"lerp_mode": "catmullrom"
						},
						"3.4167": {
							"post": [-7.79217, 29.024, 64.18258],
							"lerp_mode": "catmullrom"
						},
						"3.5833": {
							"post": [-6.68546, 29.27605, 66.4544],
							"lerp_mode": "catmullrom"
						},
						"4.0833": {
							"post": [-6.10269, 29.39999, 68.35585],
							"lerp_mode": "catmullrom"
						},
						"4.2917": {
							"post": [-5.82218, 29.45193, 68.9268],
							"lerp_mode": "catmullrom"
						},
						"4.5": {
							"post": [8.70864, 26.34218, 53.65008],
							"lerp_mode": "catmullrom"
						},
						"4.625": {
							"post": [14.09586, 23.22629, 18.61251],
							"lerp_mode": "catmullrom"
						},
						"4.7917": {
							"post": [13.82793, 7.03246, 21.51596],
							"lerp_mode": "catmullrom"
						},
						"4.9583": {
							"post": [2.99954, 0.05233, -0.99863],
							"lerp_mode": "catmullrom"
						},
						"5.0833": {
							"post": [0.00608, -0.03218, -2.99947],
							"lerp_mode": "catmullrom"
						},
						"5.2083": {
							"post": [-0.00355, 0.0243, 0.2496],
							"lerp_mode": "catmullrom"
						},
						"5.3333": [0, 0, 0]
					},
					"position": {
						"0.0": [0, 0, 0],
						"0.0833": {
							"pre": [-0.3, -0.4, 0],
							"post": [-0.3, -0.4, 0],
							"lerp_mode": "catmullrom"
						},
						"0.1667": {
							"post": [-0.6, -0.8, 0.3],
							"lerp_mode": "catmullrom"
						},
						"0.2917": {
							"post": [-0.9, 0.5, 0.3],
							"lerp_mode": "catmullrom"
						},
						"0.375": {
							"post": [-0.6, 0.9, 0.3],
							"lerp_mode": "catmullrom"
						},
						"0.4583": {
							"post": [-0.1, 0.3, 0],
							"lerp_mode": "catmullrom"
						},
						"0.5833": {
							"post": [0.1, -0.15, 0],
							"lerp_mode": "catmullrom"
						},
						"0.75": {
							"post": [0.1, 0.2, 0],
							"lerp_mode": "catmullrom"
						},
						"0.9167": {
							"post": [0.2, 0.075, 0],
							"lerp_mode": "catmullrom"
						},
						"1.0833": {
							"post": [0.05, -0.07, 0],
							"lerp_mode": "catmullrom"
						},
						"1.25": {
							"post": [-0.15, 0.03, 0.1],
							"lerp_mode": "catmullrom"
						},
						"1.375": {
							"post": [-0.25, 0.03, 0.3],
							"lerp_mode": "catmullrom"
						},
						"1.5": {
							"post": [-0.15, -0.02, 0.3],
							"lerp_mode": "catmullrom"
						},
						"1.625": {
							"post": [-0.05, -0.07, 0.3],
							"lerp_mode": "catmullrom"
						},
						"1.75": {
							"post": [-0.1, -0.07, 0.35],
							"lerp_mode": "catmullrom"
						},
						"2.125": {
							"post": [-0.1, -0.07, 0.45],
							"lerp_mode": "catmullrom"
						},
						"2.375": {
							"post": [-0.175, -0.07, 0.325],
							"lerp_mode": "catmullrom"
						},
						"2.5": {
							"post": [0.22, -1.28, 0.72],
							"lerp_mode": "catmullrom"
						},
						"2.6667": {
							"post": [0.23, -3.57, 0.33],
							"lerp_mode": "catmullrom"
						},
						"2.8333": {
							"post": [1.23, -2.07, 0.33],
							"lerp_mode": "catmullrom"
						},
						"3.0": {
							"post": [1.63, -0.27, 0.33],
							"lerp_mode": "catmullrom"
						},
						"3.1667": {
							"post": [2.33, 0.23, -0.67],
							"lerp_mode": "catmullrom"
						},
						"3.2917": {
							"post": [2.63, -0.07, -0.87],
							"lerp_mode": "catmullrom"
						},
						"3.4167": {
							"post": [2.53, -0.17, -0.87],
							"lerp_mode": "catmullrom"
						},
						"3.5833": {
							"post": [2.43, -0.07, -0.87],
							"lerp_mode": "catmullrom"
						},
						"4.0833": {
							"post": [2.23, -0.27, -0.87],
							"lerp_mode": "catmullrom"
						},
						"4.2917": {
							"post": [2.405, -0.32, -0.87],
							"lerp_mode": "catmullrom"
						},
						"4.5": {
							"post": [2.67, -2.71, -1.73],
							"lerp_mode": "catmullrom"
						},
						"4.625": {
							"post": [1, -3.22, -2.47],
							"lerp_mode": "catmullrom"
						},
						"4.7917": {
							"post": [0.05, -2.64, -1.52],
							"lerp_mode": "catmullrom"
						},
						"4.9583": {
							"post": [-0.1, -0.9, -0.8],
							"lerp_mode": "catmullrom"
						},
						"5.0833": {
							"post": [-0.025, -0.075, -0.05],
							"lerp_mode": "catmullrom"
						},
						"5.2083": {
							"post": [0, 0, 0.125],
							"lerp_mode": "catmullrom"
						},
						"5.3333": [0, 0, 0]
					}
				},
				"left_arm": {
					"rotation": [44.51191, 16.76869, -34.90421],
					"position": [-1.5, -7.5, -2.5]
				},
				"right_arm": {
					"rotation": [90, 0, -180],
					"position": [5.9, -2.45, 7.75]
				}
			}
		}
	}
}