{
	"format_version": "1.8.0",
	"animations": {
		"idle": {
			"loop": true,
			"bones": {
				"right_arm": {
					"rotation": [112.89204, 16.94531, -177.05528],
					"position": [3.15, -5.2, 5.5]
				},
				"left_arm": {
					"rotation": [92.67879, -35.98224, -150.12012],
					"position": [-2.2, -6.75, -4.85]
				},
				"gun_body": {
					"rotation": [0, 0, 0],
					"position": [0, 0, 0.75]
				}
			}
		},
		"draw": {
			"animation_length": 1.0417,
			"bones": {
				"right_arm": {
					"rotation": [112.89204, 16.94531, -177.05528],
					"position": [3.15, -5.2, 5.5]
				},
				"left_arm": {
					"rotation": [92.67879, -35.98224, -150.12012],
					"position": [-2.2, -6.75, -4.85]
				},
				"gun_body": {
					"rotation": {
						"0.0": {
							"post": [0, -5, 10],
							"lerp_mode": "catmullrom"
						},
						"0.1667": {
							"post": [5.04296, -8.98466, 9.64733],
							"lerp_mode": "catmullrom"
						},
						"0.375": {
							"post": [-0.21849, -4.49047, 10.01237],
							"lerp_mode": "catmullrom"
						},
						"0.5417": {
							"post": [0, -1, 2.5],
							"lerp_mode": "catmullrom"
						},
						"0.6667": {
							"post": [-0.04127, 0.02307, -0.99889],
							"lerp_mode": "catmullrom"
						},
						"0.7917": {
							"post": [0, 0, 0],
							"lerp_mode": "catmullrom"
						}
					},
					"position": {
						"0.0": {
							"post": [0, -4.25, -0.25],
							"lerp_mode": "catmullrom"
						},
						"0.1667": {
							"post": [0, -2.15, 0.75],
							"lerp_mode": "catmullrom"
						},
						"0.375": {
							"post": [0.25, -1, 0.25],
							"lerp_mode": "catmullrom"
						},
						"0.5417": {
							"post": [0, 0, 0.95],
							"lerp_mode": "catmullrom"
						},
						"0.6667": {
							"post": [0, -0.1, 0.75],
							"lerp_mode": "catmullrom"
						},
						"0.7917": [0, 0, 0.75]
					}
				},
				"shell": {
					"scale": 0
				}
			}
		},
		"aim_shoot": {
			"loop": true,
			"animation_length": 0.7083,
			"bones": {
				"right_arm": {
					"rotation": [112.89204, 16.94531, -177.05528],
					"position": [3.15, -5.2, 5.5]
				},
				"left_arm": {
					"rotation": [92.67879, -35.98224, -150.12012],
					"position": {
						"0.0": [-2.2, -6.75, -4.85],
						"0.25": [-2.2, -6.75, -4.85],
						"0.3333": [-2.2, -6.75, -3.1],
						"0.4167": [-2.2, -6.75, -3.1],
						"0.5417": [-2.2, -6.75, -4.85]
					}
				},
				"gun_body": {
					"rotation": {
						"0.0": {
							"post": [-7.5, 0, -10],
							"lerp_mode": "catmullrom"
						},
						"0.0417": {
							"post": [-12.48848, -0.54094, -12.44081],
							"lerp_mode": "catmullrom"
						},
						"0.125": {
							"post": [-4.96024, -0.75774, -14.93156],
							"lerp_mode": "catmullrom"
						},
						"0.2083": {
							"post": [-5.02877, -5.30396, -9.51251],
							"lerp_mode": "catmullrom"
						},
						"0.2917": {
							"post": [-5.89683, -6.83856, 0.7352],
							"lerp_mode": "catmullrom"
						},
						"0.375": {
							"post": [-7.51783, -6.07439, 15.84512],
							"lerp_mode": "catmullrom"
						},
						"0.4167": {
							"post": [-7.26112, -5.22432, 9.48329],
							"lerp_mode": "catmullrom"
						},
						"0.5": {
							"post": [-6.623, -3.02836, 7.88934],
							"lerp_mode": "catmullrom"
						},
						"0.5833": [-0.06822, 0.01215, -4.00241],
						"0.7083": [0, 0, 0]
					},
					"position": {
						"0.0": [0, 0, 0.75],
						"0.0417": {
							"pre": [0, 0.5, 1.75],
							"post": [0, 0.5, 1.75],
							"lerp_mode": "catmullrom"
						},
						"0.125": {
							"post": [0, 0.25, 2],
							"lerp_mode": "catmullrom"
						},
						"0.2917": {
							"post": [0.25, -0.5, 1.5],
							"lerp_mode": "catmullrom"
						},
						"0.375": {
							"post": [0.35, -0.5, 1.5],
							"lerp_mode": "catmullrom"
						},
						"0.5": {
							"post": [0.45, -0.2, 1.3],
							"lerp_mode": "catmullrom"
						},
						"0.5833": [0.2, -0.5, 0.6],
						"0.7083": [0, 0, 0.75]
					}
				},
				"bolt": {
					"position": {
						"0.0": [0, 0, 0],
						"0.25": [0, 0, 0],
						"0.3333": [0, 0, 2],
						"0.4167": [0, 0, 2],
						"0.5417": [0, 0, 0]
					}
				}
			},
			"sound_effects": {
				"0.25": {
					"effect": "bolt"
				}
			},
			"particle_effects": {
				"0.2917": {
					"effect": "eject_casing"
				}
			}
		},
		"reload": {
			"loop": true,
			"animation_length": 3.0833,
			"bones": {
				"right_arm": {
					"rotation": [112.89204, 16.94531, -177.05528],
					"position": [3.15, -5.2, 5.5]
				},
				"left_arm": {
					"rotation": {
						"0.0": [92.67879, -35.98224, -150.12012],
						"0.125": [140.3637, -34.2139, -189.09978],
						"0.25": [162.14198, -24.27513, -197.8114],
						"0.375": [164.37583, -25.71648, -203.09448],
						"1.4583": [164.37583, -25.71648, -203.09448],
						"1.5833": [166.77496, -26.96303, -208.49813],
						"1.75": [165.31656, -26.23937, -205.24192],
						"2.0": [92.67879, -35.98224, -150.12012],
						"2.1667": [92.67879, -35.98224, -150.12012]
					},
					"position": {
						"0.0": [-2.2, -6.75, -4.85],
						"0.125": [0.8, -7.75, -3.85],
						"0.25": [0.3, -7, -3.85],
						"0.375": [0.8, -6.75, -3.85],
						"1.4583": [0.8, -6.75, -3.85],
						"1.5833": [1.3, -6.25, -3.85],
						"1.75": [1.05, -6.5, -3.85],
						"2.0": [-2.2, -6.75, -4.85],
						"2.1667": [-2.2, -6.75, -4.85],
						"2.25": [-2.2, -6.75, -3.1],
						"2.3333": [-2.2, -6.75, -3.1],
						"2.4583": [-2.2, -6.75, -4.85]
					}
				},
				"gun_body": {
					"rotation": {
						"0.0": {
							"post": [0, 0, 0],
							"lerp_mode": "catmullrom"
						},
						"0.2083": {
							"post": [0, 0, -2.5],
							"lerp_mode": "catmullrom"
						},
						"0.3333": {
							"post": [0, 0, -7.5],
							"lerp_mode": "catmullrom"
						},
						"0.5": {
							"post": [0, 1, 5],
							"lerp_mode": "catmullrom"
						},
						"0.625": {
							"post": [-0.00341, 1.01167, 2.99998],
							"lerp_mode": "catmullrom"
						},
						"0.7083": {
							"post": [-0.09158, 1.00752, -2.0008],
							"lerp_mode": "catmullrom"
						},
						"0.8333": [-0.10915, 1.00577, -3.00095],
						"0.9583": {
							"pre": [-0.16164, 0.99868, -6.0014],
							"post": [-0.16164, 0.99868, -6.0014],
							"lerp_mode": "catmullrom"
						},
						"1.0833": {
							"post": [-0.20505, 0.99067, -8.50177],
							"lerp_mode": "catmullrom"
						},
						"1.2917": {
							"post": [-4.29062, 0.96903, -13.50245],
							"lerp_mode": "catmullrom"
						},
						"1.4167": {
							"post": [-4.25349, 0.1208, -11.4335],
							"lerp_mode": "catmullrom"
						},
						"1.5": {
							"post": [-4.25511, -0.02758, -13.42799],
							"lerp_mode": "catmullrom"
						},
						"1.625": {
							"post": [-4.24137, 0.34304, -8.44172],
							"lerp_mode": "catmullrom"
						},
						"1.7083": {
							"post": [-4.25349, 0.1208, -11.4335],
							"lerp_mode": "catmullrom"
						},
						"1.8333": {
							"post": [-4.24867, 0.01776, -10.68009],
							"lerp_mode": "catmullrom"
						},
						"2.0": {
							"post": [-4.18128, 0.75461, -0.70698],
							"lerp_mode": "catmullrom"
						},
						"2.1667": {
							"post": [-4.09953, -0.87903, 4.4236],
							"lerp_mode": "catmullrom"
						},
						"2.25": {
							"post": [-4.16424, -2.51343, 9.55619],
							"lerp_mode": "catmullrom"
						},
						"2.3333": {
							"post": [-4.07005, -0.66216, 7.41725],
							"lerp_mode": "catmullrom"
						},
						"2.4583": {
							"post": [-3.96918, -1.11828, 0.93247],
							"lerp_mode": "catmullrom"
						},
						"2.5833": {
							"post": [0, 0, -2],
							"lerp_mode": "catmullrom"
						},
						"2.7083": {
							"post": [0, 0, 0],
							"lerp_mode": "catmullrom"
						},
						"2.7917": {
							"post": [-0.05954, 0.02115, -0.99801],
							"lerp_mode": "catmullrom"
						},
						"2.875": {
							"post": [0, 0, 0],
							"lerp_mode": "catmullrom"
						}
					},
					"position": {
						"0.0": [0, 0, 0.75],
						"0.125": {
							"pre": [-0.06, -0.28, 0.81],
							"post": [-0.06, -0.28, 0.81],
							"lerp_mode": "catmullrom"
						},
						"0.2083": {
							"post": [-0.1, -0.8, 0.85],
							"lerp_mode": "catmullrom"
						},
						"0.3333": {
							"post": [-0.2, -1.2, 0.85],
							"lerp_mode": "catmullrom"
						},
						"0.5": {
							"post": [-0.5, -1.5, 0.85],
							"lerp_mode": "catmullrom"
						},
						"0.625": {
							"post": [-0.7, -1.3, 0.85],
							"lerp_mode": "catmullrom"
						},
						"0.7083": {
							"post": [-0.9, -1.1, 0.85],
							"lerp_mode": "catmullrom"
						},
						"0.8333": [-0.7, -1.2, 0.85],
						"0.9583": {
							"pre": [-0.6, -1.4, 0.85],
							"post": [-0.6, -1.4, 0.85],
							"lerp_mode": "catmullrom"
						},
						"1.0833": {
							"post": [-0.35, -1.65, 0.85],
							"lerp_mode": "catmullrom"
						},
						"1.2917": {
							"post": [-0.05, -2.05, 0.85],
							"lerp_mode": "catmullrom"
						},
						"1.4167": {
							"post": [-0.05, -1.85, 0.85],
							"lerp_mode": "catmullrom"
						},
						"1.5": {
							"post": [-0.35, -1.65, 0.85],
							"lerp_mode": "catmullrom"
						},
						"1.625": {
							"post": [-0.25, -1.95, 0.85],
							"lerp_mode": "catmullrom"
						},
						"1.8333": {
							"post": [0.25, -2.2, 0.85],
							"lerp_mode": "catmullrom"
						},
						"2.0": {
							"post": [0.45, -2.2, 0.85],
							"lerp_mode": "catmullrom"
						},
						"2.1667": {
							"post": [0.65, -1.7, 0.85],
							"lerp_mode": "catmullrom"
						},
						"2.25": {
							"post": [0.45, -2, 1.05],
							"lerp_mode": "catmullrom"
						},
						"2.4583": {
							"post": [0.55, -2, 0.55],
							"lerp_mode": "catmullrom"
						},
						"2.5833": {
							"post": [0.5, -1.4, 0.55],
							"lerp_mode": "catmullrom"
						},
						"2.7083": {
							"post": [0, 0, 0.75],
							"lerp_mode": "catmullrom"
						},
						"2.7917": {
							"post": [0, 0, 0.95],
							"lerp_mode": "catmullrom"
						},
						"2.875": [0, 0, 0.75]
					}
				},
				"bolt": {
					"position": {
						"2.1667": [0, 0, 0],
						"2.25": [0, 0, 2],
						"2.3333": [0, 0, 2],
						"2.4583": [0, 0, 0]
					}
				},
				"magazine": {
					"rotation": {
						"0.0": [0, 0, 0],
						"0.375": [0, 0, 0],
						"0.4583": [0, 0, 17.5],
						"0.5417": [0, 0, 30],
						"0.7083": [0, 0, 5],
						"0.9167": [0, 0, -5],
						"1.0833": [0, 0, -10],
						"1.25": [0, 0, 7.5],
						"1.375": [0, 0, -2.5],
						"1.5": [0, 0, 1.5],
						"1.5417": [0, 0, 0]
					},
					"position": {
						"0.0": [0, 0, 0],
						"0.375": [0, 0, 0],
						"0.4583": [1, -0.25, 0],
						"0.5417": [2.25, 0, 0],
						"0.7083": [4.25, -2.25, 0],
						"0.9167": [6.25, -10.25, 0],
						"1.0833": [6.25, -6.75, 0],
						"1.25": [2.25, 0.25, 0],
						"1.375": [0.5, 0, 0],
						"1.5": [0.25, 0, 0],
						"1.5417": [0, 0, 0]
					}
				}
			},
			"sound_effects": {
				"0.375": {
					"effect": "reload_mag_out"
				},
				"1.5": {
					"effect": "reload_mag_in"
				},
				"2.1667": {
					"effect": "bolt"
				}
			},
			"particle_effects": {
				"2.5417": {
					"effect": "loaded"
				}
			}
		},
		"inspect": {
			"animation_length": 3.625,
			"bones": {
				"right_arm": {
					"rotation": [112.89204, 16.94531, -177.05528],
					"position": [3.15, -5.2, 5.5]
				},
				"left_arm": {
					"rotation": [92.67879, -35.98224, -150.12012],
					"position": [-2.2, -6.75, -4.85]
				},
				"gun_body": {
					"rotation": {
						"0.0": {
							"post": [0, 0, 0],
							"lerp_mode": "catmullrom"
						},
						"0.125": {
							"post": [0, -2.5, -5],
							"lerp_mode": "catmullrom"
						},
						"0.2083": {
							"post": [-4.57853, -4.95404, -14.80965],
							"lerp_mode": "catmullrom"
						},
						"0.2917": {
							"post": [-4.508, -7.02695, -15.65254],
							"lerp_mode": "catmullrom"
						},
						"0.375": {
							"post": [-4.62773, -7.0966, -14.70862],
							"lerp_mode": "catmullrom"
						},
						"0.5": {
							"post": [-4.508, -7.02695, -15.65254],
							"lerp_mode": "catmullrom"
						},
						"0.7917": {
							"post": [-4.52, -7.02, -16.21],
							"lerp_mode": "catmullrom"
						},
						"1.0417": {
							"post": [-4.64204, -6.94013, -15.20575],
							"lerp_mode": "catmullrom"
						},
						"1.25": {
							"post": [-6.51282, -5.22584, 2.31015],
							"lerp_mode": "catmullrom"
						},
						"1.375": {
							"post": [-8.3243, -0.56277, 37.05356],
							"lerp_mode": "catmullrom"
						},
						"1.4583": {
							"post": [-8.53622, 3.77089, 65.74516],
							"lerp_mode": "catmullrom"
						},
						"1.5417": {
							"post": [-7.54113, 3.72387, 66.74372],
							"lerp_mode": "catmullrom"
						},
						"1.6667": {
							"post": [-7.47547, 3.85454, 67.73732],
							"lerp_mode": "catmullrom"
						},
						"1.75": {
							"post": [-7.46974, 3.90147, 66.73882],
							"lerp_mode": "catmullrom"
						},
						"1.8333": {
							"post": [-7.45276, 3.93394, 66.98729],
							"lerp_mode": "catmullrom"
						},
						"2.0417": {
							"post": [-7.48657, 3.86894, 66.49038],
							"lerp_mode": "catmullrom"
						},
						"2.2083": {
							"post": [-7.48297, 3.90421, 65.74146],
							"lerp_mode": "catmullrom"
						},
						"2.375": {
							"post": [-7.11661, 4.53992, 70.71442],
							"lerp_mode": "catmullrom"
						},
						"2.5": {
							"post": [-7.1256, 4.49349, 71.71259],
							"lerp_mode": "catmullrom"
						},
						"2.625": {
							"post": [-6.93347, 4.40008, 70.96618],
							"lerp_mode": "catmullrom"
						},
						"2.8333": {
							"post": [-6.6813, 4.4117, 70.71663],
							"lerp_mode": "catmullrom"
						},
						"3.0": {
							"post": [-6.63882, 4.78727, 62.72895],
							"lerp_mode": "catmullrom"
						},
						"3.2083": {
							"post": [0.52466, 0.68222, 7.99329],
							"lerp_mode": "catmullrom"
						},
						"3.3333": {
							"post": [-0.08213, 0.04686, -0.9978],
							"lerp_mode": "catmullrom"
						},
						"3.4583": {
							"post": [0.04086, -0.02379, 0.99887],
							"lerp_mode": "catmullrom"
						},
						"3.5833": {
							"post": [0, 0, 0],
							"lerp_mode": "catmullrom"
						}
					},
					"position": {
						"0.0": [0, 0, 0.75],
						"0.125": {
							"pre": [-0.25, -0.25, 0.75],
							"post": [-0.25, -0.25, 0.75],
							"lerp_mode": "catmullrom"
						},
						"0.2083": {
							"post": [-0.55, -0.25, 0.75],
							"lerp_mode": "catmullrom"
						},
						"0.2917": {
							"post": [-0.65, -0.45, 0.75],
							"lerp_mode": "catmullrom"
						},
						"0.5": {
							"post": [-0.55, -0.35, 0.75],
							"lerp_mode": "catmullrom"
						},
						"0.7917": {
							"post": [-0.49, -0.39, 0.75],
							"lerp_mode": "catmullrom"
						},
						"1.0417": {
							"post": [-0.49, -0.49, 0.75],
							"lerp_mode": "catmullrom"
						},
						"1.25": {
							"post": [-0.09, -0.79, 0.75],
							"lerp_mode": "catmullrom"
						},
						"1.375": {
							"post": [1.11, -0.79, 0.75],
							"lerp_mode": "catmullrom"
						},
						"1.4583": {
							"post": [1.51, -0.14, 0.75],
							"lerp_mode": "catmullrom"
						},
						"1.5417": {
							"post": [1.71, -0.04, 0.75],
							"lerp_mode": "catmullrom"
						},
						"1.6667": {
							"post": [1.61, -0.14, 0.75],
							"lerp_mode": "catmullrom"
						},
						"1.8333": {
							"post": [1.575, -0.16, 0.75],
							"lerp_mode": "catmullrom"
						},
						"2.375": {
							"post": [1.71, -0.16, 0.75],
							"lerp_mode": "catmullrom"
						},
						"2.5": {
							"post": [1.735, -0.135, 0.75],
							"lerp_mode": "catmullrom"
						},
						"2.8333": {
							"post": [1.565, -0.205, 0.75],
							"lerp_mode": "catmullrom"
						},
						"3.0": {
							"post": [1.27, -0.4, 0.75],
							"lerp_mode": "catmullrom"
						},
						"3.0833": {
							"post": [0.57, -1.35, 0.75],
							"lerp_mode": "catmullrom"
						},
						"3.2083": {
							"post": [-0.03, -0.9, 0.75],
							"lerp_mode": "catmullrom"
						},
						"3.3333": {
							"post": [-0.05, -0.5, 0.55],
							"lerp_mode": "catmullrom"
						},
						"3.4583": {
							"post": [0, 0, 0.75],
							"lerp_mode": "catmullrom"
						},
						"3.5833": [0, 0, 0.75]
					}
				},
				"main": {
					"rotation": [0, 0, 0]
				}
			}
		},
		"shoot": {
			"loop": true,
			"animation_length": 0.7083,
			"bones": {
				"right_arm": {
					"rotation": [112.89204, 16.94531, -177.05528],
					"position": [3.15, -5.2, 5.5]
				},
				"left_arm": {
					"rotation": [92.67879, -35.98224, -150.12012],
					"position": {
						"0.0": [-2.2, -6.75, -4.85],
						"0.25": [-2.2, -6.75, -4.85],
						"0.3333": [-2.2, -6.75, -3.1],
						"0.4167": [-2.2, -6.75, -3.1],
						"0.5417": [-2.2, -6.75, -4.85]
					}
				},
				"gun_body": {
					"rotation": {
						"0.0": {
							"post": [-2.5, 0, -10],
							"lerp_mode": "catmullrom"
						},
						"0.0417": {
							"post": [-7.48848, -0.54094, -12.44081],
							"lerp_mode": "catmullrom"
						},
						"0.125": {
							"post": [-4.96024, -0.75774, -14.93156],
							"lerp_mode": "catmullrom"
						},
						"0.2083": {
							"post": [-5.02877, -5.30396, -9.51251],
							"lerp_mode": "catmullrom"
						},
						"0.2917": {
							"post": [-5.89683, -6.83856, 0.7352],
							"lerp_mode": "catmullrom"
						},
						"0.375": {
							"post": [-7.51783, -6.07439, 15.84512],
							"lerp_mode": "catmullrom"
						},
						"0.4167": {
							"post": [-7.26112, -5.22432, 9.48329],
							"lerp_mode": "catmullrom"
						},
						"0.5": {
							"post": [-6.623, -3.02836, 7.88934],
							"lerp_mode": "catmullrom"
						},
						"0.5833": [-0.06822, 0.01215, -4.00241],
						"0.7083": [0, 0, 0]
					},
					"position": {
						"0.0": [0, 0, 0.75],
						"0.0417": {
							"pre": [0, 0.5, 1.75],
							"post": [0, 0.5, 1.75],
							"lerp_mode": "catmullrom"
						},
						"0.125": {
							"post": [0, 0.25, 2],
							"lerp_mode": "catmullrom"
						},
						"0.2917": {
							"post": [0.25, -0.5, 1.5],
							"lerp_mode": "catmullrom"
						},
						"0.375": {
							"post": [0.35, -0.5, 1.5],
							"lerp_mode": "catmullrom"
						},
						"0.5": {
							"post": [0.45, -0.2, 1.3],
							"lerp_mode": "catmullrom"
						},
						"0.5833": [0.2, -0.5, 0.6],
						"0.7083": [0, 0, 0.75]
					}
				},
				"bolt": {
					"position": {
						"0.0": [0, 0, 0],
						"0.25": [0, 0, 0],
						"0.3333": [0, 0, 2],
						"0.4167": [0, 0, 2],
						"0.5417": [0, 0, 0]
					}
				}
			},
			"sound_effects": {
				"0.25": {
					"effect": "bolt"
				}
			},
			"particle_effects": {
				"0.2917": {
					"effect": "eject_casing"
				}
			}
		}
	}
}