{
	"format_version": "1.8.0",
	"animations": {
		"reload": {
			"animation_length": 3.0833,
			"bones": {
				"right_arm": {
					"rotation": {
						"0.0": [90, 0, -180],
						"0.2083": [82.5, 0, -180],
						"0.7917": [82.5, 0, -180],
						"1.0": [82.5, 0, -180],
						"1.5833": [82.5, 0, -180],
						"1.6667": [82.5, 0, -180],
						"1.8333": [82.5, 0, -180],
						"1.9167": [90, 0, -180],
						"2.125": [90, 30, -272.5],
						"2.2917": [90, 30, -272.5],
						"2.5": [90, 30, -272.5],
						"2.7917": [90, 0, -180],
						"3.0833": [90, 0, -180]
					},
					"position": {
						"0.0": [5.65, -2.2, 5.75],
						"0.2083": [5.65, -1.2, 5.75],
						"0.7917": [5.65, -1.2, 5.75],
						"1.0": [5.65, -1.2, 5.75],
						"1.5833": [5.65, -1.2, 5.75],
						"1.6667": [5.65, -1.2, 5.75],
						"1.8333": [5.65, -1.2, 5.75],
						"1.9167": [5.65, -2.2, 5.75],
						"2.0": [3.04, -3.19, 4.1],
						"2.125": [4.12138, -2.6799, 0.61603],
						"2.2917": [4.12138, -2.6799, 0.61603],
						"2.375": [4.26, -2.45, 3.24],
						"2.5": [4.26, -4.45, 4.24],
						"2.625": [2.86, -5.49, 4.32],
						"2.7917": [5.65, -2.2, 5.75],
						"3.0833": [5.65, -2.2, 5.75]
					}
				},
				"left_arm": {
					"rotation": {
						"0.0": [83.43591, -47.55236, -120.69433],
						"0.125": [71.61356, -16.51583, -101.48181],
						"0.2083": [73.95054, -26.20116, -129.71317],
						"0.7917": [71.54, -18.07, -114.86],
						"1.0": [71.54, -18.07, -114.86],
						"1.3333": [69.32262, -10.61484, -101.25213],
						"1.4583": [70.20515, -7.92121, -112.96637],
						"1.5833": [70.28792, -6.03888, -113.64733],
						"1.9583": [83.43591, -47.55236, -120.69433]
					},
					"position": {
						"0.0": [-2.2, -8.35, -6.35],
						"0.125": [-1.7, -5.35, -0.35],
						"0.2083": [-1.7, -5.35, 0.15],
						"0.7917": [-1.7, -5.45, -0.07],
						"1.0": [-1.7, -5.45, -0.07],
						"1.3333": [-1.7, -5.55, 0.65],
						"1.4583": [-1.4, -5.05, 1],
						"1.5833": [-1.4, -4.85, 1],
						"1.6667": [-1, -5.15, 1.08],
						"1.7917": [-1, -4.85, 0.08],
						"1.9583": [-2.2, -8.35, -6.35]
					}
				},
				"gun_body": {
					"rotation": {
						"0.0": {
							"post": [0, 0, 0],
							"lerp_mode": "catmullrom"
						},
						"0.1667": {
							"post": [-1, 0, -12.5],
							"lerp_mode": "catmullrom"
						},
						"0.2917": {
							"post": [-2.52583, -0.51256, -14.40614],
							"lerp_mode": "catmullrom"
						},
						"0.375": {
							"post": [-1.98478, -0.13659, -11.99757],
							"lerp_mode": "catmullrom"
						},
						"0.5": {
							"post": [-0.85764, 0.54542, -7.17012],
							"lerp_mode": "catmullrom"
						},
						"0.6667": {
							"post": [-1.08761, 0.41666, -8.13669],
							"lerp_mode": "catmullrom"
						},
						"1.0417": {
							"post": [-1.31537, 0.28404, -9.10273],
							"lerp_mode": "catmullrom"
						},
						"1.3333": {
							"post": [-1.3447, 0.05133, -19.10007],
							"lerp_mode": "catmullrom"
						},
						"1.4583": {
							"post": [-2.34506, -0.03051, -21.0984],
							"lerp_mode": "catmullrom"
						},
						"1.5833": {
							"post": [-2.3478, -2.94615, -18.97723],
							"lerp_mode": "catmullrom"
						},
						"1.6667": {
							"post": [-2.56447, -3.88805, -7.52277],
							"lerp_mode": "catmullrom"
						},
						"1.75": {
							"post": [-2.72021, -5.1118, -11.35698],
							"lerp_mode": "catmullrom"
						},
						"1.875": {
							"post": [-2.6256, -5.09086, -9.36772],
							"lerp_mode": "catmullrom"
						},
						"2.0": {
							"post": [-3.26835, -4.70472, -1.85016],
							"lerp_mode": "catmullrom"
						},
						"2.125": {
							"post": [-3.88406, -8.22904, 5.92969],
							"lerp_mode": "catmullrom"
						},
						"2.25": {
							"post": [-4.92859, -7.65198, 13.47999],
							"lerp_mode": "catmullrom"
						},
						"2.3333": {
							"post": [-5.88621, -6.94418, 21.00763],
							"lerp_mode": "catmullrom"
						},
						"2.4167": {
							"post": [-6.13361, -6.97304, 17.04525],
							"lerp_mode": "catmullrom"
						},
						"2.5": {
							"post": [-5.50247, -7.48021, 12.03117],
							"lerp_mode": "catmullrom"
						},
						"2.625": {
							"post": [-5.29074, -4.45382, 14.72284],
							"lerp_mode": "catmullrom"
						},
						"2.8333": [1.12929, -0.99265, 1.91668],
						"2.9167": [0, 0, 0],
						"3.0": [0, 0, -2],
						"3.0833": [0, 0, 0]
					},
					"position": {
						"0.0": {
							"post": [0, 0, 0],
							"lerp_mode": "catmullrom"
						},
						"0.1667": {
							"post": [0, 0.1, 1.2],
							"lerp_mode": "catmullrom"
						},
						"0.2917": {
							"post": [0.5, -0.9, 0.95],
							"lerp_mode": "catmullrom"
						},
						"0.375": {
							"post": [-0.2, -0.7, 0.95],
							"lerp_mode": "catmullrom"
						},
						"0.5": {
							"post": [0, -0.7, 0.95],
							"lerp_mode": "catmullrom"
						},
						"0.6667": {
							"post": [0, -0.9, 0.95],
							"lerp_mode": "catmullrom"
						},
						"1.0417": {
							"post": [-0.3, -0.9, 0.85],
							"lerp_mode": "catmullrom"
						},
						"1.2083": {
							"post": [-0.47, -1.32, 0.67],
							"lerp_mode": "catmullrom"
						},
						"1.3333": {
							"post": [-0.4, -1, 0.55],
							"lerp_mode": "catmullrom"
						},
						"1.4583": {
							"post": [-0.4, -1.2, 0.85],
							"lerp_mode": "catmullrom"
						},
						"1.5833": {
							"post": [-0.4, -1, 0.65],
							"lerp_mode": "catmullrom"
						},
						"1.6667": {
							"post": [-0.53, -1.06, 1.14],
							"lerp_mode": "catmullrom"
						},
						"1.75": {
							"post": [-0.35, -1.15, 0.65],
							"lerp_mode": "catmullrom"
						},
						"1.875": {
							"post": [-0.45, -1.15, 0.45],
							"lerp_mode": "catmullrom"
						},
						"2.0": {
							"post": [-0.45, -1.65, 0.45],
							"lerp_mode": "catmullrom"
						},
						"2.125": {
							"post": [-0.05, -1.45, 0.05],
							"lerp_mode": "catmullrom"
						},
						"2.25": {
							"post": [-0.05, -1.45, 0.55],
							"lerp_mode": "catmullrom"
						},
						"2.3333": {
							"post": [-0.05, -0.95, 0.8],
							"lerp_mode": "catmullrom"
						},
						"2.4167": {
							"post": [-0.05, -1.65, 0.3],
							"lerp_mode": "catmullrom"
						},
						"2.625": {
							"post": [-0.3, -1.25, -0.3],
							"lerp_mode": "catmullrom"
						},
						"2.8333": [0.2, -0.3, 0.2],
						"2.9167": [0, 0, -0.2],
						"3.0": [0, 0, 0.1],
						"3.0833": [0, 0, 0]
					}
				},
				"bolt": {
					"position": {
						"0.0": {
							"post": [0, 0, 0],
							"lerp_mode": "catmullrom"
						},
						"0.7917": {
							"post": [0, 0, 0],
							"lerp_mode": "catmullrom"
						},
						"1.0": {
							"post": [0, 0, 0],
							"lerp_mode": "catmullrom"
						},
						"1.5833": {
							"post": [0, 0, 0],
							"lerp_mode": "catmullrom"
						},
						"1.6667": {
							"post": [0, 0, 0],
							"lerp_mode": "catmullrom"
						},
						"2.2917": [0, 0, 0],
						"2.375": [0, 0, 2.5],
						"2.4583": [0, 0, 2.5],
						"2.5417": [0, 0, 0],
						"3.0833": {
							"pre": [0, 0, 0],
							"post": [0, 0, 0],
							"lerp_mode": "catmullrom"
						}
					}
				},
				"magazine": {
					"rotation": {
						"0.0": {
							"post": [0, 0, 0],
							"lerp_mode": "catmullrom"
						},
						"0.1667": {
							"post": [0, 0, 0],
							"lerp_mode": "catmullrom"
						},
						"0.25": {
							"post": [-17.5, 0, 0],
							"lerp_mode": "catmullrom"
						},
						"0.2917": {
							"post": [-17.5, 0, 0],
							"lerp_mode": "catmullrom"
						},
						"0.4583": {
							"post": [-6.05, -1.87, -5.97],
							"lerp_mode": "catmullrom"
						},
						"0.5833": {
							"post": [30.39033, -3.73171, -11.93845],
							"lerp_mode": "catmullrom"
						},
						"0.7917": {
							"post": [11.8, -2.46, -7.86],
							"lerp_mode": "catmullrom"
						},
						"1.0": {
							"post": [11.8, -2.46, -7.86],
							"lerp_mode": "catmullrom"
						},
						"1.2083": {
							"post": [-11.44839, -0.86116, -2.75503],
							"lerp_mode": "catmullrom"
						},
						"1.3333": [-17.5, 0, 0],
						"1.4583": [-17.5, 0, 0],
						"1.5417": {
							"pre": [-17.5, 0, 0],
							"post": [-17.5, 0, 0],
							"lerp_mode": "catmullrom"
						},
						"1.5833": {
							"post": [-17.5, 0, 0],
							"lerp_mode": "catmullrom"
						},
						"1.625": {
							"post": [0, 0, 0],
							"lerp_mode": "catmullrom"
						},
						"3.0833": {
							"post": [0, 0, 0],
							"lerp_mode": "catmullrom"
						}
					},
					"position": {
						"0.0": {
							"post": [0, 0, 0],
							"lerp_mode": "catmullrom"
						},
						"0.25": {
							"post": [0, 0, 0],
							"lerp_mode": "catmullrom"
						},
						"0.2917": {
							"post": [0, -0.6, 0],
							"lerp_mode": "catmullrom"
						},
						"0.4583": {
							"post": [0, -4.5, -2],
							"lerp_mode": "catmullrom"
						},
						"0.5833": {
							"post": [0, -9, 0],
							"lerp_mode": "catmullrom"
						},
						"0.7917": {
							"post": [0, -9, 0],
							"lerp_mode": "catmullrom"
						},
						"1.0": {
							"post": [0, -9, 0],
							"lerp_mode": "catmullrom"
						},
						"1.125": {
							"post": [0, -9, 0],
							"lerp_mode": "catmullrom"
						},
						"1.3333": [0, 0, 0],
						"1.4583": [0, 0, 0],
						"1.5417": {
							"pre": [0, 0, 0],
							"post": [0, 0, 0],
							"lerp_mode": "catmullrom"
						},
						"1.5833": {
							"post": [0, 0, 0],
							"lerp_mode": "catmullrom"
						},
						"3.0833": {
							"post": [0, 0, 0],
							"lerp_mode": "catmullrom"
						}
					}
				},
				"magazine_2": {
					"rotation": {
						"0.0": {
							"post": [0, 0, 0],
							"lerp_mode": "catmullrom"
						},
						"0.7917": {
							"post": [0, 0, 0],
							"lerp_mode": "catmullrom"
						},
						"1.0": {
							"post": [0, 0, 0],
							"lerp_mode": "catmullrom"
						},
						"1.5833": {
							"post": [0, 0, 0],
							"lerp_mode": "catmullrom"
						},
						"1.6667": {
							"post": [0, 0, 0],
							"lerp_mode": "catmullrom"
						},
						"3.0833": {
							"post": [0, 0, 0],
							"lerp_mode": "catmullrom"
						}
					},
					"scale": {
						"0.0": {
							"post": [0, 0, 0],
							"lerp_mode": "catmullrom"
						},
						"3.0833": {
							"post": [0, 0, 0],
							"lerp_mode": "catmullrom"
						}
					}
				},
				"scriptures": {
					"rotation": {
						"0.0": {
							"post": [0, 0, 0],
							"lerp_mode": "catmullrom"
						},
						"0.1667": {
							"post": [12.5, 0, 0],
							"lerp_mode": "catmullrom"
						},
						"0.7917": {
							"post": [12.5, 0, 0],
							"lerp_mode": "catmullrom"
						},
						"1.0": {
							"post": [12.5, 0, 0],
							"lerp_mode": "catmullrom"
						},
						"1.3333": {
							"post": [12.5, 0, 0],
							"lerp_mode": "catmullrom"
						},
						"1.5417": {
							"post": [14.49154, 0.50066, -1.93634],
							"lerp_mode": "catmullrom"
						},
						"1.5833": {
							"post": [13.83, 0.33, -1.29],
							"lerp_mode": "catmullrom"
						},
						"1.6667": {
							"post": [13.83, 0.33, -1.29],
							"lerp_mode": "catmullrom"
						},
						"1.75": {
							"post": [12.5, 0, 0],
							"lerp_mode": "catmullrom"
						},
						"2.3333": {
							"post": [12.5, 0, -20],
							"lerp_mode": "catmullrom"
						},
						"2.5833": {
							"post": [12.5, 0, -20],
							"lerp_mode": "catmullrom"
						},
						"2.6667": {
							"post": [14.25, 0, -18],
							"lerp_mode": "catmullrom"
						},
						"2.75": {
							"post": [12.5, 0, -20],
							"lerp_mode": "catmullrom"
						},
						"3.0833": {
							"post": [0, 0, 0],
							"lerp_mode": "catmullrom"
						}
					}
				}
			},
			"sound_effects": {
				"0.25": {
					"effect": "reload_mag_out"
				},
				"1.5833": {
					"effect": "reload_mag_in"
				},
				"2.2917": {
					"effect": "bolt"
				}
			},
			"particle_effects": {
				"2.2917": {
					"effect": "loaded"
				}
			}
		},
		"shoot": {
			"loop": true,
			"animation_length": 0.375,
			"bones": {
				"right_arm": {
					"rotation": {
						"0.0": [90, 0, -180],
						"0.0833": [88.22222, 0, -180],
						"0.375": [90, 0, -180]
					},
					"position": {
						"0.0": [5.65, -2.2, 5.75],
						"0.375": [5.65, -2.2, 5.75]
					}
				},
				"left_arm": {
					"rotation": [83.43591, -47.55236, -120.69433],
					"position": [-2.2, -8.35, -6.35]
				},
				"gun_body": {
					"rotation": {
						"0.0": [-6.5, 0, 0],
						"0.0417": [-1.5, 0, 0],
						"0.0833": [-2.5, 0, 0],
						"0.125": [-1.74973, -0.03054, -0.99953],
						"0.1667": [-1, 0, 0],
						"0.2917": [-0.19997, -0.00349, -0.99999],
						"0.375": [0, 0, 0]
					},
					"position": {
						"0.0": [0, 0.175, 1.25],
						"0.125": [0, 0, 0.5],
						"0.25": [0, 0, 0]
					}
				},
				"bolt": {
					"position": {
						"0.0": [0, 0, 1.5],
						"0.125": [0, 0, 0]
					}
				},
				"magazine": {
					"scale": 1
				},
				"scriptures": {
					"rotation": {
						"0.0": [-3, 0, 0],
						"0.0417": [-6, 0, 0],
						"0.2083": [2.49962, 0.04362, -0.99905],
						"0.375": [0, 0, 0]
					}
				},
				"magazine_2": {
					"scale": 0
				}
			},
			"particle_effects": {
				"0.0": {
					"effect": "eject_casing"
				}
			}
		},
		"draw": {
			"animation_length": 0.8333,
			"bones": {
				"right_arm": {
					"rotation": [90, 0, -180],
					"position": [5.65, -2.2, 5.75]
				},
				"left_arm": {
					"rotation": [83.43591, -47.55236, -120.69433],
					"position": [-2.2, -8.35, -6.35]
				},
				"gun_body": {
					"rotation": {
						"0.0": {
							"post": [0, -5, 10],
							"lerp_mode": "catmullrom"
						},
						"0.1667": {
							"post": [4.23643, -9.38937, 14.69574],
							"lerp_mode": "catmullrom"
						},
						"0.375": {
							"post": [-0.21849, -4.49047, 10.01237],
							"lerp_mode": "catmullrom"
						},
						"0.5417": {
							"post": [0, -1, 2.5],
							"lerp_mode": "catmullrom"
						},
						"0.6667": {
							"post": [-0.04127, 0.02307, -0.99889],
							"lerp_mode": "catmullrom"
						},
						"0.7917": [0, 0, 0]
					},
					"position": {
						"0.0": {
							"post": [0, -4.25, -0.25],
							"lerp_mode": "catmullrom"
						},
						"0.1667": {
							"post": [0, -2.15, 0.75],
							"lerp_mode": "catmullrom"
						},
						"0.375": {
							"post": [0.25, -1, 0.25],
							"lerp_mode": "catmullrom"
						},
						"0.5417": [0, 0, -0.2],
						"0.6667": [0, 0, 0.1],
						"0.7917": [0, 0, 0]
					}
				},
				"scriptures": {
					"rotation": {
						"0.0": [0, 0, 0],
						"0.25": [0, 0, -12.5],
						"0.3333": [-2, 0, -7],
						"0.4167": [1, 0, 2.5],
						"0.5": [-1.99726, -0.10465, -0.49818],
						"0.5417": [0.00137, -0.05233, -0.24909],
						"0.5833": [0, 0, 0],
						"0.625": [0, 0, 0]
					}
				},
				"magazine_2": {
					"scale": 0
				}
			}
		},
		"idle": {
			"loop": true,
			"bones": {
				"right_arm": {
					"rotation": [90, 0, -180],
					"position": [5.65, -2.2, 5.75]
				},
				"left_arm": {
					"rotation": [83.43591, -47.55236, -120.69433],
					"position": [-2.2, -8.35, -6.35]
				},
				"magazine_2": {
					"scale": 0
				}
			}
		},
		"aim_shoot": {
			"loop": true,
			"animation_length": 0.375,
			"bones": {
				"right_arm": {
					"rotation": {
						"0.0": [90, 0, -180],
						"0.0833": [88.22222, 0, -180],
						"0.375": [90, 0, -180]
					},
					"position": {
						"0.0": [5.65, -2.2, 5.75],
						"0.375": [5.65, -2.2, 5.75]
					}
				},
				"left_arm": {
					"rotation": [83.43591, -47.55236, -120.69433],
					"position": [-2.2, -8.35, -6.35]
				},
				"gun_body": {
					"rotation": {
						"0.0417": [-1.5, 0, 0],
						"0.0833": [-2.5, 0, 0],
						"0.125": [-1.74973, -0.03054, -0.99953],
						"0.1667": [-1, 0, 0],
						"0.2917": [-0.19997, -0.00349, -0.99999],
						"0.375": [0, 0, 0]
					},
					"position": {
						"0.0": [0, 0.175, 1.25],
						"0.125": [0, 0, 0.5],
						"0.25": [0, 0, 0]
					}
				},
				"bolt": {
					"position": {
						"0.0": [0, 0, 1.5],
						"0.125": [0, 0, 0],
						"0.1667": [0, 0, 0]
					}
				},
				"magazine": {
					"scale": 1
				},
				"scriptures": {
					"rotation": {
						"0.0": [-3, 0, 0],
						"0.0417": [-6, 0, 0],
						"0.2083": [2.49962, 0.04362, -0.99905],
						"0.375": [0, 0, 0]
					}
				},
				"magazine_2": {
					"scale": 0
				}
			},
			"particle_effects": {
				"0.0": {
					"effect": "eject_casing"
				}
			}
		},
		"inspect": {
			"animation_length": 3.625,
			"bones": {
				"main": {
					"rotation": [0, 0, 0]
				},
				"gun_body": {
					"rotation": {
						"0.0": [0, 0, 0],
						"0.125": [0, -2.5, -5],
						"0.2083": [-4.57853, -4.95404, -14.80965],
						"0.2917": {
							"pre": [-4.508, -7.02695, -15.65254],
							"post": [-4.508, -7.02695, -15.65254],
							"lerp_mode": "catmullrom"
						},
						"0.375": {
							"post": [-4.62773, -7.0966, -14.70862],
							"lerp_mode": "catmullrom"
						},
						"0.5": {
							"post": [-4.508, -7.02695, -15.65254],
							"lerp_mode": "catmullrom"
						},
						"0.7917": {
							"post": [-4.52, -7.02, -16.21],
							"lerp_mode": "catmullrom"
						},
						"1.0417": {
							"post": [-4.64204, -6.94013, -15.20575],
							"lerp_mode": "catmullrom"
						},
						"1.25": {
							"post": [-6.51282, -5.22584, 2.31015],
							"lerp_mode": "catmullrom"
						},
						"1.375": {
							"post": [-8.3243, -0.56277, 37.05356],
							"lerp_mode": "catmullrom"
						},
						"1.4583": {
							"post": [-8.53622, 3.77089, 65.74516],
							"lerp_mode": "catmullrom"
						},
						"1.5417": {
							"post": [-7.54113, 3.72387, 66.74372],
							"lerp_mode": "catmullrom"
						},
						"1.6667": {
							"post": [-7.47547, 3.85454, 67.73732],
							"lerp_mode": "catmullrom"
						},
						"1.75": {
							"post": [-7.46974, 3.90147, 66.73882],
							"lerp_mode": "catmullrom"
						},
						"1.8333": {
							"post": [-7.45276, 3.93394, 66.98729],
							"lerp_mode": "catmullrom"
						},
						"2.0417": {
							"post": [-7.48657, 3.86894, 66.49038],
							"lerp_mode": "catmullrom"
						},
						"2.2083": {
							"post": [-7.48297, 3.90421, 65.74146],
							"lerp_mode": "catmullrom"
						},
						"2.375": {
							"post": [-7.11661, 4.53992, 70.71442],
							"lerp_mode": "catmullrom"
						},
						"2.5": {
							"post": [-7.1256, 4.49349, 71.71259],
							"lerp_mode": "catmullrom"
						},
						"2.625": {
							"post": [-6.93347, 4.40008, 70.96618],
							"lerp_mode": "catmullrom"
						},
						"2.8333": {
							"post": [-6.6813, 4.4117, 70.71663],
							"lerp_mode": "catmullrom"
						},
						"3.0": {
							"post": [-6.63882, 4.78727, 62.72895],
							"lerp_mode": "catmullrom"
						},
						"3.2083": {
							"post": [0.52466, 0.68222, 7.99329],
							"lerp_mode": "catmullrom"
						},
						"3.3333": [-0.03609, 0.05689, -1.99888],
						"3.4583": [0, 0, 0],
						"3.5833": [0, 0, 0]
					},
					"position": {
						"0.0": [0, 0, 0],
						"0.125": [-0.25, -0.25, 0.75],
						"0.2083": [-0.55, -0.25, 0.75],
						"0.2917": {
							"pre": [-0.65, -0.45, 0.75],
							"post": [-0.65, -0.45, 0.75],
							"lerp_mode": "catmullrom"
						},
						"0.5": {
							"post": [-0.55, -0.35, 0.75],
							"lerp_mode": "catmullrom"
						},
						"0.7917": {
							"post": [-0.49, -0.39, 0.75],
							"lerp_mode": "catmullrom"
						},
						"1.0417": {
							"post": [-0.49, -0.49, 0.75],
							"lerp_mode": "catmullrom"
						},
						"1.25": {
							"post": [-0.09, -0.79, 0.75],
							"lerp_mode": "catmullrom"
						},
						"1.375": {
							"post": [1.11, -0.79, 0.75],
							"lerp_mode": "catmullrom"
						},
						"1.4583": {
							"post": [1.51, -0.14, 0.75],
							"lerp_mode": "catmullrom"
						},
						"1.5417": {
							"post": [1.71, -0.04, 0.75],
							"lerp_mode": "catmullrom"
						},
						"1.6667": {
							"post": [1.61, -0.14, 0.75],
							"lerp_mode": "catmullrom"
						},
						"1.8333": {
							"post": [1.575, -0.16, 0.75],
							"lerp_mode": "catmullrom"
						},
						"2.375": {
							"post": [1.71, -0.16, 0.75],
							"lerp_mode": "catmullrom"
						},
						"2.5": {
							"post": [1.735, -0.135, 0.75],
							"lerp_mode": "catmullrom"
						},
						"2.8333": {
							"post": [1.565, -0.205, 0.75],
							"lerp_mode": "catmullrom"
						},
						"3.0": {
							"post": [1.27, -0.4, 0.75],
							"lerp_mode": "catmullrom"
						},
						"3.0833": {
							"post": [0.57, -1.35, 0.75],
							"lerp_mode": "catmullrom"
						},
						"3.2083": {
							"post": [-0.03, -0.9, 0.75],
							"lerp_mode": "catmullrom"
						},
						"3.3333": [0, 0, 0],
						"3.4583": [0, 0, 0],
						"3.5833": [0, 0, 0]
					}
				},
				"left_arm": {
					"rotation": [83.43591, -47.55236, -120.69433],
					"position": [-2.2, -8.35, -6.35]
				},
				"magazine_2": {
					"scale": 0
				},
				"right_arm": {
					"rotation": [90, 0, -180],
					"position": [5.65, -2.2, 5.75]
				}
			}
		}
	}
}