{
	"format_version": "1.8.0",
	"animations": {
		"aim_shoot": {
			"loop": true,
			"animation_length": 0.375,
			"bones": {
				"right_arm": {
					"rotation": [90, 0, -180],
					"position": [5.9, -2.45, 7.75]
				},
				"left_arm": {
					"rotation": [44.51191, 16.76869, -34.90421],
					"position": [-1.25, -7.25, -1.75]
				},
				"gun_body": {
					"rotation": {
						"0.0": [-0.24976, -0.0109, -2.49998],
						"0.0833": [-1.66464, -0.09525, 0.93699],
						"0.2917": [0.33536, -0.09525, 0.93699],
						"0.375": [0, 0, 0]
					},
					"position": {
						"0.0": [0, -0.03106, 1.47216],
						"0.0833": [0, -0.5, 0.5],
						"0.2083": [0, 0, -0.08],
						"0.375": [0, 0, 0]
					}
				},
				"bolt": {
					"position": {
						"0.0": [0, 0, 1.75],
						"0.125": [0, 0, 0]
					}
				},
				"magazine": {
					"scale": 1
				},
				"magazine_2": {
					"scale": 0
				}
			},
			"particle_effects": {
				"0.0": {
					"effect": "eject_casing"
				}
			}
		},
		"reload": {
			"animation_length": 2.75,
			"bones": {
				"right_arm": {
					"rotation": [90, 0, -180],
					"position": [5.9, -2.45, 7.75]
				},
				"left_arm": {
					"rotation": {
						"0.0": [44.51191, 16.76869, -34.90421],
						"0.2917": [69.51191, 16.76869, -34.90421],
						"0.4167": [70.23415, 7.99365, -31.60659],
						"0.625": [70.23415, 7.99365, -31.60659],
						"0.9167": [102.73415, 7.99365, -31.60659],
						"1.125": [70.23415, 7.99365, -31.60659],
						"1.2083": [70.23415, 7.99365, -31.60659],
						"1.4167": [70.23415, 7.99365, -31.60659],
						"1.5417": [40.63188, -5.05467, -16.41135],
						"1.7083": [76.67329, 48.19365, 60.28226],
						"1.7917": [76.67329, 48.19365, 60.28226],
						"2.0": [76.67329, 48.19365, 60.28226],
						"2.125": [79.05573, 35.96823, 63.81636],
						"2.25": [74.76231, 38.72427, 6.36182],
						"2.5417": [44.51191, 16.76869, -34.90421]
					},
					"position": {
						"0.0": [-1.25, -7.25, -1.75],
						"0.2917": [-2, -5.75, 2],
						"0.4167": [-3.25, -7.25, 2.75],
						"0.625": [-3.25, -7.25, 2.75],
						"0.9167": [-4.25, -13.5, 3],
						"1.125": [-3.5, -9.25, 2],
						"1.2083": [-3.5, -9.25, 2],
						"1.2917": [-3.25, -7.25, 2.75],
						"1.4167": [-3.25, -7.25, 2.75],
						"1.5417": [-3.5, -12.6, 1.7],
						"1.625": [-7.5, -11.6, 1.2],
						"1.7083": [-7.5, -6.6, 0.7],
						"1.7917": [-7.5, -6.6, 0.7],
						"1.875": [-7.5, -6.6, 1.2],
						"2.0": [-7.5, -6.6, 2.7],
						"2.125": [-7.5, -8.1, 2.7],
						"2.25": [-3.5, -11.1, 2.7],
						"2.5417": [-1.25, -7.25, -1.75]
					},
					"scale": {
						"0.625": [1, 1, 1],
						"0.9167": [1, 1, 1]
					}
				},
				"gun_body": {
					"rotation": {
						"0.0": {
							"post": [0, 0, 0],
							"lerp_mode": "catmullrom"
						},
						"0.125": {
							"post": [1.0041, -0.02897, 2.99957],
							"lerp_mode": "catmullrom"
						},
						"0.3333": {
							"post": [-22.87413, 8.01882, 6.55832],
							"lerp_mode": "catmullrom"
						},
						"0.4167": {
							"post": [-21.25227, 11.78369, 15.96477],
							"lerp_mode": "catmullrom"
						},
						"0.5417": {
							"post": [-20.20038, 13.55427, 20.75775],
							"lerp_mode": "catmullrom"
						},
						"0.625": {
							"post": [-24.18969, 3.5069, -16.13811],
							"lerp_mode": "catmullrom"
						},
						"0.75": {
							"post": [-23.99333, -4.72673, -34.38145],
							"lerp_mode": "catmullrom"
						},
						"0.8333": {
							"post": [-23.98334, -3.67985, -31.24038],
							"lerp_mode": "catmullrom"
						},
						"0.9167": {
							"post": [-23.98983, -1.97043, -26.34098],
							"lerp_mode": "catmullrom"
						},
						"1.0833": {
							"post": [-22.84511, -5.59311, -30.74674],
							"lerp_mode": "catmullrom"
						},
						"1.2083": {
							"post": [-27.91, -10.28, -43.25],
							"lerp_mode": "catmullrom"
						},
						"1.375": {
							"post": [-34.62347, -8.99501, -30.84328],
							"lerp_mode": "catmullrom"
						},
						"1.4583": {
							"post": [-33.8642, -11.80988, -35.04521],
							"lerp_mode": "catmullrom"
						},
						"1.5833": {
							"post": [-34.97585, -7.28261, -28.35485],
							"lerp_mode": "catmullrom"
						},
						"1.75": {
							"post": [-32.57927, 15.29949, 4.35252],
							"lerp_mode": "catmullrom"
						},
						"1.875": {
							"post": [-32.02634, 6.9379, 6.12687],
							"lerp_mode": "catmullrom"
						},
						"2.0": {
							"post": [-43.82293, -7.76972, -1.99533],
							"lerp_mode": "catmullrom"
						},
						"2.125": {
							"post": [-41.30054, 7.59202, 14.48672],
							"lerp_mode": "catmullrom"
						},
						"2.25": {
							"post": [-28.83579, 3.58218, 14.50902],
							"lerp_mode": "catmullrom"
						},
						"2.375": {
							"post": [-13.95969, 1.76867, 17.88537],
							"lerp_mode": "catmullrom"
						},
						"2.5417": {
							"post": [-0.07287, -0.00952, -2.49891],
							"lerp_mode": "catmullrom"
						},
						"2.625": {
							"post": [0, 0, -2],
							"lerp_mode": "catmullrom"
						},
						"2.75": {
							"post": [0, 0, 0],
							"lerp_mode": "catmullrom"
						}
					},
					"position": {
						"0.0": {
							"post": [0, 0, 0],
							"lerp_mode": "catmullrom"
						},
						"0.125": {
							"post": [-0.2, -0.5, 0.3],
							"lerp_mode": "catmullrom"
						},
						"0.2083": {
							"post": [-1.2, 0.1, 0.6],
							"lerp_mode": "catmullrom"
						},
						"0.3333": {
							"post": [-2.2, 3.1, 0.6],
							"lerp_mode": "catmullrom"
						},
						"0.4167": {
							"post": [-2.7, 3.5, 0.6],
							"lerp_mode": "catmullrom"
						},
						"0.5417": {
							"post": [-1.5, 3.3, 0.6],
							"lerp_mode": "catmullrom"
						},
						"0.625": {
							"post": [-1.65, 3.3, -0.5],
							"lerp_mode": "catmullrom"
						},
						"0.75": {
							"post": [-1.25, 2.9, -0.5],
							"lerp_mode": "catmullrom"
						},
						"0.9167": {
							"post": [-1.75, 2.4, -0.5],
							"lerp_mode": "catmullrom"
						},
						"1.0833": {
							"post": [-2.05, 1.7, -0.5],
							"lerp_mode": "catmullrom"
						},
						"1.2083": {
							"post": [-2.27, 2.01, -0.5],
							"lerp_mode": "catmullrom"
						},
						"1.375": {
							"post": [-1.3, 2.7, -0.5],
							"lerp_mode": "catmullrom"
						},
						"1.625": {
							"post": [-0.77, 0.21, -0.5],
							"lerp_mode": "catmullrom"
						},
						"1.75": {
							"post": [-1.05, -0.55, -0.5],
							"lerp_mode": "catmullrom"
						},
						"1.875": {
							"post": [-0.85, -1.35, -0.5],
							"lerp_mode": "catmullrom"
						},
						"2.0": {
							"post": [0.15, 0.4, -1.5],
							"lerp_mode": "catmullrom"
						},
						"2.125": {
							"post": [0.15, 0.9, -2.25],
							"lerp_mode": "catmullrom"
						},
						"2.25": {
							"post": [0.15, -0.6, -2.25],
							"lerp_mode": "catmullrom"
						},
						"2.375": {
							"post": [0.15, -1.6, -1],
							"lerp_mode": "catmullrom"
						},
						"2.5417": {
							"post": [0, 0, 0],
							"lerp_mode": "catmullrom"
						},
						"2.625": {
							"post": [0, 0, 0.4],
							"lerp_mode": "catmullrom"
						},
						"2.75": {
							"post": [0, 0, 0],
							"lerp_mode": "catmullrom"
						}
					}
				},
				"bolt": {
					"rotation": {
						"1.75": [0, 0, 0],
						"2.0833": [0, 0, 0]
					},
					"position": {
						"1.75": [0, 0, 0],
						"1.875": [0, 0, 0.5],
						"2.0": [0, 0, 1.75],
						"2.0417": [0, 0, 1.25],
						"2.0833": [0, 0, 0]
					}
				},
				"magazine": {
					"position": {
						"0.0": [0, 0, 0],
						"0.625": [0, 0, 0],
						"0.7083": [0, -3, 0],
						"0.8333": [0, -13, 1],
						"1.125": [0, -2, 0],
						"1.2083": [0, -2, 0],
						"1.2917": [0, 0, 0]
					}
				},
				"magazine_2": {
					"scale": 0
				},
				"standard_mag_2": {
					"scale": 0
				},
				"extended_mag_2": {
					"position": [0, 0, 0]
				}
			},
			"sound_effects": {
				"0.625": {
					"effect": "reload_mag_out"
				},
				"1.2083": {
					"effect": "reload_mag_in"
				},
				"1.8333": {
					"effect": "bolt"
				}
			},
			"particle_effects": {
				"2.2917": {
					"effect": "loaded"
				}
			}
		},
		"draw": {
			"animation_length": 0.625,
			"bones": {
				"right_arm": {
					"rotation": [90, 0, -180],
					"position": [5.9, -2.45, 7.75]
				},
				"left_arm": {
					"rotation": [44.51191, 16.76869, -34.90421],
					"position": [-1.25, -7.25, -1.75]
				},
				"gun_body": {
					"rotation": {
						"0.0": {
							"post": [-36.39429, -28.31604, 5.05996],
							"lerp_mode": "catmullrom"
						},
						"0.25": {
							"post": [-11.83102, -14.96568, 15.40346],
							"lerp_mode": "catmullrom"
						},
						"0.4167": {
							"post": [-0.12978, 0.95523, -1.9975],
							"lerp_mode": "catmullrom"
						},
						"0.5417": {
							"post": [0.06544, 0.02068, 0.99765],
							"lerp_mode": "catmullrom"
						},
						"0.625": [0, 0, 0]
					},
					"position": {
						"0.0": {
							"post": [-0.05, -5.86, 1.61],
							"lerp_mode": "catmullrom"
						},
						"0.25": {
							"post": [0.5, -0.75, 0],
							"lerp_mode": "catmullrom"
						},
						"0.4167": {
							"post": [0.1, 0, -0.2],
							"lerp_mode": "catmullrom"
						},
						"0.5417": {
							"post": [0, 0, 0],
							"lerp_mode": "catmullrom"
						},
						"0.625": [0, 0, 0]
					}
				},
				"magazine_2": {
					"scale": 0
				}
			}
		},
		"idle": {
			"loop": true,
			"bones": {
				"right_arm": {
					"rotation": [90, 0, -180],
					"position": [5.9, -2.45, 7.75]
				},
				"left_arm": {
					"rotation": [44.51191, 16.76869, -34.90421],
					"position": [-1.25, -7.25, -1.75]
				},
				"magazine_2": {
					"scale": 0
				}
			}
		},
		"inspect": {
			"animation_length": 4.625,
			"bones": {
				"right_arm": {
					"rotation": [90, 0, -180],
					"position": [5.9, -2.45, 7.75]
				},
				"left_arm": {
					"rotation": [44.51191, 16.76869, -34.90421],
					"position": [-1.25, -7.25, -1.75]
				},
				"gun_body": {
					"rotation": {
						"0.0": [0, 0, 0],
						"0.125": {
							"pre": [0, -2.5, -5],
							"post": [0, -2.5, -5],
							"lerp_mode": "catmullrom"
						},
						"0.2083": {
							"post": [-4.57853, -4.95404, -14.80965],
							"lerp_mode": "catmullrom"
						},
						"0.2917": {
							"post": [-4.508, -7.02695, -15.65254],
							"lerp_mode": "catmullrom"
						},
						"0.375": {
							"post": [-4.62773, -7.0966, -14.70862],
							"lerp_mode": "catmullrom"
						},
						"0.5": {
							"post": [-4.508, -7.02695, -15.65254],
							"lerp_mode": "catmullrom"
						},
						"0.7917": {
							"post": [-4.52, -7.02, -16.21],
							"lerp_mode": "catmullrom"
						},
						"1.0417": {
							"post": [-4.64204, -6.94013, -15.20575],
							"lerp_mode": "catmullrom"
						},
						"1.25": {
							"post": [-6.51282, -5.22584, 2.31015],
							"lerp_mode": "catmullrom"
						},
						"1.375": {
							"post": [-8.3243, -0.56277, 37.05356],
							"lerp_mode": "catmullrom"
						},
						"1.4583": {
							"post": [-8.53622, 3.77089, 65.74516],
							"lerp_mode": "catmullrom"
						},
						"1.5417": {
							"post": [-7.54113, 3.72387, 66.74372],
							"lerp_mode": "catmullrom"
						},
						"1.6667": {
							"post": [-7.47547, 3.85454, 67.73732],
							"lerp_mode": "catmullrom"
						},
						"1.75": {
							"post": [-7.46974, 3.90147, 66.73882],
							"lerp_mode": "catmullrom"
						},
						"1.8333": {
							"post": [-7.45276, 3.93394, 66.98729],
							"lerp_mode": "catmullrom"
						},
						"2.0417": {
							"post": [-7.48657, 3.86894, 66.49038],
							"lerp_mode": "catmullrom"
						},
						"2.2083": {
							"post": [-7.48297, 3.90421, 65.74146],
							"lerp_mode": "catmullrom"
						},
						"2.375": {
							"post": [-7.11661, 4.53992, 70.71442],
							"lerp_mode": "catmullrom"
						},
						"2.5": {
							"post": [-7.1256, 4.49349, 71.71259],
							"lerp_mode": "catmullrom"
						},
						"2.625": {
							"post": [-6.93347, 4.40008, 70.96618],
							"lerp_mode": "catmullrom"
						},
						"2.8333": {
							"post": [-6.6813, 4.4117, 70.71663],
							"lerp_mode": "catmullrom"
						},
						"3.0": {
							"post": [-6.63882, 4.78727, 62.72895],
							"lerp_mode": "catmullrom"
						},
						"3.2083": {
							"post": [0.52466, 0.68222, 7.99329],
							"lerp_mode": "catmullrom"
						},
						"3.3333": {
							"post": [-0.08213, 0.04686, -0.9978],
							"lerp_mode": "catmullrom"
						},
						"3.4583": {
							"post": [0.04086, -0.02379, 0.99887],
							"lerp_mode": "catmullrom"
						},
						"3.5833": [0, 0, 0]
					},
					"position": {
						"0.0": [0, 0, 0],
						"0.125": {
							"pre": [-0.25, -0.25, 0.75],
							"post": [-0.25, -0.25, 0.75],
							"lerp_mode": "catmullrom"
						},
						"0.2083": {
							"post": [-0.55, -0.25, 0.75],
							"lerp_mode": "catmullrom"
						},
						"0.2917": {
							"post": [-0.65, -0.45, 0.75],
							"lerp_mode": "catmullrom"
						},
						"0.5": {
							"post": [-0.55, -0.35, 0.75],
							"lerp_mode": "catmullrom"
						},
						"0.7917": {
							"post": [-0.49, -0.39, 0.75],
							"lerp_mode": "catmullrom"
						},
						"1.0417": {
							"post": [-0.49, -0.49, 0.75],
							"lerp_mode": "catmullrom"
						},
						"1.25": {
							"post": [-0.09, -0.79, 0.75],
							"lerp_mode": "catmullrom"
						},
						"1.375": {
							"post": [1.11, -0.79, 0.75],
							"lerp_mode": "catmullrom"
						},
						"1.4583": {
							"post": [1.51, -0.14, 0.75],
							"lerp_mode": "catmullrom"
						},
						"1.5417": {
							"post": [1.71, -0.04, 0.75],
							"lerp_mode": "catmullrom"
						},
						"1.6667": {
							"post": [1.61, -0.14, 0.75],
							"lerp_mode": "catmullrom"
						},
						"1.8333": {
							"post": [1.575, -0.16, 0.75],
							"lerp_mode": "catmullrom"
						},
						"2.375": {
							"post": [1.71, -0.16, 0.75],
							"lerp_mode": "catmullrom"
						},
						"2.5": {
							"post": [1.735, -0.135, 0.75],
							"lerp_mode": "catmullrom"
						},
						"2.8333": {
							"post": [1.565, -0.205, 0.75],
							"lerp_mode": "catmullrom"
						},
						"3.0": {
							"post": [1.27, -0.4, 0.75],
							"lerp_mode": "catmullrom"
						},
						"3.0833": {
							"post": [0.57, -1.35, 0.75],
							"lerp_mode": "catmullrom"
						},
						"3.2083": {
							"post": [-0.03, -0.9, 0.75],
							"lerp_mode": "catmullrom"
						},
						"3.3333": {
							"post": [-0.05, 0, 0.05],
							"lerp_mode": "catmullrom"
						},
						"3.4583": {
							"post": [0, 0, 0.25],
							"lerp_mode": "catmullrom"
						},
						"3.5833": [0, 0, 0]
					}
				},
				"shell": {
					"scale": 0
				}
			}
		},
		"shoot": {
			"loop": true,
			"animation_length": 0.375,
			"bones": {
				"right_arm": {
					"rotation": [90, 0, -180],
					"position": [5.9, -2.45, 7.75]
				},
				"left_arm": {
					"rotation": [44.51191, 16.76869, -34.90421],
					"position": [-1.25, -7.25, -1.75]
				},
				"gun_body": {
					"rotation": {
						"0.0": [-0.24976, -0.0109, -2.49998],
						"0.0833": [-1.66464, -0.09525, 0.93699],
						"0.2917": [0.33536, -0.09525, 0.93699],
						"0.375": [0, 0, 0]
					},
					"position": {
						"0.0": [0, -0.03106, 1.47216],
						"0.0833": [0, -0.5, 0.5],
						"0.2083": [0, 0, -0.08],
						"0.375": [0, 0, 0]
					}
				},
				"bolt": {
					"position": {
						"0.0": [0, 0, 1.75],
						"0.125": [0, 0, 0]
					}
				},
				"magazine": {
					"scale": 1
				},
				"magazine_2": {
					"scale": 0
				}
			},
			"particle_effects": {
				"0.0": {
					"effect": "eject_casing"
				}
			}
		}
	}
}