{
	"format_version": "1.8.0",
	"animations": {
		"idle": {
			"loop": true,
			"bones": {
				"right_arm": {
					"rotation": [112.89204, 16.94531, -177.05528],
					"position": [3.9, -4.2, 3.25]
				},
				"left_arm": {
					"rotation": [92.67879, -35.98224, -150.12012],
					"position": [-3.2, -6.75, -7.85]
				},
				"gun_body": {
					"rotation": [0, 0, 0],
					"position": [0, 0, 1]
				}
			}
		},
		"shoot": {
			"loop": true,
			"animation_length": 0.7917,
			"bones": {
				"right_arm": {
					"rotation": [112.89204, 16.94531, -177.05528],
					"position": [3.9, -4.2, 3.25]
				},
				"left_arm": {
					"rotation": [92.67879, -35.98224, -150.12012],
					"position": {
						"0.0": [-3.2, -6.75, -7.85],
						"0.25": [-3.2, -6.75, -7.85],
						"0.3333": [-3.2, -6.75, -6.1],
						"0.4167": [-3.2, -6.75, -6.1],
						"0.5417": [-3.2, -6.75, -7.85]
					}
				},
				"gun_body": {
					"rotation": {
						"0.0": {
							"post": [-7.5, 0, -10],
							"lerp_mode": "catmullrom"
						},
						"0.0417": {
							"post": [-12.48848, -0.54094, -12.44081],
							"lerp_mode": "catmullrom"
						},
						"0.125": {
							"post": [-4.96024, -0.75774, -14.93156],
							"lerp_mode": "catmullrom"
						},
						"0.2083": {
							"post": [-5.02877, -5.30396, -9.51251],
							"lerp_mode": "catmullrom"
						},
						"0.2917": {
							"post": [-5.89683, -6.83856, 0.7352],
							"lerp_mode": "catmullrom"
						},
						"0.375": {
							"post": [-7.51783, -6.07439, 15.84512],
							"lerp_mode": "catmullrom"
						},
						"0.4167": {
							"post": [-7.26112, -5.22432, 9.48329],
							"lerp_mode": "catmullrom"
						},
						"0.5": {
							"post": [-6.623, -3.02836, 7.88934],
							"lerp_mode": "catmullrom"
						},
						"0.5833": [-0.06822, 0.01215, -4.00241],
						"0.7083": [0, 0, 1],
						"0.7917": [0, 0, 0]
					},
					"position": {
						"0.0": {
							"post": [0, -0.25, 1.25],
							"lerp_mode": "catmullrom"
						},
						"0.0417": {
							"post": [0, 0.5, 1.75],
							"lerp_mode": "catmullrom"
						},
						"0.125": {
							"post": [0, 0.25, 2],
							"lerp_mode": "catmullrom"
						},
						"0.2917": {
							"post": [0.25, -0.5, 1.5],
							"lerp_mode": "catmullrom"
						},
						"0.375": {
							"post": [0.35, -0.5, 1.5],
							"lerp_mode": "catmullrom"
						},
						"0.5": {
							"post": [0.45, -0.2, 1.3],
							"lerp_mode": "catmullrom"
						},
						"0.5833": [0.2, -0.5, 0.6],
						"0.7083": [0, 0, 1],
						"0.7917": [0, 0, 1]
					}
				},
				"bolt": {
					"position": {
						"0.0": [0, 0, 0],
						"0.25": [0, 0, 0],
						"0.3333": [0, 0, 2],
						"0.4167": [0, 0, 2],
						"0.5417": [0, 0, 0]
					}
				}
			},
			"particle_effects": {
				"0.2917": {
					"effect": "eject_casing"
				}
			}
		},
		"aim_shoot": {
			"loop": true,
			"animation_length": 0.7917,
			"bones": {
				"right_arm": {
					"rotation": [112.89204, 16.94531, -177.05528],
					"position": [3.9, -4.2, 3.25]
				},
				"left_arm": {
					"rotation": [92.67879, -35.98224, -150.12012],
					"position": {
						"0.0": [-3.2, -6.75, -7.85],
						"0.25": [-3.2, -6.75, -7.85],
						"0.3333": [-3.2, -6.75, -6.1],
						"0.4167": [-3.2, -6.75, -6.1],
						"0.5417": [-3.2, -6.75, -7.85]
					}
				},
				"gun_body": {
					"rotation": {
						"0.0": {
							"post": [-7.5, 0, -10],
							"lerp_mode": "catmullrom"
						},
						"0.0417": {
							"post": [-12.48848, -0.54094, -12.44081],
							"lerp_mode": "catmullrom"
						},
						"0.125": {
							"post": [-4.96024, -0.75774, -14.93156],
							"lerp_mode": "catmullrom"
						},
						"0.2083": {
							"post": [-5.02877, -5.30396, -9.51251],
							"lerp_mode": "catmullrom"
						},
						"0.2917": {
							"post": [-5.89683, -6.83856, 0.7352],
							"lerp_mode": "catmullrom"
						},
						"0.375": {
							"post": [-7.51783, -6.07439, 15.84512],
							"lerp_mode": "catmullrom"
						},
						"0.4167": {
							"post": [-7.26112, -5.22432, 9.48329],
							"lerp_mode": "catmullrom"
						},
						"0.5": {
							"post": [-6.623, -3.02836, 7.88934],
							"lerp_mode": "catmullrom"
						},
						"0.5833": [-0.06822, 0.01215, -4.00241],
						"0.7083": [0, 0, 1],
						"0.7917": [0, 0, 0]
					},
					"position": {
						"0.0": {
							"post": [0, -0.25, 1.25],
							"lerp_mode": "catmullrom"
						},
						"0.0417": {
							"post": [0, 0.5, 1.75],
							"lerp_mode": "catmullrom"
						},
						"0.125": {
							"post": [0, 0.25, 2],
							"lerp_mode": "catmullrom"
						},
						"0.2917": {
							"post": [0.25, -0.5, 1.5],
							"lerp_mode": "catmullrom"
						},
						"0.375": {
							"post": [0.35, -0.5, 1.5],
							"lerp_mode": "catmullrom"
						},
						"0.5": {
							"post": [0.45, -0.2, 1.3],
							"lerp_mode": "catmullrom"
						},
						"0.5833": [0.2, -0.5, 0.6],
						"0.7083": [0, 0, 1],
						"0.7917": [0, 0, 1]
					}
				},
				"bolt": {
					"position": {
						"0.0": [0, 0, 0],
						"0.25": [0, 0, 0],
						"0.3333": [0, 0, 2],
						"0.4167": [0, 0, 2],
						"0.5417": [0, 0, 0]
					}
				}
			},
			"particle_effects": {
				"0.2917": {
					"effect": "eject_casing"
				}
			}
		},
		"draw": {
			"animation_length": 0.7917,
			"bones": {
				"right_arm": {
					"rotation": [112.89204, 16.94531, -177.05528],
					"position": [3.9, -4.2, 3.25]
				},
				"left_arm": {
					"rotation": [92.67879, -35.98224, -150.12012],
					"position": [-3.2, -6.75, -7.85]
				},
				"gun_body": {
					"rotation": {
						"0.0": {
							"post": [0, -5, 10],
							"lerp_mode": "catmullrom"
						},
						"0.1667": {
							"post": [5.04296, -8.98466, 9.64733],
							"lerp_mode": "catmullrom"
						},
						"0.375": {
							"post": [-0.21849, -4.49047, 10.01237],
							"lerp_mode": "catmullrom"
						},
						"0.5417": {
							"post": [0, -1, 2.5],
							"lerp_mode": "catmullrom"
						},
						"0.6667": {
							"post": [-0.04127, 0.02307, -0.99889],
							"lerp_mode": "catmullrom"
						},
						"0.7917": {
							"post": [0, 0, 0],
							"lerp_mode": "catmullrom"
						}
					},
					"position": {
						"0.0": {
							"post": [0, -4.25, -0.25],
							"lerp_mode": "catmullrom"
						},
						"0.1667": {
							"post": [0, -2.15, 0.75],
							"lerp_mode": "catmullrom"
						},
						"0.375": {
							"post": [0.25, -1, 0.25],
							"lerp_mode": "catmullrom"
						},
						"0.5417": {
							"post": [0, -0.5, 0.95],
							"lerp_mode": "catmullrom"
						},
						"0.6667": {
							"post": [0, -0.1, 0.75],
							"lerp_mode": "catmullrom"
						},
						"0.7917": [0, 0, 1]
					}
				},
				"shell": {
					"scale": 0
				}
			}
		},
		"inspect": {
			"animation_length": 3.625,
			"bones": {
				"right_arm": {
					"rotation": [112.89204, 16.94531, -177.05528],
					"position": [3.9, -4.2, 3.25]
				},
				"left_arm": {
					"rotation": [92.67879, -35.98224, -150.12012],
					"position": [-3.2, -6.75, -7.85]
				},
				"gun_body": {
					"rotation": {
						"0.0": {
							"post": [0, 0, 0],
							"lerp_mode": "catmullrom"
						},
						"0.125": {
							"post": [0, -2.5, -5],
							"lerp_mode": "catmullrom"
						},
						"0.2083": {
							"post": [-4.57853, -4.95404, -14.80965],
							"lerp_mode": "catmullrom"
						},
						"0.2917": {
							"post": [-4.508, -7.02695, -15.65254],
							"lerp_mode": "catmullrom"
						},
						"0.375": {
							"post": [-4.62773, -7.0966, -14.70862],
							"lerp_mode": "catmullrom"
						},
						"0.5": {
							"post": [-4.508, -7.02695, -15.65254],
							"lerp_mode": "catmullrom"
						},
						"0.7917": {
							"post": [-4.52, -7.02, -16.21],
							"lerp_mode": "catmullrom"
						},
						"1.0417": {
							"post": [-4.64204, -6.94013, -15.20575],
							"lerp_mode": "catmullrom"
						},
						"1.25": {
							"post": [-6.51282, -5.22584, 2.31015],
							"lerp_mode": "catmullrom"
						},
						"1.375": {
							"post": [-8.3243, -0.56277, 37.05356],
							"lerp_mode": "catmullrom"
						},
						"1.4583": {
							"post": [-8.53622, 3.77089, 65.74516],
							"lerp_mode": "catmullrom"
						},
						"1.5417": {
							"post": [-7.54113, 3.72387, 66.74372],
							"lerp_mode": "catmullrom"
						},
						"1.6667": {
							"post": [-7.47547, 3.85454, 67.73732],
							"lerp_mode": "catmullrom"
						},
						"1.75": {
							"post": [-7.46974, 3.90147, 66.73882],
							"lerp_mode": "catmullrom"
						},
						"1.8333": {
							"post": [-7.45276, 3.93394, 66.98729],
							"lerp_mode": "catmullrom"
						},
						"2.0417": {
							"post": [-7.48657, 3.86894, 66.49038],
							"lerp_mode": "catmullrom"
						},
						"2.2083": {
							"post": [-7.48297, 3.90421, 65.74146],
							"lerp_mode": "catmullrom"
						},
						"2.375": {
							"post": [-7.11661, 4.53992, 70.71442],
							"lerp_mode": "catmullrom"
						},
						"2.5": {
							"post": [-7.1256, 4.49349, 71.71259],
							"lerp_mode": "catmullrom"
						},
						"2.625": {
							"post": [-6.93347, 4.40008, 70.96618],
							"lerp_mode": "catmullrom"
						},
						"2.8333": {
							"post": [-6.6813, 4.4117, 70.71663],
							"lerp_mode": "catmullrom"
						},
						"3.0": {
							"post": [-6.63882, 4.78727, 62.72895],
							"lerp_mode": "catmullrom"
						},
						"3.2083": {
							"post": [0.52466, 0.68222, 7.99329],
							"lerp_mode": "catmullrom"
						},
						"3.3333": {
							"post": [-0.08213, 0.04686, -0.9978],
							"lerp_mode": "catmullrom"
						},
						"3.4583": {
							"post": [0.04086, -0.02379, 0.99887],
							"lerp_mode": "catmullrom"
						},
						"3.5833": {
							"post": [0, 0, 0],
							"lerp_mode": "catmullrom"
						}
					},
					"position": {
						"0.0": [0, 0, 1],
						"0.125": {
							"pre": [-0.25, -0.25, 0.75],
							"post": [-0.25, -0.25, 0.75],
							"lerp_mode": "catmullrom"
						},
						"0.2083": {
							"post": [-0.55, -0.25, 0.75],
							"lerp_mode": "catmullrom"
						},
						"0.2917": {
							"post": [-0.65, -0.45, 0.75],
							"lerp_mode": "catmullrom"
						},
						"0.5": {
							"post": [-0.55, -0.35, 0.75],
							"lerp_mode": "catmullrom"
						},
						"0.7917": {
							"post": [-0.49, -0.39, 0.75],
							"lerp_mode": "catmullrom"
						},
						"1.0417": {
							"post": [-0.49, -0.49, 0.75],
							"lerp_mode": "catmullrom"
						},
						"1.25": {
							"post": [-0.09, -0.79, 0.75],
							"lerp_mode": "catmullrom"
						},
						"1.375": {
							"post": [1.11, -0.79, 0.75],
							"lerp_mode": "catmullrom"
						},
						"1.4583": {
							"post": [1.51, -0.14, 0.75],
							"lerp_mode": "catmullrom"
						},
						"1.5417": {
							"post": [1.71, -0.04, 0.75],
							"lerp_mode": "catmullrom"
						},
						"1.6667": {
							"post": [1.61, -0.14, 0.75],
							"lerp_mode": "catmullrom"
						},
						"1.8333": {
							"post": [1.575, -0.16, 0.75],
							"lerp_mode": "catmullrom"
						},
						"2.375": {
							"post": [1.71, -0.16, 0.75],
							"lerp_mode": "catmullrom"
						},
						"2.5": {
							"post": [1.735, -0.135, 0.75],
							"lerp_mode": "catmullrom"
						},
						"2.8333": {
							"post": [1.565, -0.205, 0.75],
							"lerp_mode": "catmullrom"
						},
						"3.0": {
							"post": [1.27, -0.4, 0.75],
							"lerp_mode": "catmullrom"
						},
						"3.0833": {
							"post": [0.57, -1.35, 0.75],
							"lerp_mode": "catmullrom"
						},
						"3.2083": {
							"post": [-0.03, -0.9, 0.75],
							"lerp_mode": "catmullrom"
						},
						"3.3333": [0, 0, 1],
						"3.4583": [0, 0, 1],
						"3.5833": [0, 0, 1]
					}
				},
				"main": {
					"rotation": [0, 0, 0]
				}
			}
		},
		"reload_start": {
			"loop": "hold_on_last_frame",
			"animation_length": 0.2917,
			"bones": {
				"gun_body": {
					"rotation": {
						"0.0": [0, 0, 0],
						"0.0833": [0, 0, -8],
						"0.1667": [-5, 0, -13],
						"0.25": [-6.04487, -0.07474, -14.99501],
						"0.2917": [-5.99924, -0.08715, -13.9962]
					},
					"position": {
						"0.0": [0, 0, 1],
						"0.0833": [0, -0.5, 0.95],
						"0.1667": [0, -0.25, 0.5],
						"0.25": [0, -0.25, 0.5]
					}
				},
				"right_arm": {
					"rotation": [112.89204, 16.94531, -177.05528],
					"position": [3.9, -4.2, 3.25]
				},
				"left_arm": {
					"rotation": [92.67879, -35.98224, -150.12012],
					"position": {
						"0.0": [-3.2, -6.75, -7.85],
						"0.1667": [1.3, -9.25, -1.85],
						"0.2917": [1.3, -9.25, 5.15]
					}
				}
			}
		},
		"reload_stop": {
			"animation_length": 0.8333,
			"bones": {
				"gun_body": {
					"rotation": {
						"0.0": {
							"post": [-5.99924, -0.08715, -13.9962],
							"lerp_mode": "catmullrom"
						},
						"0.0833": {
							"post": [1.00038, -0.04358, -6.9981],
							"lerp_mode": "catmullrom"
						},
						"0.1667": {
							"post": [2.99818, 0.10465, -1.99726],
							"lerp_mode": "catmullrom"
						},
						"0.25": {
							"post": [5, 0, 0],
							"lerp_mode": "catmullrom"
						},
						"0.3333": {
							"post": [4.6742, -2.68761, 2.28155],
							"lerp_mode": "catmullrom"
						},
						"0.4167": {
							"post": [4.41929, -2.08735, 7.34929],
							"lerp_mode": "catmullrom"
						},
						"0.5": {
							"post": [4.55378, -1.77433, 3.35928],
							"lerp_mode": "catmullrom"
						},
						"0.625": [0, 2, 2.5],
						"0.75": [-0.10461, 0.99574, -1.5003],
						"0.8333": [0, 0, 0]
					},
					"position": {
						"0.0": {
							"post": [0, -0.25, 0.5],
							"lerp_mode": "catmullrom"
						},
						"0.0833": {
							"post": [0.2, -0.67, 0.63],
							"lerp_mode": "catmullrom"
						},
						"0.1667": {
							"post": [0.1, -0.8, 0.75],
							"lerp_mode": "catmullrom"
						},
						"0.25": {
							"post": [0.1, -0.9, 0.95],
							"lerp_mode": "catmullrom"
						},
						"0.3333": {
							"post": [0.1, -1, 0.95],
							"lerp_mode": "catmullrom"
						},
						"0.4167": {
							"post": [-0.1, -1.2, 1.05],
							"lerp_mode": "catmullrom"
						},
						"0.5": {
							"post": [-0.1, -1.2, 0.8],
							"lerp_mode": "catmullrom"
						},
						"0.625": [0.1, -0.7, 0.75],
						"0.75": [-0.1, 0, 0.75],
						"0.8333": [0, 0, 1]
					}
				},
				"right_arm": {
					"rotation": {
						"0.0": {
							"post": [112.89204, 16.94531, -177.05528],
							"lerp_mode": "catmullrom"
						},
						"0.1667": {
							"post": [112.89204, 16.94531, -177.05528],
							"lerp_mode": "catmullrom"
						},
						"0.625": [112.89204, 16.94531, -177.05528],
						"0.8333": [112.89204, 16.94531, -177.05528]
					},
					"position": {
						"0.0": {
							"post": [3.9, -4.2, 3.25],
							"lerp_mode": "catmullrom"
						},
						"0.1667": {
							"post": [3.9, -4.2, 3.25],
							"lerp_mode": "catmullrom"
						},
						"0.625": [3.9, -4.2, 3.25],
						"0.8333": [3.9, -4.2, 3.25]
					}
				},
				"left_arm": {
					"rotation": {
						"0.0": {
							"post": [92.67879, -35.98224, -150.12012],
							"lerp_mode": "catmullrom"
						},
						"0.1667": {
							"post": [92.67879, -35.98224, -150.12012],
							"lerp_mode": "catmullrom"
						},
						"0.625": [92.67879, -35.98224, -150.12012],
						"0.8333": [92.67879, -35.98224, -150.12012]
					},
					"position": {
						"0.0": {
							"post": [1.3, -9.25, 5.15],
							"lerp_mode": "catmullrom"
						},
						"0.1667": {
							"post": [-3.7, -7.25, -7.85],
							"lerp_mode": "catmullrom"
						},
						"0.3333": [-3.2, -6.75, -7.85],
						"0.4167": [-3.2, -6.75, -6.1],
						"0.5": [-3.2, -6.75, -6.1],
						"0.625": [-3.2, -6.75, -7.85],
						"0.8333": [-3.2, -6.75, -7.85]
					}
				},
				"bolt": {
					"position": {
						"0.3333": [0, 0, 0],
						"0.4167": [0, 0, 2],
						"0.5": [0, 0, 2],
						"0.625": [0, 0, 0]
					}
				}
			}
		},
		"reload_loop": {
			"loop": true,
			"animation_length": 0.625,
			"bones": {
				"gun_body": {
					"rotation": {
						"0.0": {
							"post": [-5.99924, -0.08715, -13.9962],
							"lerp_mode": "catmullrom"
						},
						"0.125": {
							"post": [-6.48535, -0.41772, -16.97794],
							"lerp_mode": "catmullrom"
						},
						"0.25": {
							"post": [-6.99259, -0.29609, -15.98526],
							"lerp_mode": "catmullrom"
						},
						"0.3333": {
							"post": [-6.93108, -1.6524, -13.17719],
							"lerp_mode": "catmullrom"
						},
						"0.4583": {
							"post": [-6.14373, -0.33203, -15.97536],
							"lerp_mode": "catmullrom"
						},
						"0.625": {
							"post": [-5.99924, -0.08715, -13.9962],
							"lerp_mode": "catmullrom"
						}
					},
					"position": {
						"0.0": {
							"post": [0, -0.25, 0.5],
							"lerp_mode": "catmullrom"
						},
						"0.125": {
							"post": [0, -0.3, 0.5],
							"lerp_mode": "catmullrom"
						},
						"0.25": {
							"post": [0, -0.35, 0.5],
							"lerp_mode": "catmullrom"
						},
						"0.3333": {
							"post": [0, -0.25, 0.3],
							"lerp_mode": "catmullrom"
						},
						"0.4583": {
							"post": [0, -0.25, 0.4],
							"lerp_mode": "catmullrom"
						},
						"0.625": {
							"post": [0, -0.25, 0.5],
							"lerp_mode": "catmullrom"
						}
					}
				},
				"left_arm": {
					"rotation": {
						"0.0": {
							"post": [92.67879, -35.98224, -150.12012],
							"lerp_mode": "catmullrom"
						},
						"0.25": {
							"post": [106.23254, -37.39968, -152.03896],
							"lerp_mode": "catmullrom"
						},
						"0.2917": {
							"post": [105.55404, -36.91198, -152.31452],
							"lerp_mode": "catmullrom"
						},
						"0.375": {
							"post": [103.4069, -22.38079, -148.01012],
							"lerp_mode": "catmullrom"
						},
						"0.4583": {
							"post": [103.81843, -23.5099, -145.41707],
							"lerp_mode": "catmullrom"
						},
						"0.625": {
							"post": [92.67879, -35.98224, -150.12012],
							"lerp_mode": "catmullrom"
						}
					},
					"position": {
						"0.0": {
							"post": [1.3, -9.25, 5.15],
							"lerp_mode": "catmullrom"
						},
						"0.125": {
							"post": [-1.7, -6.25, 1.15],
							"lerp_mode": "catmullrom"
						},
						"0.25": {
							"post": [-2.2, -5.25, -1.85],
							"lerp_mode": "catmullrom"
						},
						"0.2917": {
							"post": [-2.2, -5.15, -1.85],
							"lerp_mode": "catmullrom"
						},
						"0.375": {
							"post": [-2.85, -5.15, -3],
							"lerp_mode": "catmullrom"
						},
						"0.4583": {
							"post": [-2.95, -5.15, -3],
							"lerp_mode": "catmullrom"
						},
						"0.625": {
							"post": [1.3, -9.25, 5.15],
							"lerp_mode": "catmullrom"
						}
					}
				},
				"right_arm": {
					"rotation": {
						"0.0": {
							"post": [112.89204, 16.94531, -177.05528],
							"lerp_mode": "catmullrom"
						}
					},
					"position": {
						"0.0": {
							"post": [3.9, -4.2, 3.25],
							"lerp_mode": "catmullrom"
						}
					}
				}
			},
			"sound_effects": {
				"0.3333": {
					"effect": "mag_in"
				}
			},
			"particle_effects": {
				"0.5": {
					"effect": "loaded"
				}
			}
		}
	}
}