{
	"format_version": "1.8.0",
	"animations": {
		"aim_shoot": {
			"loop": true,
			"animation_length": 0.75,
			"bones": {
				"right_arm": {
					"rotation": [90, 0, -180],
					"position": [6.15, -2.95, 5.75]
				},
				"left_arm": {
					"scale": 0
				},
				"gun_body": {
					"rotation": {
						"0.0": [-5.25, 0, 0],
						"0.0833": [-1, 0, 0],
						"0.375": [0, 0, 0]
					},
					"position": {
						"0.0": [0, 0.64321, 1.48818],
						"0.0833": [0, 0, 0.5],
						"0.25": [0, 0, 0]
					}
				},
				"bolt": {
					"position": {
						"0.0": [0, 0, 1.75],
						"0.125": [0, 0, 0]
					}
				},
				"magazine": {
					"scale": 1
				},
				"magazine_2": {
					"scale": 0
				},
				"head": {
					"rotation": {
						"0.0": [-2.5, 0, 0],
						"0.2083": [-0.02173, -0.0269, 0.49971],
						"0.2917": [0, 0, 0]
					},
					"position": {
						"0.0": [0, 0.25, 0.5],
						"0.125": [0, -0.05, 0],
						"0.2083": [0, 0, 0],
						"0.2917": [0, 0, 0]
					}
				}
			},
			"particle_effects": {
				"0.0": {
					"effect": "eject_casing"
				}
			}
		},
		"reload": {
			"animation_length": 2.4583,
			"bones": {
				"right_arm": {
					"rotation": {
						"0.0": {
							"post": [90, 0, -180],
							"lerp_mode": "catmullrom"
						}
					},
					"position": {
						"0.0": {
							"post": [6.15, -2.95, 5.75],
							"lerp_mode": "catmullrom"
						}
					}
				},
				"left_arm": {
					"rotation": {
						"0.0": {
							"post": [69.05458, 22.58851, -27.69986],
							"lerp_mode": "catmullrom"
						},
						"0.3333": {
							"post": [69.05458, 22.58851, -27.69986],
							"lerp_mode": "catmullrom"
						},
						"0.5": {
							"post": [67.81117, -29.07932, -8.12337],
							"lerp_mode": "catmullrom"
						}
					},
					"position": {
						"0.0": {
							"post": [0.3, -0.35, -3.85],
							"lerp_mode": "catmullrom"
						},
						"0.3333": {
							"post": [0.3, -0.35, -3.85],
							"lerp_mode": "catmullrom"
						},
						"0.5": {
							"post": [-5.7, -2.1, -3.85],
							"lerp_mode": "catmullrom"
						}
					},
					"scale": {
						"0.0": [0, 0, 0],
						"0.0417": [1, 1, 1]
					}
				},
				"gun_body": {
					"rotation": {
						"0.0": {
							"post": [0, 0, 0],
							"lerp_mode": "catmullrom"
						},
						"0.2083": {
							"post": [-0.02208, -0.00639, 1.99987],
							"lerp_mode": "catmullrom"
						},
						"0.375": {
							"post": [-2.02116, -0.00818, -3.02635],
							"lerp_mode": "catmullrom"
						},
						"0.5": {
							"post": [-2.00154, -0.07782, -5.05188],
							"lerp_mode": "catmullrom"
						},
						"0.625": {
							"post": [-4.90951, 0.25861, 5.07666],
							"lerp_mode": "catmullrom"
						},
						"0.75": {
							"post": [-4.762, 0.26606, 2.16996],
							"lerp_mode": "catmullrom"
						},
						"1.0": {
							"post": [-4.76837, 0.0999, 0.17686],
							"lerp_mode": "catmullrom"
						},
						"1.2917": {
							"post": [-4.73566, 0.11081, -2.82288],
							"lerp_mode": "catmullrom"
						},
						"1.4583": {
							"post": [-4.76895, -0.89664, 0.26],
							"lerp_mode": "catmullrom"
						},
						"1.625": {
							"post": [-2.07064, -1.75114, 4.73844],
							"lerp_mode": "catmullrom"
						},
						"1.7083": {
							"post": [-0.81515, -1.85507, 3.27429],
							"lerp_mode": "catmullrom"
						},
						"2.0": {
							"post": [0.01095, 0.00348, -0.99993],
							"lerp_mode": "catmullrom"
						},
						"2.125": {
							"post": [0, 0, 1],
							"lerp_mode": "catmullrom"
						},
						"2.25": {
							"post": [0, 0, 0],
							"lerp_mode": "catmullrom"
						}
					},
					"position": {
						"0.0": {
							"post": [0, 0, 0],
							"lerp_mode": "catmullrom"
						},
						"0.2083": {
							"post": [0, -0.4, -0.1],
							"lerp_mode": "catmullrom"
						},
						"0.375": {
							"post": [-0.2, -0.09, -0.1],
							"lerp_mode": "catmullrom"
						},
						"0.5": {
							"post": [-0.2, -0.38, -0.1],
							"lerp_mode": "catmullrom"
						},
						"0.625": {
							"post": [-0.19, 0.03, -0.1],
							"lerp_mode": "catmullrom"
						},
						"0.75": {
							"post": [-0.18, -0.16, -0.1],
							"lerp_mode": "catmullrom"
						},
						"1.0": {
							"post": [-0.18, -0.36, -0.1],
							"lerp_mode": "catmullrom"
						},
						"1.2917": {
							"post": [-0.18, -0.46, 0.1],
							"lerp_mode": "catmullrom"
						},
						"1.4583": {
							"post": [0.32, -0.71, 0.1],
							"lerp_mode": "catmullrom"
						},
						"1.7083": {
							"post": [1.02, -0.31, 0.1],
							"lerp_mode": "catmullrom"
						},
						"1.875": {
							"post": [0.36, -0.41, 0.04],
							"lerp_mode": "catmullrom"
						},
						"2.0": {
							"post": [0, 0, 0.2],
							"lerp_mode": "catmullrom"
						},
						"2.125": {
							"post": [0, 0, 0],
							"lerp_mode": "catmullrom"
						},
						"2.25": {
							"post": [0, 0, 0],
							"lerp_mode": "catmullrom"
						}
					}
				},
				"tank": {
					"rotation": {
						"0.0": {
							"post": [0, 0, 0],
							"lerp_mode": "catmullrom"
						},
						"0.1667": {
							"post": [-32.5, 0, 0],
							"lerp_mode": "catmullrom"
						},
						"0.3333": {
							"post": [-53.61353, 0.93118, 29.95662],
							"lerp_mode": "catmullrom"
						},
						"0.5": [-70.69365, 8.59647, -27.79774],
						"0.5833": [-70.29133, 7.59447, -24.94152],
						"0.625": [-71.83083, 10.84775, -34.523],
						"0.7083": [-72.01567, 11.15805, -35.49144],
						"1.1667": [-72.01567, 11.15805, -35.49144],
						"1.4583": [-71.30971, 9.89912, -31.6296],
						"1.5833": [-68.9705, 1.2832, -8.02442],
						"1.7083": [-69.10092, 2.71486, -11.76182],
						"2.125": {
							"pre": [0, 0, 0],
							"post": [0, 0, 0],
							"lerp_mode": "catmullrom"
						}
					},
					"position": {
						"0.0": {
							"post": [21.25, -5.25, 8.75],
							"lerp_mode": "catmullrom"
						},
						"0.1667": {
							"post": [14.39, -4.04, 3.4],
							"lerp_mode": "catmullrom"
						},
						"0.3333": {
							"post": [7.54, -3.82, 0.02],
							"lerp_mode": "catmullrom"
						},
						"0.5": [7.54, -5.82, 0.02],
						"0.5833": [3.74, -6.82, 0.02],
						"0.625": [4.74, -6.82, 0.02],
						"0.7083": [4.7, -6.89, -0.21],
						"1.1667": [4.7, -6.89, -0.21],
						"1.4583": [4.64, -7.02, 0.02],
						"1.5833": [8.14, -5.77, 1.02],
						"1.7083": [10.04, -6.87, 1.02],
						"1.9167": [12.37, -7.94, 5.59],
						"2.125": {
							"pre": [21.25, -5.25, 8.75],
							"post": [21.25, -5.25, 8.75],
							"lerp_mode": "catmullrom"
						},
						"2.2917": {
							"post": [0, 0, 0],
							"lerp_mode": "catmullrom"
						}
					},
					"scale": {
						"2.0833": [1, 1, 1],
						"2.125": [0, 0, 0]
					}
				},
				"tank2": {
					"rotation": {
						"0.0": {
							"post": [0, 0, 0],
							"lerp_mode": "catmullrom"
						},
						"0.0417": {
							"post": [-5, 0, -85],
							"lerp_mode": "catmullrom"
						},
						"2.25": {
							"post": [-5, 0, -85],
							"lerp_mode": "catmullrom"
						}
					},
					"position": {
						"0.0": {
							"post": [0, 0, 0],
							"lerp_mode": "catmullrom"
						},
						"0.0417": {
							"post": [0.18159, 2.30832, -7.69924],
							"lerp_mode": "catmullrom"
						},
						"2.25": {
							"post": [0.18159, 2.30832, -7.69924],
							"lerp_mode": "catmullrom"
						},
						"2.2917": {
							"post": [0, 0, 0],
							"lerp_mode": "catmullrom"
						}
					},
					"scale": {
						"0.0": [0, 0, 0],
						"0.0417": [2, 2, 2],
						"2.25": [2, 2, 2],
						"2.2917": [0, 0, 0]
					}
				},
				"head": {
					"rotation": {
						"0.625": [0, 0, 0],
						"0.7083": [0, 0, -3],
						"0.8333": [0, 0, -2],
						"1.3333": [0, 0, -2],
						"1.4583": [0, 0, 2],
						"1.5833": [0, 0, -3],
						"1.75": [0, 0, 0]
					},
					"position": {
						"0.625": [0, 0, 0],
						"0.7083": [0, -0.25, 0],
						"0.8333": [0, -0.25, 0],
						"1.3333": [0, -0.25, 0],
						"1.4583": [0, -0.25, 0],
						"1.5833": [0, -0.15, 0],
						"1.75": [0, 0, 0]
					}
				}
			},
			"sound_effects": {
				"0.4583": {
					"effect": "rack"
				},
				"1.1667": {
					"effect": "reload_mag_out"
				},
				"2.0833": {
					"effect": "reload_mag_in"
				}
			},
			"particle_effects": {
				"2.2917": {
					"effect": "loaded"
				}
			}
		},
		"shoot": {
			"loop": true,
			"animation_length": 0.375,
			"bones": {
				"right_arm": {
					"rotation": [90, 0, -180],
					"position": [6.15, -2.95, 5.75]
				},
				"left_arm": {
					"scale": 0
				},
				"gun_body": {
					"rotation": {
						"0.0": [-10.25, 0, 0],
						"0.0833": [-1, 0, 0],
						"0.25": [-0.4506, -0.00639, 1.99987],
						"0.375": [0, 0, 0]
					},
					"position": {
						"0.0": [0, 0.46894, 1.47216],
						"0.0833": [0, 0, 0.5],
						"0.25": [0, 0, 0]
					}
				},
				"bolt": {
					"position": {
						"0.0": [0, 0, 1.75],
						"0.125": [0, 0, 0]
					}
				},
				"magazine": {
					"scale": 1
				},
				"magazine_2": {
					"scale": 0
				},
				"head": {
					"rotation": {
						"0.0": [-2.5, 0, 0],
						"0.2083": [-0.02173, -0.0269, 0.49971],
						"0.2917": [0, 0, 0]
					},
					"position": {
						"0.0": [0, 0.25, 0.5],
						"0.125": [0, -0.05, 0],
						"0.2083": [0, 0, 0],
						"0.2917": [0, 0, 0]
					}
				}
			},
			"particle_effects": {
				"0.0": {
					"effect": "eject_casing"
				}
			}
		},
		"idle": {
			"loop": true,
			"animation_length": 7,
			"bones": {
				"right_arm": {
					"rotation": [90, 0, -180],
					"position": [6.15, -2.95, 5.75]
				},
				"left_arm": {
					"scale": 0
				},
				"magazine_2": {
					"scale": 0
				},
				"head": {
					"rotation": {
						"0.0": {
							"post": [0, 0, 0],
							"lerp_mode": "catmullrom"
						},
						"1.75": {
							"post": [0, 3, 0],
							"lerp_mode": "catmullrom"
						},
						"3.5417": {
							"post": [0, 0, 0],
							"lerp_mode": "catmullrom"
						},
						"5.5": {
							"post": [0, -3, 0],
							"lerp_mode": "catmullrom"
						},
						"7.0417": {
							"post": [0, 0, 0],
							"lerp_mode": "catmullrom"
						}
					},
					"position": {
						"0.0": {
							"post": [0, 0, 0],
							"lerp_mode": "catmullrom"
						},
						"0.875": {
							"post": [0, 0.1, 0],
							"lerp_mode": "catmullrom"
						},
						"2.7083": {
							"post": [0, -0.22, 0],
							"lerp_mode": "catmullrom"
						},
						"4.375": {
							"post": [0, 0.005, 0],
							"lerp_mode": "catmullrom"
						},
						"6.2917": {
							"post": [0, 0, 0],
							"lerp_mode": "catmullrom"
						}
					}
				}
			}
		},
		"draw": {
			"animation_length": 1.125,
			"bones": {
				"bolt": {
					"position": [0, 0, 0]
				},
				"gun_body": {
					"rotation": {
						"0.0": {
							"post": [-36.39429, -28.31604, 5.05996],
							"lerp_mode": "catmullrom"
						},
						"0.2917": {
							"post": [-11.83102, -14.96568, 15.40346],
							"lerp_mode": "catmullrom"
						},
						"0.4583": {
							"post": [-0.12978, 0.95523, -1.9975],
							"lerp_mode": "catmullrom"
						},
						"0.5833": {
							"post": [0.06544, 0.02068, 0.99765],
							"lerp_mode": "catmullrom"
						},
						"0.6667": [0, 0, 0]
					},
					"position": {
						"0.0": {
							"post": [-0.05, -5.86, 1.61],
							"lerp_mode": "catmullrom"
						},
						"0.2917": {
							"post": [0.5, -0.75, 0],
							"lerp_mode": "catmullrom"
						},
						"0.4583": {
							"post": [0.1, 0, -0.2],
							"lerp_mode": "catmullrom"
						},
						"0.5833": {
							"post": [0, 0, 0],
							"lerp_mode": "catmullrom"
						},
						"0.6667": [0, 0, 0]
					}
				},
				"head": {
					"rotation": {
						"0.0": [0, 0, 0],
						"0.4583": [0.03314, -0.00502, -1.24955],
						"0.5833": [-0.01101, -0.00329, 0.99993],
						"0.7083": [-0.01378, -0.00408, 1.24992],
						"0.8333": [-0.00821, -0.00263, -0.25005],
						"0.9167": [0, 0, 0]
					},
					"position": {
						"0.0": [0, 0, 0],
						"0.25": [0, -0.75, 0],
						"0.4583": [0, -0.4, 0],
						"0.5833": [0, 0.25, 0],
						"0.7083": [0, -0.1, 0],
						"0.8333": [0, 0, 0],
						"0.9167": [0, 0, 0]
					}
				},
				"left_arm": {
					"rotation": {
						"0.0": [140.17567, -51.6326, -321.0655],
						"0.4583": [73.95054, -26.20116, -129.71317],
						"0.625": [73.95054, -26.20116, -129.71317]
					},
					"position": {
						"0.0": [21.5, -9.02963, -2.1441],
						"0.2083": [-1.95, -5.49, -2.72],
						"0.4583": [-2.7, -5.85, -2.85],
						"0.625": [-2.7, -5.85, -2.85]
					},
					"scale": 0
				},
				"right_arm": {
					"rotation": [90, 0, -180],
					"position": [6.15, -2.95, 5.75]
				}
			}
		},
		"inspect": {
			"animation_length": 4.625,
			"bones": {
				"shell": {
					"scale": 0
				},
				"gun_body": {
					"rotation": {
						"0.0": [0, 0, 0],
						"0.0833": {
							"pre": [-2.5, 0, -5],
							"post": [-2.5, 0, -5],
							"lerp_mode": "catmullrom"
						},
						"0.1667": {
							"post": [-7.47864, -0.32621, -12.49294],
							"lerp_mode": "catmullrom"
						},
						"0.25": {
							"post": [-19.87314, -1.2969, -19.9307],
							"lerp_mode": "catmullrom"
						},
						"0.3333": {
							"post": [-20.01114, -1.32137, -21.92263],
							"lerp_mode": "catmullrom"
						},
						"0.4167": {
							"post": [-20.05087, -0.29358, -19.10387],
							"lerp_mode": "catmullrom"
						},
						"0.5": {
							"post": [-20.13961, -0.34129, -21.10006],
							"lerp_mode": "catmullrom"
						},
						"0.6667": {
							"post": [-20.12016, -0.35702, -19.64359],
							"lerp_mode": "catmullrom"
						},
						"0.9167": {
							"post": [-20.18918, -0.31605, -21.09822],
							"lerp_mode": "catmullrom"
						},
						"1.125": {
							"post": [-20.12013, -0.30421, -20.10105],
							"lerp_mode": "catmullrom"
						},
						"1.375": {
							"post": [-19.62013, -0.30421, -20.10105],
							"lerp_mode": "catmullrom"
						},
						"1.5833": {
							"post": [-19.45564, 5.40033, -11.50732],
							"lerp_mode": "catmullrom"
						},
						"1.7083": {
							"post": [-19.18413, 8.74651, -4.95155],
							"lerp_mode": "catmullrom"
						},
						"1.8333": {
							"post": [-13.53441, 21.41526, 20.89118],
							"lerp_mode": "catmullrom"
						},
						"1.9583": {
							"post": [-13.15756, 22.64686, 23.72199],
							"lerp_mode": "catmullrom"
						},
						"2.0833": {
							"post": [-13.13595, 22.65322, 24.22988],
							"lerp_mode": "catmullrom"
						},
						"2.1667": {
							"post": [-13.53975, 22.42253, 23.17639],
							"lerp_mode": "catmullrom"
						},
						"2.5417": {
							"post": [-13.49666, 22.43546, 24.19195],
							"lerp_mode": "catmullrom"
						},
						"2.6667": {
							"post": [-12.59303, 21.91271, 26.53963],
							"lerp_mode": "catmullrom"
						},
						"2.75": {
							"post": [-11.31399, 21.55584, 29.92208],
							"lerp_mode": "catmullrom"
						},
						"2.8333": {
							"post": [-9.37669, 22.01837, 31.55077],
							"lerp_mode": "catmullrom"
						},
						"2.9583": {
							"post": [-8.63439, 23.31914, 33.52179],
							"lerp_mode": "catmullrom"
						},
						"3.0833": {
							"post": [-9.47944, 23.00426, 31.37356],
							"lerp_mode": "catmullrom"
						},
						"3.25": {
							"post": [-9.89625, 22.83598, 30.30332],
							"lerp_mode": "catmullrom"
						},
						"3.4583": {
							"post": [-6.34703, 23.24315, 32.98379],
							"lerp_mode": "catmullrom"
						},
						"3.7083": {
							"post": [-0.03224, 0.97326, 1.50032],
							"lerp_mode": "catmullrom"
						},
						"3.8333": {
							"post": [0, 0, 0],
							"lerp_mode": "catmullrom"
						},
						"3.9583": {
							"post": [-0.01558, -0.01399, -0.49956],
							"lerp_mode": "catmullrom"
						},
						"4.0833": {
							"post": [0, 0, 0],
							"lerp_mode": "catmullrom"
						}
					},
					"position": {
						"0.0": [0, -0.5, 0],
						"0.0833": {
							"pre": [0, -0.75, -0.25],
							"post": [0, -0.75, -0.25],
							"lerp_mode": "catmullrom"
						},
						"0.1667": {
							"post": [-0.25, 0, -0.75],
							"lerp_mode": "catmullrom"
						},
						"0.25": {
							"post": [-0.5, 2, -0.5],
							"lerp_mode": "catmullrom"
						},
						"0.3333": {
							"post": [-0.75, 1.5, -0.5],
							"lerp_mode": "catmullrom"
						},
						"0.5": {
							"post": [-0.75, 1.2, -0.5],
							"lerp_mode": "catmullrom"
						},
						"0.6667": {
							"post": [-0.775, 1.4, -0.5],
							"lerp_mode": "catmullrom"
						},
						"0.9167": {
							"post": [-0.895, 1.3, -0.5],
							"lerp_mode": "catmullrom"
						},
						"1.25": {
							"post": [-0.99, 1.175, -0.5],
							"lerp_mode": "catmullrom"
						},
						"1.5833": {
							"post": [-0.59, 1.18, -0.5],
							"lerp_mode": "catmullrom"
						},
						"1.7083": {
							"post": [0.16, -0.07, -0.5],
							"lerp_mode": "catmullrom"
						},
						"1.8333": {
							"post": [0.91, -0.57, -0.5],
							"lerp_mode": "catmullrom"
						},
						"1.9583": {
							"post": [1.16, -0.32, -0.5],
							"lerp_mode": "catmullrom"
						},
						"2.0833": {
							"post": [1.06, -0.32, -0.7],
							"lerp_mode": "catmullrom"
						},
						"2.2083": {
							"post": [1.06, -0.32, -0.66],
							"lerp_mode": "catmullrom"
						},
						"2.5417": {
							"post": [1.085, -0.32, -0.7],
							"lerp_mode": "catmullrom"
						},
						"2.6667": {
							"post": [0.99, -0.22, -0.7],
							"lerp_mode": "catmullrom"
						},
						"2.8333": {
							"post": [0.99, -0.02, -0.7],
							"lerp_mode": "catmullrom"
						},
						"3.0833": {
							"post": [1.09, -0.12, -0.8],
							"lerp_mode": "catmullrom"
						},
						"3.4583": {
							"post": [0.79, -0.72, -1.3],
							"lerp_mode": "catmullrom"
						},
						"3.5833": {
							"post": [0.38, -1.15, -0.68],
							"lerp_mode": "catmullrom"
						},
						"3.7083": {
							"post": [-0.1, -0.4, 0],
							"lerp_mode": "catmullrom"
						},
						"3.8333": {
							"post": [0, -0.6, 0.1],
							"lerp_mode": "catmullrom"
						},
						"3.9583": {
							"post": [0, -0.5, 0],
							"lerp_mode": "catmullrom"
						},
						"4.0833": {
							"post": [0, -0.5, 0],
							"lerp_mode": "catmullrom"
						}
					}
				},
				"main": {
					"rotation": [0, 0, 0],
					"position": [0, 0, 0]
				},
				"head": {
					"rotation": {
						"0.0": [0, 0, 0],
						"0.3333": [0, 0, 0],
						"0.4583": [-1, 0, 0],
						"0.5417": [1.9826, -0.7017, 1.8729],
						"0.7083": [0, 0, 0],
						"1.5": [0, 0, 0],
						"1.7083": [0, 0, -2.5],
						"1.9167": [0, 0, 2.5],
						"2.0417": [0, 0, 0.5],
						"2.1667": [0, 0, 0],
						"2.75": [0, 0, 0],
						"2.8333": [-0.37969, -0.16117, -1.5885],
						"3.0417": [-0.37827, -0.16448, -2.08849],
						"3.2083": [0.39775, 0.15915, -0.90303],
						"3.375": [0, 0, 0],
						"3.5417": [0, 0, 0],
						"3.625": [0, 0, 2.5],
						"3.75": [0.0096, 0.00357, -0.99995],
						"3.9167": [-0.01092, -0.00341, 0.99993],
						"4.125": [0, 0, 0]
					},
					"position": {
						"0.0": [0, 0, 0],
						"0.2083": [0, 0, 0],
						"0.2917": [0, 0.5, 0],
						"0.4583": [0, 0, 0],
						"0.5417": [0, 0, 0],
						"0.7083": [0, 0, 0],
						"1.5": [0, 0, 0],
						"1.7083": [0, 0, 0],
						"1.9167": [0, -0.1, 0],
						"2.0417": [0, 0, 0],
						"2.1667": [0, 0, 0],
						"2.75": [0, 0, 0],
						"3.2083": [0, 0, 0],
						"3.375": [0, 0, 0],
						"3.5417": [0, 0, 0],
						"3.625": [0, -0.1, 0],
						"3.75": [0, 0.1, 0],
						"3.9167": [0, 0, 0],
						"4.125": [0, 0, 0]
					}
				},
				"left_arm": {
					"rotation": [73.95054, -26.20116, -129.71317],
					"position": [-3.5, -4.7, -2.85],
					"scale": 0
				},
				"right_arm": {
					"rotation": [90, 0, -180],
					"position": [6.15, -2.95, 5.75]
				}
			}
		}
	}
}