{
	"format_version": "1.8.0",
	"animations": {
		"shoot": {
			"loop": true,
			"animation_length": 1.4167,
			"bones": {
				"right_arm": {
					"rotation": [90, 0, -180],
					"position": [5.65, -1.8, 4.5]
				},
				"left_arm": {
					"rotation": [73.95054, -26.20116, -129.71317],
					"position": [-3.5, -4.7, -2.85],
					"scale": 0
				},
				"gun_body": {
					"rotation": {
						"0.0": [-33.22614, 0.73511, 4.69557],
						"0.0417": [-10.66252, 1.19293, -8.35078],
						"0.0833": [-19.89919, 2.10604, -1.33629],
						"0.125": [-17.51117, 0.1285, -5.95678],
						"0.2083": [-14.99018, 0.8804, -3.57242],
						"0.2917": [-12.9193, 0.90646, -1.57274],
						"0.5": [2, 0, 4],
						"0.625": [-0.07155, -0.0241, -1.99856],
						"0.75": [-0.02704, -0.00839, 0.00054],
						"0.875": [0, 0, 0]
					},
					"position": {
						"0.0": [-0.04568, -0.17869, 1.36907],
						"0.0417": [-0.55, 0.07, 2.37],
						"0.0833": [-0.75, -0.13, 2.57],
						"0.125": [-0.85, -0.43, 2.77],
						"0.2083": [-0.85, -0.23, 2.37],
						"0.2917": [-0.85, -0.53, 2.37],
						"0.5": [0, -1.1, 0.5],
						"0.625": [0, -0.5, -0.1],
						"0.75": [0, 0, 0.1],
						"0.875": [0, 0, 0]
					}
				},
				"bolt": {
					"position": {
						"0.0": [0, 0, 2.6],
						"0.125": [0, 0, 0],
						"0.375": [0, 0, 0]
					}
				},
				"shell": {
					"scale": 0
				}
			}
		},
		"aim_shoot": {
			"loop": true,
			"animation_length": 0.875,
			"bones": {
				"right_arm": {
					"rotation": [90, 0, -180],
					"position": [5.65, -1.8, 4.5]
				},
				"left_arm": {
					"rotation": [73.95054, -26.20116, -129.71317],
					"position": [-3.5, -4.7, -2.85],
					"scale": 0
				},
				"gun_body": {
					"rotation": {
						"0.0": [-33.22614, 0.73511, 4.69557],
						"0.0417": [-10.66252, 1.19293, -8.35078],
						"0.0833": [-19.89919, 2.10604, -1.33629],
						"0.125": [-17.51117, 0.1285, -5.95678],
						"0.2083": [-14.99018, 0.8804, -3.57242],
						"0.2917": [-12.9193, 0.90646, -1.57274],
						"0.5": [2, 0, 4],
						"0.625": [-0.07155, -0.0241, -1.99856],
						"0.75": [-0.02704, -0.00839, 0.00054],
						"0.875": [0, 0, 0]
					},
					"position": {
						"0.0": [-0.04568, -0.17869, 1.36907],
						"0.0417": [-0.55, 0.07, 2.37],
						"0.0833": [-0.75, -0.13, 2.57],
						"0.125": [-0.85, -0.43, 2.77],
						"0.2083": [-0.85, -0.23, 2.37],
						"0.2917": [-0.85, -0.53, 2.37],
						"0.5": [0, -1.1, 0.5],
						"0.625": [0, -0.5, -0.1],
						"0.75": [0, 0, 0.1],
						"0.875": [0, 0, 0]
					}
				},
				"bolt": {
					"position": {
						"0.0": [0, 0, 2.6],
						"0.125": [0, 0, 0],
						"0.375": [0, 0, 0]
					}
				},
				"shell": {
					"scale": 0
				}
			}
		},
		"draw": {
			"loop": "hold_on_last_frame",
			"animation_length": 1.0417,
			"bones": {
				"right_arm": {
					"rotation": [90, 0, -180],
					"position": [5.65, -1.8, 4.5]
				},
				"left_arm": {
					"rotation": {
						"0.0": {
							"post": [92.914, 33.73936, -126.90066],
							"lerp_mode": "catmullrom"
						}
					},
					"position": {
						"0.0": {
							"post": [5.18877, -6.72947, 1.94337],
							"lerp_mode": "catmullrom"
						}
					},
					"scale": {
						"0.0": [0, 0, 0],
						"0.2917": [0, 0, 0]
					}
				},
				"gun_body": {
					"rotation": {
						"0.0": {
							"post": [2.86554, 3.47231, 15.51542],
							"lerp_mode": "catmullrom"
						},
						"0.0833": {
							"post": [5.36554, 3.47231, 15.51542],
							"lerp_mode": "catmullrom"
						},
						"0.2083": {
							"post": [-2.13446, 3.47231, 15.51542],
							"lerp_mode": "catmullrom"
						},
						"0.2917": [-14.78217, -2.57594, -9.6658],
						"0.375": [-29.78217, -2.57594, -9.6658],
						"0.4583": [-4.98107, -0.43523, -4.98107],
						"0.5417": [-1.97649, -0.88992, 1.70885],
						"0.625": [0, 0, -2],
						"0.7083": [0, 0, 0]
					},
					"position": {
						"0.0": {
							"post": [0.02, -3.38, 0.18],
							"lerp_mode": "catmullrom"
						},
						"0.0833": {
							"post": [0.02, -3.88, -0.82],
							"lerp_mode": "catmullrom"
						},
						"0.2083": {
							"post": [0.02, -3.13, -1.57],
							"lerp_mode": "catmullrom"
						},
						"0.2917": [0, -1.5, -1],
						"0.375": [0, 0.5, -1.5],
						"0.4583": [0, -0.5, -0.5],
						"0.5417": [0, -0.85, 0.1],
						"0.625": [0, 0, 0.2],
						"0.7083": [0, 0, 0]
					}
				},
				"shell": {
					"scale": {
						"0.0": [0, 0, 0],
						"0.2917": [0, 0, 0]
					}
				},
				"barrel": {
					"rotation": {
						"0.0": {
							"post": [72.5, 0, 0],
							"lerp_mode": "catmullrom"
						},
						"0.25": {
							"post": [72.5, 0, 0],
							"lerp_mode": "catmullrom"
						},
						"0.3333": {
							"post": [45, 0, 0],
							"lerp_mode": "catmullrom"
						},
						"0.4167": {
							"post": [0, 0, 0],
							"lerp_mode": "catmullrom"
						}
					}
				}
			},
			"sound_effects": {
				"0.375": {
					"effect": "reload_mag_out"
				}
			}
		},
		"reload": {
			"animation_length": 2.5417,
			"bones": {
				"gun_body": {
					"rotation": {
						"0.0": [0, 0, 0],
						"0.0833": {
							"pre": [0, 0, -3],
							"post": [0, 0, -3],
							"lerp_mode": "catmullrom"
						},
						"0.2083": {
							"post": [3, 0, 2],
							"lerp_mode": "catmullrom"
						},
						"0.2917": {
							"post": [3.5715, -1.97849, 1.89519],
							"lerp_mode": "catmullrom"
						},
						"0.375": {
							"post": [4.00077, -4.20371, 5.78531],
							"lerp_mode": "catmullrom"
						},
						"0.5": {
							"post": [-21.57087, -8.49579, 9.75866],
							"lerp_mode": "catmullrom"
						},
						"0.5833": {
							"post": [-17.30444, -26.04276, -19.68328],
							"lerp_mode": "catmullrom"
						},
						"0.6667": {
							"post": [-23.69624, -28.5569, -27.59008],
							"lerp_mode": "catmullrom"
						},
						"0.75": {
							"post": [-24.2084, -25.87533, -25.47038],
							"lerp_mode": "catmullrom"
						},
						"0.9583": {
							"post": [-19.91234, -19.7155, -19.04803],
							"lerp_mode": "catmullrom"
						},
						"1.125": {
							"post": [-23.35016, -21.84744, 1.93953],
							"lerp_mode": "catmullrom"
						},
						"1.2917": {
							"post": [-22.96682, -27.68189, 8.07469],
							"lerp_mode": "catmullrom"
						},
						"1.4167": {
							"post": [-22.31956, -23.19841, 19.43147],
							"lerp_mode": "catmullrom"
						},
						"1.5": {
							"post": [-20.69146, -21.98332, 21.13998],
							"lerp_mode": "catmullrom"
						},
						"1.5833": {
							"post": [-8.25289, -22.72504, 8.88827],
							"lerp_mode": "catmullrom"
						},
						"1.7083": {
							"post": [5.93766, -24.48823, -15.48538],
							"lerp_mode": "catmullrom"
						},
						"1.875": {
							"post": [-24.7127, -24.45284, -28.72416],
							"lerp_mode": "catmullrom"
						},
						"1.9167": {
							"post": [-25.53052, -26.45774, -33.79781],
							"lerp_mode": "catmullrom"
						},
						"2.0417": {
							"post": [-25.92934, -25.99378, -31.81471],
							"lerp_mode": "catmullrom"
						},
						"2.1667": {
							"post": [-9.85317, -8.39575, 3.31068],
							"lerp_mode": "catmullrom"
						},
						"2.2917": [0, -1, 2],
						"2.375": [-0.08258, -0.02857, -0.99615],
						"2.4583": [0, 0, 0]
					},
					"position": {
						"0.0": [0, 0, 0],
						"0.0833": {
							"pre": [-0.2, -0.6, 0],
							"post": [-0.2, -0.6, 0],
							"lerp_mode": "catmullrom"
						},
						"0.2083": {
							"post": [-0.1, -1.4, 0],
							"lerp_mode": "catmullrom"
						},
						"0.2917": {
							"post": [-0.1, -1.9, -0.3],
							"lerp_mode": "catmullrom"
						},
						"0.375": {
							"post": [-0.1, -2.65, 0.25],
							"lerp_mode": "catmullrom"
						},
						"0.5": {
							"post": [0.68, -3.54, -1.98],
							"lerp_mode": "catmullrom"
						},
						"0.5833": {
							"post": [0.15, -1.89, 0.14],
							"lerp_mode": "catmullrom"
						},
						"0.6667": {
							"post": [-0.85, -1.39, 0.64],
							"lerp_mode": "catmullrom"
						},
						"0.75": {
							"post": [-0.65, -1.99, 0.64],
							"lerp_mode": "catmullrom"
						},
						"0.8333": {
							"post": [-0.4, -2.75, 0.91],
							"lerp_mode": "catmullrom"
						},
						"0.9583": {
							"post": [0.2, -3.64, 0.64],
							"lerp_mode": "catmullrom"
						},
						"1.125": {
							"post": [1.95, -3.14, 0.14],
							"lerp_mode": "catmullrom"
						},
						"1.2917": {
							"post": [2.7, -2.64, 0.14],
							"lerp_mode": "catmullrom"
						},
						"1.4167": {
							"post": [2.6, -2.94, -0.96],
							"lerp_mode": "catmullrom"
						},
						"1.5": {
							"post": [2.3, -2.94, -0.64],
							"lerp_mode": "catmullrom"
						},
						"1.5833": {
							"post": [2, -4.14, -1.26],
							"lerp_mode": "catmullrom"
						},
						"1.7083": {
							"post": [1.7, -5.34, -2.16],
							"lerp_mode": "catmullrom"
						},
						"1.875": {
							"post": [-0.7, -2.64, -3.16],
							"lerp_mode": "catmullrom"
						},
						"1.9167": {
							"post": [-0.4, -2.54, -3.16],
							"lerp_mode": "catmullrom"
						},
						"2.0417": {
							"post": [-1.35, -4.34, -3.16],
							"lerp_mode": "catmullrom"
						},
						"2.1667": {
							"post": [-1.86, -4.89, -1.86],
							"lerp_mode": "catmullrom"
						},
						"2.2917": [-0.4, -0.2, 0],
						"2.375": [0, 0, 0],
						"2.4583": [0, 0, 0]
					}
				},
				"barrel": {
					"rotation": {
						"0.2083": {
							"pre": [0, 0, 0],
							"post": [0, 0, 0],
							"lerp_mode": "catmullrom"
						},
						"0.375": {
							"post": [72.5, 0, 0],
							"lerp_mode": "catmullrom"
						},
						"0.5833": {
							"post": [92.5, 0, 0],
							"lerp_mode": "catmullrom"
						},
						"1.7917": {
							"post": [92.5, 0, 0],
							"lerp_mode": "catmullrom"
						},
						"1.8333": {
							"post": [47.5, 0, 0],
							"lerp_mode": "catmullrom"
						},
						"1.9167": {
							"post": [0, 0, 0],
							"lerp_mode": "catmullrom"
						}
					}
				},
				"shell": {
					"rotation": [0, 0, 0],
					"position": [0, 0, 0],
					"scale": 0
				},
				"left_arm": {
					"rotation": {
						"0.0": {
							"post": [92.914, 33.73936, -126.90066],
							"lerp_mode": "catmullrom"
						},
						"0.875": {
							"post": [92.914, 33.73936, -126.90066],
							"lerp_mode": "catmullrom"
						},
						"1.2083": {
							"post": [73.95054, -26.20116, -129.71317],
							"lerp_mode": "catmullrom"
						},
						"1.3333": {
							"post": [73.80521, -23.00271, -132.217],
							"lerp_mode": "catmullrom"
						},
						"1.4167": [81.80279, -26.73648, -151.08226],
						"1.5417": [81.80279, -26.73648, -151.08226],
						"1.9167": {
							"pre": [71.41876, 38.87893, -148.86705],
							"post": [71.41876, 38.87893, -148.86705],
							"lerp_mode": "catmullrom"
						},
						"1.9583": {
							"post": [71.42, 38.88, -148.87],
							"lerp_mode": "catmullrom"
						}
					},
					"position": {
						"0.0": {
							"post": [5.18877, -6.72947, 1.94337],
							"lerp_mode": "catmullrom"
						},
						"0.875": {
							"post": [5.18877, -6.72947, 1.94337],
							"lerp_mode": "catmullrom"
						},
						"1.2083": {
							"post": [-2.99184, -1.05194, -1.88385],
							"lerp_mode": "catmullrom"
						},
						"1.3333": {
							"post": [-3.40655, -2.02811, -2.19818],
							"lerp_mode": "catmullrom"
						},
						"1.4167": [-2.40655, -3.02811, -2.19818],
						"1.5417": [-2.40655, -3.02811, -2.19818],
						"1.75": {
							"pre": [1.22, -5.77, 0.31],
							"post": [1.22, -5.77, 0.31],
							"lerp_mode": "catmullrom"
						},
						"1.9167": {
							"post": [3.78571, -10.886, 4.62571],
							"lerp_mode": "catmullrom"
						},
						"1.9583": {
							"post": [3.79, -10.89, 4.63],
							"lerp_mode": "catmullrom"
						}
					},
					"scale": {
						"0.0": [0, 0, 0],
						"0.7917": [0, 0, 0],
						"0.9583": [1, 1, 1],
						"1.9167": [1, 1, 1],
						"1.9583": [0, 0, 0]
					}
				},
				"right_arm": {
					"rotation": {
						"0.0": [90, 0, -180],
						"0.125": [97.5, 0, -180],
						"0.2083": [103.5, 0, -180],
						"0.2917": [102.48138, 0.27633, -176.86662],
						"0.375": [101.46459, 0.70833, -178.81948],
						"0.5417": [90, 0, -179],
						"0.6667": [90, 0, -180]
					},
					"position": {
						"0.0": [5.65, -1.8, 4.5],
						"0.125": [5.65, -2.3, 4.75],
						"0.2083": [5.65, -2, 5.05],
						"0.5417": [5.65, -1.7, 4.5],
						"0.6667": [5.65, -1.8, 4.5]
					}
				},
				"extended_barrel": {
					"rotation": [0, 0, 0]
				}
			},
			"sound_effects": {
				"0.2083": {
					"effect": "reload_mag_out"
				},
				"1.3333": {
					"effect": "reload_mag_in"
				},
				"1.7917": {
					"effect": "bolt"
				}
			},
			"particle_effects": {
				"0.6667": {
					"effect": "eject_casing"
				},
				"2.0833": {
					"effect": "loaded"
				}
			}
		},
		"inspect": {
			"animation_length": 4.625,
			"bones": {
				"right_arm": {
					"rotation": [90, 0, -180],
					"position": [5.65, -1.8, 4.5]
				},
				"left_arm": {
					"rotation": [73.95054, -26.20116, -129.71317],
					"position": [-3.5, -4.7, -2.85],
					"scale": 0
				},
				"gun_body": {
					"rotation": {
						"0.0": {
							"post": [0, 0, 0],
							"lerp_mode": "catmullrom"
						},
						"0.0833": {
							"post": [-2.5, 0, -5],
							"lerp_mode": "catmullrom"
						},
						"0.1667": {
							"post": [-7.47864, -0.32621, -12.49294],
							"lerp_mode": "catmullrom"
						},
						"0.25": {
							"post": [-19.87314, -1.2969, -19.9307],
							"lerp_mode": "catmullrom"
						},
						"0.3333": {
							"post": [-20.01114, -1.32137, -21.92263],
							"lerp_mode": "catmullrom"
						},
						"0.4167": {
							"post": [-20.05087, -0.29358, -19.10387],
							"lerp_mode": "catmullrom"
						},
						"0.5": {
							"post": [-20.13961, -0.34129, -21.10006],
							"lerp_mode": "catmullrom"
						},
						"0.6667": {
							"post": [-20.12016, -0.35702, -19.64359],
							"lerp_mode": "catmullrom"
						},
						"0.9167": {
							"post": [-20.18918, -0.31605, -21.09822],
							"lerp_mode": "catmullrom"
						},
						"1.125": {
							"post": [-20.12013, -0.30421, -20.10105],
							"lerp_mode": "catmullrom"
						},
						"1.375": {
							"post": [-19.62013, -0.30421, -20.10105],
							"lerp_mode": "catmullrom"
						},
						"1.5833": {
							"post": [-19.45564, 5.40033, -11.50732],
							"lerp_mode": "catmullrom"
						},
						"1.7083": {
							"post": [-19.18413, 8.74651, -4.95155],
							"lerp_mode": "catmullrom"
						},
						"1.8333": {
							"post": [-13.53441, 21.41526, 20.89118],
							"lerp_mode": "catmullrom"
						},
						"1.9583": {
							"post": [-13.15756, 22.64686, 23.72199],
							"lerp_mode": "catmullrom"
						},
						"2.0833": {
							"post": [-13.13595, 22.65322, 24.22988],
							"lerp_mode": "catmullrom"
						},
						"2.1667": {
							"post": [-13.53975, 22.42253, 23.17639],
							"lerp_mode": "catmullrom"
						},
						"2.5417": {
							"post": [-13.49666, 22.43546, 24.19195],
							"lerp_mode": "catmullrom"
						},
						"2.6667": {
							"post": [-12.59303, 21.91271, 26.53963],
							"lerp_mode": "catmullrom"
						},
						"2.75": {
							"post": [-11.31399, 21.55584, 29.92208],
							"lerp_mode": "catmullrom"
						},
						"2.8333": {
							"post": [-9.37669, 22.01837, 31.55077],
							"lerp_mode": "catmullrom"
						},
						"2.9583": {
							"post": [-8.63439, 23.31914, 33.52179],
							"lerp_mode": "catmullrom"
						},
						"3.0833": {
							"post": [-9.47944, 23.00426, 31.37356],
							"lerp_mode": "catmullrom"
						},
						"3.25": {
							"post": [-9.89625, 22.83598, 30.30332],
							"lerp_mode": "catmullrom"
						},
						"3.4583": {
							"post": [-6.34703, 23.24315, 32.98379],
							"lerp_mode": "catmullrom"
						},
						"3.7083": {
							"post": [-0.03224, 0.97326, 1.50032],
							"lerp_mode": "catmullrom"
						},
						"3.8333": {
							"post": [0, 0, 0],
							"lerp_mode": "catmullrom"
						},
						"3.9583": {
							"post": [-0.01558, -0.01399, -0.49956],
							"lerp_mode": "catmullrom"
						},
						"4.0833": {
							"post": [0, 0, 0],
							"lerp_mode": "catmullrom"
						}
					},
					"position": {
						"0.0": {
							"post": [0, -0.5, 0],
							"lerp_mode": "catmullrom"
						},
						"0.0833": {
							"post": [0, -0.75, -0.25],
							"lerp_mode": "catmullrom"
						},
						"0.1667": {
							"post": [-0.25, 0, -0.75],
							"lerp_mode": "catmullrom"
						},
						"0.25": {
							"post": [-0.5, 2, -0.5],
							"lerp_mode": "catmullrom"
						},
						"0.3333": {
							"post": [-0.75, 1.5, -0.5],
							"lerp_mode": "catmullrom"
						},
						"0.5": {
							"post": [-0.75, 1.2, -0.5],
							"lerp_mode": "catmullrom"
						},
						"0.6667": {
							"post": [-0.775, 1.4, -0.5],
							"lerp_mode": "catmullrom"
						},
						"0.9167": {
							"post": [-0.895, 1.3, -0.5],
							"lerp_mode": "catmullrom"
						},
						"1.25": {
							"post": [-0.99, 1.175, -0.5],
							"lerp_mode": "catmullrom"
						},
						"1.5833": {
							"post": [-0.59, 1.18, -0.5],
							"lerp_mode": "catmullrom"
						},
						"1.7083": {
							"post": [0.16, -0.07, -0.5],
							"lerp_mode": "catmullrom"
						},
						"1.8333": {
							"post": [0.91, -0.57, -0.5],
							"lerp_mode": "catmullrom"
						},
						"1.9583": {
							"post": [1.16, -0.32, -0.5],
							"lerp_mode": "catmullrom"
						},
						"2.0833": {
							"post": [1.06, -0.32, -0.7],
							"lerp_mode": "catmullrom"
						},
						"2.2083": {
							"post": [1.06, -0.32, -0.66],
							"lerp_mode": "catmullrom"
						},
						"2.5417": {
							"post": [1.085, -0.32, -0.7],
							"lerp_mode": "catmullrom"
						},
						"2.6667": {
							"post": [0.99, -0.22, -0.7],
							"lerp_mode": "catmullrom"
						},
						"2.8333": {
							"post": [0.99, -0.02, -0.7],
							"lerp_mode": "catmullrom"
						},
						"3.0833": {
							"post": [1.09, -0.12, -0.8],
							"lerp_mode": "catmullrom"
						},
						"3.4583": {
							"post": [0.79, -0.72, -1.3],
							"lerp_mode": "catmullrom"
						},
						"3.5833": {
							"post": [0.38, -1.15, -0.68],
							"lerp_mode": "catmullrom"
						},
						"3.7083": {
							"post": [-0.1, -0.4, 0],
							"lerp_mode": "catmullrom"
						},
						"3.8333": {
							"post": [0, -0.6, 0.1],
							"lerp_mode": "catmullrom"
						},
						"3.9583": {
							"post": [0, -0.5, 0],
							"lerp_mode": "catmullrom"
						},
						"4.0833": {
							"post": [0, -0.5, 0],
							"lerp_mode": "catmullrom"
						}
					}
				},
				"shell": {
					"scale": 0
				}
			}
		},
		"idle": {
			"loop": true,
			"bones": {
				"right_arm": {
					"rotation": [90, 0, -180],
					"position": [5.65, -1.8, 4.5]
				},
				"left_arm": {
					"scale": 0
				},
				"gun_body": {
					"rotation": [0, 0, 0],
					"position": [0, 0, 0]
				},
				"shell": {
					"scale": 0
				}
			}
		}
	}
}