{
	"format_version": "1.8.0",
	"animations": {
		"reload": {
			"animation_length": 2.625,
			"bones": {
				"right_arm": {
					"rotation": [90, 0, -180],
					"position": [5.65, -2.2, 5.75]
				},
				"left_arm": {
					"rotation": {
						"0.0417": [73.95054, -26.20116, -129.71317],
						"0.1667": [65.98894, -19.27214, -109.33579],
						"0.4167": [114.43276, -18.72106, -217.55939],
						"0.7083": [114.43276, -18.72106, -217.55939],
						"1.0417": [114.16833, -16.89823, -216.69495],
						"1.1667": [114.16833, -16.89823, -216.69495],
						"1.25": [113.12436, -4.06291, -210.99627],
						"1.4167": [120.62436, -4.06291, -210.99627],
						"1.5": [118.12436, -4.06291, -210.99627],
						"1.625": [118.38511, 0.68037, -219.80612],
						"1.7083": [118.24155, 3.053, -224.20998],
						"1.8333": [121.24111, 52.96271, -245.23702],
						"1.9167": [124.48488, 51.3339, -241.12997],
						"2.0": [88.125, 58.98467, -284.65651],
						"2.125": [88.125, 58.98467, -284.65651],
						"2.3333": [73.95054, -26.20116, -129.71317]
					},
					"position": {
						"0.0417": [-3.2, -5.85, -2.85],
						"0.0833": [-3.2, -5.85, -3.35],
						"0.1667": [-3.2, -5.85, -3.35],
						"0.25": [-1.2, -6.85, -3.35],
						"0.4167": [5.8, -6.85, 16.65],
						"0.7083": [5.8, -6.85, 16.65],
						"0.875": [2.8, -3.85, 3.65],
						"1.0417": [0.05, -3.6, 1.95],
						"1.1667": [-0.2, -3.6, 1.7],
						"1.25": [-1.45, -4.6, 1.7],
						"1.4167": [-1.45, -5.35, 1.7],
						"1.5": [-1.45, -7.1, 3.7],
						"1.625": [-1.45, -8.35, -1.8],
						"1.7083": [-1.45, -5.6, -2.3],
						"1.8333": [-3.2, -6.35, -4.55],
						"1.9167": [-3.2, -6.6, -4.55],
						"2.0": [-3.2, -6.35, -4.05],
						"2.125": [-3.2, -6.35, -4.05],
						"2.2083": [-3.2, -10.6, -4.05],
						"2.3333": [-3.2, -5.85, -2.85]
					}
				},
				"gun_body": {
					"rotation": {
						"0.0": {
							"post": [0, 0, 0],
							"lerp_mode": "catmullrom"
						},
						"0.0833": {
							"post": [0, 0, 3],
							"lerp_mode": "catmullrom"
						},
						"0.1667": {
							"post": [-2, 0, 4],
							"lerp_mode": "catmullrom"
						},
						"0.2917": {
							"post": [-4.99859, 2.13189, 7.82334],
							"lerp_mode": "catmullrom"
						},
						"0.4167": {
							"post": [-4.92139, 2.30482, 9.81735],
							"lerp_mode": "catmullrom"
						},
						"0.6667": {
							"post": [-4.79141, 1.56243, 12.89287],
							"lerp_mode": "catmullrom"
						},
						"0.9167": {
							"post": [-4.81674, 1.04729, 11.82779],
							"lerp_mode": "catmullrom"
						},
						"1.0833": {
							"post": [-4.84564, 2.39089, 10.81478],
							"lerp_mode": "catmullrom"
						},
						"1.1667": {
							"post": [-4.66441, 1.72603, 14.88638],
							"lerp_mode": "catmullrom"
						},
						"1.3333": {
							"post": [-4.67044, 1.71213, 13.88631],
							"lerp_mode": "catmullrom"
						},
						"1.5417": {
							"post": [-4.65162, 1.75351, 16.88654],
							"lerp_mode": "catmullrom"
						},
						"1.6667": {
							"post": [-3.7367, -1.48182, 14.1431],
							"lerp_mode": "catmullrom"
						},
						"1.8333": {
							"post": [-3.32553, 0.24075, 1.51519],
							"lerp_mode": "catmullrom"
						},
						"1.9167": {
							"post": [-0.00515, -0.03753, -2.49971],
							"lerp_mode": "catmullrom"
						},
						"2.0": {
							"post": [-0.00351, -0.03772, -4.99971],
							"lerp_mode": "catmullrom"
						},
						"2.125": {
							"post": [-0.00482, -0.03757, -2.99971],
							"lerp_mode": "catmullrom"
						},
						"2.25": [0, 0, 4],
						"2.4167": [-0.01745, -0.00015, -0.99985],
						"2.5417": [0, 0, 0]
					},
					"position": {
						"0.0": {
							"post": [0, 0, 0],
							"lerp_mode": "catmullrom"
						},
						"0.0833": {
							"post": [0, 0, -0.25],
							"lerp_mode": "catmullrom"
						},
						"0.1667": {
							"post": [0, -0.25, 0],
							"lerp_mode": "catmullrom"
						},
						"0.2917": {
							"post": [-0.2, -0.35, 0],
							"lerp_mode": "catmullrom"
						},
						"0.4167": {
							"post": [-0.3, -0.15, 0],
							"lerp_mode": "catmullrom"
						},
						"1.0": {
							"post": [-0.5, -0.05, -0.2],
							"lerp_mode": "catmullrom"
						},
						"1.1667": {
							"post": [-0.5, -0.25, -0.25],
							"lerp_mode": "catmullrom"
						},
						"1.3333": {
							"post": [-0.6, -0.25, -0.7],
							"lerp_mode": "catmullrom"
						},
						"1.5417": {
							"post": [-0.6, -0.5, -0.45],
							"lerp_mode": "catmullrom"
						},
						"1.6667": {
							"post": [-0.7, -0.4, -0.25],
							"lerp_mode": "catmullrom"
						},
						"1.8333": {
							"post": [-0.7, -0.15, 0],
							"lerp_mode": "catmullrom"
						},
						"1.9167": {
							"post": [-0.5, -0.25, 0.2],
							"lerp_mode": "catmullrom"
						},
						"2.0": {
							"post": [-0.25, -0.25, 0.45],
							"lerp_mode": "catmullrom"
						},
						"2.125": {
							"post": [-0.25, -0.25, 0.2],
							"lerp_mode": "catmullrom"
						},
						"2.25": [0, 0.05, -0.05],
						"2.4167": [0, -0.1, 0],
						"2.5417": [0, 0, 0]
					}
				},
				"barrel": {
					"rotation": {
						"0.0": [0, 0, 0],
						"0.125": [0, 0, 0],
						"0.25": [0, 0, 55],
						"0.2917": [0, 0, 61.75],
						"0.3333": [0, 0, 55],
						"0.5417": [0, 0, 55],
						"0.75": [0, 0, 55],
						"1.7083": [0, 0, 55],
						"1.8333": [0, 0, -1.75],
						"1.9167": [0, 0, 0],
						"2.0833": [0, 0, 0]
					},
					"position": {
						"0.0417": [0, 0, 0],
						"0.0833": [0, 0.01472, -0.49978],
						"1.8333": [0, 0.01472, -0.49978],
						"1.9167": [0, 0.01472, -0.49978],
						"2.0": [0, 0, 0],
						"2.0833": [0, 0, 0]
					}
				}
			},
			"sound_effects": {
				"0.0": {
					"effect": "reload_mag_out"
				},
				"0.375": {
					"effect": "metal"
				},
				"1.1667": {
					"effect": "reload_mag_in"
				},
				"1.7917": {
					"effect": "metal"
				}
			},
			"particle_effects": {
				"0.25": {
					"effect": "eject_casing"
				},
				"2.125": {
					"effect": "loaded"
				}
			}
		},
		"shoot": {
			"loop": true,
			"animation_length": 1.3333,
			"bones": {
				"gun_body": {
					"rotation": {
						"0.0": {
							"post": [-34.51828, -2.68394, -10.63855],
							"lerp_mode": "catmullrom"
						},
						"0.0833": {
							"post": [-31.29114, -0.95237, 2.42266],
							"lerp_mode": "catmullrom"
						},
						"0.1667": {
							"post": [-19.68522, -1.97763, 2.19032],
							"lerp_mode": "catmullrom"
						},
						"0.2917": {
							"post": [-14.06176, -0.28574, 6.5823],
							"lerp_mode": "catmullrom"
						},
						"0.4167": {
							"post": [-9.25664, -2.73305, 13.00437],
							"lerp_mode": "catmullrom"
						},
						"0.5417": [-0.15703, -1.99589, 10.00137],
						"0.7083": [0, -1.25, 1],
						"0.7917": [0.00627, -0.04045, -1.24933],
						"0.875": [0, 0, 0]
					},
					"position": {
						"0.0": {
							"post": [-0.25, 1, 2.675],
							"lerp_mode": "catmullrom"
						},
						"0.0833": {
							"post": [-0.55, 0.8, 2.28],
							"lerp_mode": "catmullrom"
						},
						"0.1667": {
							"post": [-0.75, 0.2, 1.98],
							"lerp_mode": "catmullrom"
						},
						"0.2917": {
							"post": [-0.75, -0.1, 1.78],
							"lerp_mode": "catmullrom"
						},
						"0.4167": {
							"post": [-0.95, -1.1, 1.58],
							"lerp_mode": "catmullrom"
						},
						"0.5417": [0, -0.1, 2],
						"0.7083": [-0.025, 0, -0.2],
						"0.7917": [0, 0, 0],
						"0.875": [0, 0, 0]
					}
				},
				"bolt": {
					"position": {
						"0.0": {
							"post": [0, 0, 2.25],
							"lerp_mode": "catmullrom"
						},
						"0.125": {
							"post": [0, 0, 0],
							"lerp_mode": "catmullrom"
						},
						"0.4167": {
							"post": [0, 0, 0],
							"lerp_mode": "catmullrom"
						},
						"0.4583": {
							"post": [0, 0, 0],
							"lerp_mode": "catmullrom"
						}
					}
				},
				"hammer": {
					"rotation": {
						"0.0": {
							"post": [77.5, 0, 0],
							"lerp_mode": "catmullrom"
						},
						"0.25": {
							"post": [77.5, 0, 0],
							"lerp_mode": "catmullrom"
						},
						"0.3333": {
							"post": [-5.62, 0, 0],
							"lerp_mode": "catmullrom"
						},
						"0.4583": {
							"post": [-5.62, 0, 0],
							"lerp_mode": "catmullrom"
						},
						"0.5833": {
							"post": [0, 0, 0],
							"lerp_mode": "catmullrom"
						},
						"0.6667": {
							"post": [0, 0, 0],
							"lerp_mode": "catmullrom"
						}
					}
				},
				"flash": {
					"rotation": {
						"0.0": {
							"post": [0, 90, 45],
							"lerp_mode": "catmullrom"
						},
						"0.4583": {
							"post": [0, 90, 45],
							"lerp_mode": "catmullrom"
						}
					},
					"position": {
						"0.0": {
							"post": [-1, 1.30781, 0.14391],
							"lerp_mode": "catmullrom"
						},
						"0.4583": {
							"post": [-1, 1.31, 0.14],
							"lerp_mode": "catmullrom"
						}
					},
					"scale": {
						"0.0": {
							"post": [1, 1, 1],
							"lerp_mode": "catmullrom"
						},
						"0.0417": {
							"post": [1.2, 1.2, 1.2],
							"lerp_mode": "catmullrom"
						},
						"0.125": {
							"post": [0, 0, 0],
							"lerp_mode": "catmullrom"
						},
						"0.4583": {
							"post": [0, 0, 0],
							"lerp_mode": "catmullrom"
						}
					}
				},
				"left_arm": {
					"rotation": {
						"0.0": [73.95054, -26.20116, -129.71317],
						"0.1667": [73.95054, -26.20116, -129.71317]
					},
					"position": {
						"0.0": [-3.2, -5.85, -2.85],
						"0.1667": {
							"pre": [-3.2, -5.85, -2.85],
							"post": [-3.2, -5.85, -2.85],
							"lerp_mode": "catmullrom"
						}
					}
				},
				"right_arm": {
					"rotation": {
						"0.0": {
							"post": [90, 0, -180],
							"lerp_mode": "catmullrom"
						},
						"0.125": {
							"post": [90, 0, -180],
							"lerp_mode": "catmullrom"
						},
						"0.1667": {
							"post": [96.5, -15, -180],
							"lerp_mode": "catmullrom"
						},
						"0.25": {
							"post": [104.50547, -1.14013, -178.06397],
							"lerp_mode": "catmullrom"
						},
						"0.2917": {
							"post": [106.75547, -1.14013, -178.06397],
							"lerp_mode": "catmullrom"
						},
						"0.3333": {
							"post": [106.75547, -1.14013, -178.06397],
							"lerp_mode": "catmullrom"
						},
						"0.4583": {
							"post": [106.75547, -1.14013, -178.06397],
							"lerp_mode": "catmullrom"
						},
						"0.5833": {
							"post": [89.60376, -0.0585, -180.79533],
							"lerp_mode": "catmullrom"
						},
						"0.6667": {
							"post": [90, 0, -180],
							"lerp_mode": "catmullrom"
						}
					},
					"position": {
						"0.0": {
							"post": [5.65, -2.2, 5.75],
							"lerp_mode": "catmullrom"
						},
						"0.125": {
							"post": [5.65, -2.2, 5.75],
							"lerp_mode": "catmullrom"
						},
						"0.1667": {
							"post": [4.65, -2.21745, 4.2501],
							"lerp_mode": "catmullrom"
						},
						"0.25": {
							"post": [4.275, -1.22004, 4.24128],
							"lerp_mode": "catmullrom"
						},
						"0.2917": {
							"post": [4.275, -1.22004, 4.24128],
							"lerp_mode": "catmullrom"
						},
						"0.3333": {
							"post": [4.27, -1.22, 4.765],
							"lerp_mode": "catmullrom"
						},
						"0.4583": {
							"post": [4.27, -1.22, 4.765],
							"lerp_mode": "catmullrom"
						},
						"0.5833": {
							"post": [5.65, -2.2, 5.75],
							"lerp_mode": "catmullrom"
						},
						"0.6667": {
							"post": [5.65, -2.2, 5.75],
							"lerp_mode": "catmullrom"
						}
					}
				}
			},
			"particle_effects": {
				"0.0": {
					"effect": "eject_casing"
				}
			}
		},
		"draw": {
			"loop": "hold_on_last_frame",
			"animation_length": 0.75,
			"bones": {
				"gun_body": {
					"rotation": {
						"0.0": {
							"post": [14.33501, -4.46375, 16.93839],
							"lerp_mode": "catmullrom"
						},
						"0.3333": {
							"post": [6.4524, -6.37074, 7.68062],
							"lerp_mode": "catmullrom"
						},
						"0.5": {
							"post": [0, 0, -2],
							"lerp_mode": "catmullrom"
						},
						"0.625": {
							"post": [0, 0, 1],
							"lerp_mode": "catmullrom"
						},
						"0.75": {
							"post": [0, 0, 0],
							"lerp_mode": "catmullrom"
						}
					},
					"position": {
						"0.0": {
							"post": [3, -8, -2],
							"lerp_mode": "catmullrom"
						},
						"0.1667": {
							"post": [1, -6.33, -1.33],
							"lerp_mode": "catmullrom"
						},
						"0.3333": {
							"post": [0.1, -2.16, -0.66],
							"lerp_mode": "catmullrom"
						},
						"0.5": {
							"post": [-0.2, -0.3, 0.1],
							"lerp_mode": "catmullrom"
						},
						"0.625": {
							"post": [-0.025, -0.025, 0.05],
							"lerp_mode": "catmullrom"
						},
						"0.75": {
							"post": [0, 0, 0],
							"lerp_mode": "catmullrom"
						}
					}
				},
				"bolt": {
					"position": [0, 0, 0]
				},
				"left_arm": {
					"rotation": [73.95054, -26.20116, -129.71317],
					"position": [-3.2, -5.85, -2.85]
				},
				"right_arm": {
					"rotation": {
						"0.0": [90, 0, -180],
						"0.4583": [90, 0, -180],
						"0.5833": [90, 0, -180],
						"0.625": [90, 0, -180]
					},
					"position": {
						"0.0": [5.65, -2.2, 5.75],
						"0.4583": [5.65, -2.2, 5.75],
						"0.5833": [5.65, -2.2, 5.75],
						"0.625": [5.65, -2.2, 5.75]
					}
				}
			}
		},
		"aim_shoot": {
			"loop": true,
			"animation_length": 0.7917,
			"bones": {
				"gun_body": {
					"rotation": {
						"0.0": {
							"post": [-19.51828, -2.68394, -10.63855],
							"lerp_mode": "catmullrom"
						},
						"0.0833": {
							"post": [-17.17709, 0.89617, 1.32923],
							"lerp_mode": "catmullrom"
						},
						"0.1667": {
							"post": [-16.67709, 0.89617, 1.32923],
							"lerp_mode": "catmullrom"
						},
						"0.2917": {
							"post": [-9.06176, -0.28574, 6.5823],
							"lerp_mode": "catmullrom"
						},
						"0.4167": {
							"post": [-9.25664, -2.73305, 13.00437],
							"lerp_mode": "catmullrom"
						},
						"0.5417": [-0.15703, -1.99589, 10.00137],
						"0.7083": [0, -0.5, 1],
						"0.7917": [0, 0, 0]
					},
					"position": {
						"0.0": {
							"post": [-0.25, 1, 1.675],
							"lerp_mode": "catmullrom"
						},
						"0.0833": {
							"post": [-0.55, 0.8, 2.28],
							"lerp_mode": "catmullrom"
						},
						"0.1667": {
							"post": [-0.75, 0.2, 1.98],
							"lerp_mode": "catmullrom"
						},
						"0.2917": {
							"post": [-0.75, -0.1, 1.78],
							"lerp_mode": "catmullrom"
						},
						"0.4167": {
							"post": [-0.95, -1.1, 1.58],
							"lerp_mode": "catmullrom"
						},
						"0.5417": [0, -0.1, 2],
						"0.7083": [-0.025, 0, 0],
						"0.7917": [0, 0, 0]
					}
				},
				"bolt": {
					"position": {
						"0.0": {
							"post": [0, 0, 2.25],
							"lerp_mode": "catmullrom"
						},
						"0.125": {
							"post": [0, 0, 0],
							"lerp_mode": "catmullrom"
						},
						"0.4167": {
							"post": [0, 0, 0],
							"lerp_mode": "catmullrom"
						},
						"0.4583": {
							"post": [0, 0, 0],
							"lerp_mode": "catmullrom"
						}
					}
				},
				"hammer": {
					"rotation": {
						"0.0": {
							"post": [77.5, 0, 0],
							"lerp_mode": "catmullrom"
						},
						"0.25": {
							"post": [77.5, 0, 0],
							"lerp_mode": "catmullrom"
						},
						"0.3333": {
							"post": [-5.62, 0, 0],
							"lerp_mode": "catmullrom"
						},
						"0.4583": {
							"post": [-5.62, 0, 0],
							"lerp_mode": "catmullrom"
						},
						"0.5833": {
							"post": [0, 0, 0],
							"lerp_mode": "catmullrom"
						},
						"0.6667": {
							"post": [0, 0, 0],
							"lerp_mode": "catmullrom"
						}
					}
				},
				"flash": {
					"rotation": {
						"0.0": {
							"post": [0, 90, 45],
							"lerp_mode": "catmullrom"
						},
						"0.4583": {
							"post": [0, 90, 45],
							"lerp_mode": "catmullrom"
						}
					},
					"position": {
						"0.0": {
							"post": [-1, 1.30781, 0.14391],
							"lerp_mode": "catmullrom"
						},
						"0.4583": {
							"post": [-1, 1.31, 0.14],
							"lerp_mode": "catmullrom"
						}
					},
					"scale": {
						"0.0": {
							"post": [1, 1, 1],
							"lerp_mode": "catmullrom"
						},
						"0.0417": {
							"post": [1.2, 1.2, 1.2],
							"lerp_mode": "catmullrom"
						},
						"0.125": {
							"post": [0, 0, 0],
							"lerp_mode": "catmullrom"
						},
						"0.4583": {
							"post": [0, 0, 0],
							"lerp_mode": "catmullrom"
						}
					}
				},
				"left_arm": {
					"rotation": {
						"0.0": [73.95054, -26.20116, -129.71317],
						"0.1667": [73.95054, -26.20116, -129.71317]
					},
					"position": {
						"0.0": [-3.2, -5.85, -2.85],
						"0.1667": {
							"pre": [-3.2, -5.85, -2.85],
							"post": [-3.2, -5.85, -2.85],
							"lerp_mode": "catmullrom"
						}
					}
				},
				"right_arm": {
					"rotation": {
						"0.0": {
							"post": [90, 0, -180],
							"lerp_mode": "catmullrom"
						},
						"0.125": {
							"post": [90, 0, -180],
							"lerp_mode": "catmullrom"
						},
						"0.1667": {
							"post": [96.5, -15, -180],
							"lerp_mode": "catmullrom"
						},
						"0.25": {
							"post": [104.50547, -1.14013, -178.06397],
							"lerp_mode": "catmullrom"
						},
						"0.2917": {
							"post": [106.75547, -1.14013, -178.06397],
							"lerp_mode": "catmullrom"
						},
						"0.3333": {
							"post": [106.75547, -1.14013, -178.06397],
							"lerp_mode": "catmullrom"
						},
						"0.4583": {
							"post": [106.75547, -1.14013, -178.06397],
							"lerp_mode": "catmullrom"
						},
						"0.5833": {
							"post": [89.60376, -0.0585, -180.79533],
							"lerp_mode": "catmullrom"
						},
						"0.6667": {
							"post": [90, 0, -180],
							"lerp_mode": "catmullrom"
						}
					},
					"position": {
						"0.0": {
							"post": [5.65, -2.2, 5.75],
							"lerp_mode": "catmullrom"
						},
						"0.125": {
							"post": [5.65, -2.2, 5.75],
							"lerp_mode": "catmullrom"
						},
						"0.1667": {
							"post": [4.65, -2.21745, 4.2501],
							"lerp_mode": "catmullrom"
						},
						"0.25": {
							"post": [4.275, -1.22004, 4.24128],
							"lerp_mode": "catmullrom"
						},
						"0.2917": {
							"post": [4.275, -1.22004, 4.24128],
							"lerp_mode": "catmullrom"
						},
						"0.3333": {
							"post": [4.27, -1.22, 4.765],
							"lerp_mode": "catmullrom"
						},
						"0.4583": {
							"post": [4.27, -1.22, 4.765],
							"lerp_mode": "catmullrom"
						},
						"0.5833": {
							"post": [5.65, -2.2, 5.75],
							"lerp_mode": "catmullrom"
						},
						"0.6667": {
							"post": [5.65, -2.2, 5.75],
							"lerp_mode": "catmullrom"
						}
					}
				}
			},
			"particle_effects": {
				"0.0": {
					"effect": "eject_casing"
				}
			}
		},
		"inspect": {
			"animation_length": 5.7083,
			"bones": {
				"gun_body": {
					"rotation": {
						"0.0": {
							"post": [0, 0, 0],
							"lerp_mode": "catmullrom"
						},
						"0.0833": {
							"post": [3.00183, -1.99726, 1.89529],
							"lerp_mode": "catmullrom"
						},
						"0.1667": {
							"post": [2.55122, -6.23706, 6.70495],
							"lerp_mode": "catmullrom"
						},
						"0.2917": {
							"post": [0.27073, -13.27068, -9.94541],
							"lerp_mode": "catmullrom"
						},
						"0.375": {
							"post": [-4.18707, -15.73941, -12.32629],
							"lerp_mode": "catmullrom"
						},
						"0.4583": {
							"post": [-8.8047, -17.55113, -17.30117],
							"lerp_mode": "catmullrom"
						},
						"0.5833": {
							"post": [-5.02462, -21.50286, -16.64362],
							"lerp_mode": "catmullrom"
						},
						"0.75": {
							"post": [-4.6463, -21.55744, -16.70991],
							"lerp_mode": "catmullrom"
						},
						"0.9167": {
							"post": [-4.63119, -21.58702, -17.71493],
							"lerp_mode": "catmullrom"
						},
						"1.0833": {
							"post": [-5.02462, -21.50286, -16.64362],
							"lerp_mode": "catmullrom"
						},
						"1.25": {
							"post": [1.40321, -22.01253, -33.87122],
							"lerp_mode": "catmullrom"
						},
						"1.375": {
							"post": [1.21018, -21.94946, -36.02695],
							"lerp_mode": "catmullrom"
						},
						"1.5": {
							"post": [0.48094, -21.95125, -33.13194],
							"lerp_mode": "catmullrom"
						},
						"1.625": {
							"post": [-0.21649, -21.70528, -31.24616],
							"lerp_mode": "catmullrom"
						},
						"1.75": {
							"post": [-0.23863, -21.67981, -30.23851],
							"lerp_mode": "catmullrom"
						},
						"2.125": {
							"post": [-0.4155, -21.70253, -30.70801],
							"lerp_mode": "catmullrom"
						},
						"2.375": {
							"post": [-2.42601, -21.82842, -25.31892],
							"lerp_mode": "catmullrom"
						},
						"2.5": {
							"post": [-2.68037, -16.70817, -15.89341],
							"lerp_mode": "catmullrom"
						},
						"2.6667": {
							"post": [-10.00044, -9.35134, -3.3075],
							"lerp_mode": "catmullrom"
						},
						"2.8333": {
							"post": [-14.88725, 18.41093, 8.37639],
							"lerp_mode": "catmullrom"
						},
						"3.0": {
							"post": [-7.34859, 26.7572, 42.40904],
							"lerp_mode": "catmullrom"
						},
						"3.1667": {
							"post": [-5.7878, 27.95393, 62.06671],
							"lerp_mode": "catmullrom"
						},
						"3.2917": {
							"post": [-6.65659, 28.28342, 66.58686],
							"lerp_mode": "catmullrom"
						},
						"3.4167": {
							"post": [-7.79217, 29.024, 64.18258],
							"lerp_mode": "catmullrom"
						},
						"3.5833": {
							"post": [-6.68546, 29.27605, 66.4544],
							"lerp_mode": "catmullrom"
						},
						"4.0833": {
							"post": [-6.10269, 29.39999, 68.35585],
							"lerp_mode": "catmullrom"
						},
						"4.2917": {
							"post": [-5.82218, 29.45193, 68.9268],
							"lerp_mode": "catmullrom"
						},
						"4.5": {
							"post": [8.70864, 26.34218, 53.65008],
							"lerp_mode": "catmullrom"
						},
						"4.625": {
							"post": [14.09586, 23.22629, 18.61251],
							"lerp_mode": "catmullrom"
						},
						"4.7917": {
							"post": [13.82793, 7.03246, 21.51596],
							"lerp_mode": "catmullrom"
						},
						"4.9583": {
							"post": [2.99954, 0.05233, -0.99863],
							"lerp_mode": "catmullrom"
						},
						"5.0833": {
							"post": [0.00608, -0.03218, -2.99947],
							"lerp_mode": "catmullrom"
						},
						"5.2083": {
							"post": [-0.00355, 0.0243, 0.2496],
							"lerp_mode": "catmullrom"
						},
						"5.3333": {
							"post": [0, 0, 0],
							"lerp_mode": "catmullrom"
						}
					},
					"position": {
						"0.0": {
							"post": [0, 0, 0],
							"lerp_mode": "catmullrom"
						},
						"0.0833": {
							"post": [-0.3, -0.4, 0],
							"lerp_mode": "catmullrom"
						},
						"0.1667": {
							"post": [-0.6, -0.8, 0.3],
							"lerp_mode": "catmullrom"
						},
						"0.2917": {
							"post": [-0.9, 0.5, 0.3],
							"lerp_mode": "catmullrom"
						},
						"0.375": {
							"post": [-0.6, 0.9, 0.3],
							"lerp_mode": "catmullrom"
						},
						"0.4583": {
							"post": [-0.1, 0.3, 0],
							"lerp_mode": "catmullrom"
						},
						"0.5833": {
							"post": [0.1, -0.15, 0],
							"lerp_mode": "catmullrom"
						},
						"0.75": {
							"post": [0.1, 0.2, 0],
							"lerp_mode": "catmullrom"
						},
						"0.9167": {
							"post": [0.2, 0.075, 0],
							"lerp_mode": "catmullrom"
						},
						"1.0833": {
							"post": [0.05, -0.07, 0],
							"lerp_mode": "catmullrom"
						},
						"1.25": {
							"post": [-0.15, 0.03, 0.1],
							"lerp_mode": "catmullrom"
						},
						"1.375": {
							"post": [-0.25, 0.03, 0.3],
							"lerp_mode": "catmullrom"
						},
						"1.5": {
							"post": [-0.15, -0.02, 0.3],
							"lerp_mode": "catmullrom"
						},
						"1.625": {
							"post": [-0.05, -0.07, 0.3],
							"lerp_mode": "catmullrom"
						},
						"1.75": {
							"post": [-0.1, -0.07, 0.35],
							"lerp_mode": "catmullrom"
						},
						"2.125": {
							"post": [-0.1, -0.07, 0.45],
							"lerp_mode": "catmullrom"
						},
						"2.375": {
							"post": [-0.175, -0.07, 0.325],
							"lerp_mode": "catmullrom"
						},
						"2.5": {
							"post": [0.22, -1.28, 0.72],
							"lerp_mode": "catmullrom"
						},
						"2.6667": {
							"post": [0.23, -3.57, 0.33],
							"lerp_mode": "catmullrom"
						},
						"2.8333": {
							"post": [1.23, -2.07, 0.33],
							"lerp_mode": "catmullrom"
						},
						"3.0": {
							"post": [1.63, -0.27, 0.33],
							"lerp_mode": "catmullrom"
						},
						"3.1667": {
							"post": [2.33, 0.23, -0.67],
							"lerp_mode": "catmullrom"
						},
						"3.2917": {
							"post": [2.63, -0.07, -0.87],
							"lerp_mode": "catmullrom"
						},
						"3.4167": {
							"post": [2.53, -0.17, -0.87],
							"lerp_mode": "catmullrom"
						},
						"3.5833": {
							"post": [2.43, -0.07, -0.87],
							"lerp_mode": "catmullrom"
						},
						"4.0833": {
							"post": [2.23, -0.27, -0.87],
							"lerp_mode": "catmullrom"
						},
						"4.2917": {
							"post": [2.405, -0.32, -0.87],
							"lerp_mode": "catmullrom"
						},
						"4.5": {
							"post": [2.67, -2.71, -1.73],
							"lerp_mode": "catmullrom"
						},
						"4.625": {
							"post": [1, -3.22, -2.47],
							"lerp_mode": "catmullrom"
						},
						"4.7917": {
							"post": [0.05, -2.64, -1.52],
							"lerp_mode": "catmullrom"
						},
						"4.9583": {
							"post": [-0.1, -0.9, -0.8],
							"lerp_mode": "catmullrom"
						},
						"5.0833": {
							"post": [-0.025, -0.075, -0.05],
							"lerp_mode": "catmullrom"
						},
						"5.2083": {
							"post": [0, 0, 0.125],
							"lerp_mode": "catmullrom"
						},
						"5.3333": {
							"post": [0, 0, 0],
							"lerp_mode": "catmullrom"
						}
					}
				},
				"bolt": {
					"position": {
						"0.0": {
							"post": [0, 0, 0],
							"lerp_mode": "catmullrom"
						}
					}
				},
				"left_arm": {
					"rotation": [73.95054, -26.20116, -129.71317],
					"position": [-3.2, -5.85, -2.85]
				},
				"right_arm": {
					"rotation": [90, 0, -180],
					"position": [5.65, -2.2, 5.75]
				}
			}
		},
		"idle": {
			"loop": true,
			"bones": {
				"right_arm": {
					"rotation": [90, 0, -180],
					"position": [5.65, -2.2, 5.75]
				},
				"left_arm": {
					"rotation": [73.95054, -26.20116, -129.71317],
					"position": [-3.2, -5.85, -2.85]
				},
				"gun_body": {
					"rotation": [0, 0, 0],
					"position": [0, 0, 0]
				}
			}
		}
	},
	"geometry.animations": {
		"texturewidth": 64,
		"textureheight": 64
	}
}