{
	"format_version": "1.8.0",
	"animations": {
		"draw": {
			"animation_length": 0.9167,
			"bones": {
				"right_arm": {
					"rotation": [90, 0, -180],
					"position": [5.65, -2.2, 5.5]
				},
				"left_arm": {
					"rotation": {
						"0.0": [58.7038, -15.1328, -95.10811],
						"0.2917": {
							"pre": [58.7038, -15.1328, -95.10811],
							"post": [88.95054, -26.20116, -129.71317]
						},
						"0.9167": {
							"pre": [88.95054, -26.20116, -129.71317],
							"post": [88.95054, -26.20116, -129.71317]
						}
					},
					"position": {
						"0.0": [-2.81, -8.73, -3.06],
						"0.2917": {
							"pre": [-2.81, -8.73, -3.06],
							"post": [-3.63, -6.44, -5.7]
						},
						"0.9167": {
							"pre": [-3.63, -6.44, -5.7],
							"post": [-3.63, -6.44, -5.7]
						}
					}
				},
				"gun_body": {
					"rotation": {
						"0.0": [3.36554, 3.47231, 15.51542],
						"0.0833": {
							"pre": [3.36554, 3.47231, 15.51542],
							"post": [-9.50527, 2.25602, 8.10529]
						},
						"0.1667": {
							"pre": [-9.50527, 2.25602, 8.10529],
							"post": [-21.77436, 1.94046, 6.96164]
						},
						"0.2917": {
							"pre": [-21.77436, 1.94046, 6.96164],
							"post": [-16.84933, 1.97068, 4.46039]
						},
						"0.375": {
							"pre": [-16.84933, 1.97068, 4.46039],
							"post": [-9.42824, 1.67078, 1.97718]
						},
						"0.4583": {
							"pre": [-9.42824, 1.67078, 1.97718],
							"post": [0, 0, -5]
						},
						"0.5833": {
							"pre": [0, 0, -5],
							"post": [0.27948, -0.48857, 0.82537]
						},
						"0.7083": {
							"pre": [0.27948, -0.48857, 0.82537],
							"post": [0, 0, 0]
						},
						"0.7917": {
							"pre": [0, 0, 0],
							"post": [-0.12649, 0.04767, -0.21036]
						},
						"0.9167": {
							"pre": [-0.12649, 0.04767, -0.21036],
							"post": [0, 0, 0]
						}
					},
					"position": {
						"0.0": [0.02342, -2.63275, -0.3157],
						"0.0833": {
							"pre": [0.02342, -2.63275, -0.3157],
							"post": [0.02, -2.38, 0.18]
						},
						"0.1667": {
							"pre": [0.02, -2.38, 0.18],
							"post": [0.01, 1.35, 1.52]
						},
						"0.2917": {
							"pre": [0.01, 1.35, 1.52],
							"post": [0.01, -0.4, 1.27]
						},
						"0.4583": {
							"pre": [0.01, -0.4, 1.27],
							"post": [0, -0.5, 0.75]
						},
						"0.5833": {
							"pre": [0, -0.5, 0.75],
							"post": [0, 0, 1]
						},
						"0.7083": {
							"pre": [0, 0, 1],
							"post": [0, 0, 1]
						},
						"0.7917": {
							"pre": [0, 0, 1],
							"post": [0, 0, 1]
						},
						"0.9167": {
							"pre": [0, 0, 1],
							"post": [0, 0, 1]
						}
					}
				},
				"shell": {
					"scale": {
						"0.0": [0, 0, 0],
						"0.625": {
							"pre": [0, 0, 0],
							"post": [0, 0, 0]
						},
						"0.8333": {
							"pre": [0, 0, 0],
							"post": [0, 0, 0]
						}
					}
				},
				"barrel": {
					"rotation": {
						"0.0": [72.5, 0, 0],
						"0.2917": {
							"pre": [72.5, 0, 0],
							"post": [0, 0, 0]
						}
					}
				}
			},
			"sound_effects": {
				"0.125": {
					"effect": "reload_mag_out"
				}
			}
		},
		"reload_start": {
			"loop": "hold_on_last_frame",
			"animation_length": 0.9167,
			"bones": {
				"gun_body": {
					"rotation": {
						"0.0": {
							"post": [0, 0, 0],
							"lerp_mode": "catmullrom"
						},
						"0.125": {
							"post": [-2.49658, -0.1308, -2.99715],
							"lerp_mode": "catmullrom"
						},
						"0.25": {
							"post": [0.50106, -0.13956, -1.99719],
							"lerp_mode": "catmullrom"
						},
						"0.375": {
							"post": [-5.05643, -0.60039, -7.45419],
							"lerp_mode": "catmullrom"
						},
						"0.5": {
							"post": [-12.51929, -1.14318, -9.89485],
							"lerp_mode": "catmullrom"
						},
						"0.625": {
							"post": [-17.55119, -0.38984, -7.51082],
							"lerp_mode": "catmullrom"
						},
						"0.75": {
							"post": [-24.9091, 2.78116, -0.7118],
							"lerp_mode": "catmullrom"
						},
						"0.8333": {
							"post": [-24.78436, 2.71417, 1.52574],
							"lerp_mode": "catmullrom"
						},
						"0.9167": {
							"post": [-24.68907, 3.00807, 0.71221],
							"lerp_mode": "catmullrom"
						}
					},
					"position": {
						"0.0": {
							"post": [0, 0, 0],
							"lerp_mode": "catmullrom"
						},
						"0.125": {
							"post": [0, -0.1, 0.5],
							"lerp_mode": "catmullrom"
						},
						"0.25": {
							"post": [0, -0.5, 0.7],
							"lerp_mode": "catmullrom"
						},
						"0.375": {
							"post": [0, -0.7, 0.5],
							"lerp_mode": "catmullrom"
						},
						"0.5": {
							"post": [0, -1.2, 1],
							"lerp_mode": "catmullrom"
						},
						"0.625": {
							"post": [0, -0.7, 0.8],
							"lerp_mode": "catmullrom"
						},
						"0.75": {
							"post": [0, -0.2, 0.55],
							"lerp_mode": "catmullrom"
						},
						"0.8333": {
							"post": [0.05, -0.3, 0.55],
							"lerp_mode": "catmullrom"
						},
						"0.9167": {
							"post": [0.1, -0.3, 0.55],
							"lerp_mode": "catmullrom"
						}
					}
				},
				"right_arm": {
					"rotation": {
						"0.0": [90, 0, -180],
						"0.125": [102.5, 0, -180]
					},
					"position": {
						"0.0": [5.65, -2.2, 5.75],
						"0.125": [5.4, -1.7, 5.75]
					}
				},
				"left_arm": {
					"rotation": {
						"0.0": {
							"post": [73.95054, -26.20116, -129.71317],
							"lerp_mode": "catmullrom"
						},
						"0.9167": {
							"post": [73.95, -26.2, -129.71],
							"lerp_mode": "catmullrom"
						}
					},
					"position": {
						"0.0": {
							"post": [-3.2, -5.35, -3.85],
							"lerp_mode": "catmullrom"
						},
						"0.25": {
							"post": [-1.2, -7.35, -2.85],
							"lerp_mode": "catmullrom"
						},
						"0.9167": {
							"post": [2.8, -6.35, 5.15],
							"lerp_mode": "catmullrom"
						}
					}
				},
				"shell": {
					"scale": {
						"0.0": [0, 0, 0],
						"0.2083": [0, 0, 0],
						"0.25": [0, 0, 0],
						"0.7083": [0, 0, 0],
						"0.8333": [0, 0, 0]
					}
				},
				"barrel": {
					"rotation": {
						"0.0": {
							"post": [0, 0, 0],
							"lerp_mode": "catmullrom"
						},
						"0.25": {
							"post": [0, 0, 0],
							"lerp_mode": "catmullrom"
						},
						"0.4167": {
							"post": [89.53, 0, 0],
							"lerp_mode": "catmullrom"
						},
						"0.5": {
							"post": [88.53095, 0, -0.625],
							"lerp_mode": "catmullrom"
						},
						"0.5833": {
							"post": [89.53, 0, 0],
							"lerp_mode": "catmullrom"
						},
						"0.9167": {
							"post": [89.53, 0, 0],
							"lerp_mode": "catmullrom"
						}
					},
					"position": [0, 0, 0]
				}
			},
			"sound_effects": {
				"0.25": {
					"effect": "reload_mag_out"
				},
				"0.2917": {
					"effect": "rustle"
				}
			}
		},
		"reload_loop": {
			"loop": true,
			"animation_length": 0.875,
			"bones": {
				"gun_body": {
					"rotation": {
						"0.0": {
							"post": [-24.68907, 3.00807, 0.71221],
							"lerp_mode": "catmullrom"
						},
						"0.1667": {
							"post": [-23.78762, 1.96175, -1.56047],
							"lerp_mode": "catmullrom"
						},
						"0.2917": {
							"post": [-24.32571, 5.29099, 5.72953],
							"lerp_mode": "catmullrom"
						},
						"0.4167": {
							"post": [-23.09675, 6.19672, 8.07394],
							"lerp_mode": "catmullrom"
						},
						"0.5833": {
							"post": [-23.43394, 4.72824, 2.84317],
							"lerp_mode": "catmullrom"
						},
						"0.75": {
							"post": [-24.73348, 2.59002, -0.1973],
							"lerp_mode": "catmullrom"
						},
						"0.875": {
							"post": [-24.68907, 3.00807, 0.71221],
							"lerp_mode": "catmullrom"
						}
					},
					"position": {
						"0.0": {
							"post": [0.1, -0.3, 0.55],
							"lerp_mode": "catmullrom"
						},
						"0.1667": {
							"post": [0.2, -0.2, 0.55],
							"lerp_mode": "catmullrom"
						},
						"0.2917": {
							"post": [0.2, -0.35, 0.55],
							"lerp_mode": "catmullrom"
						},
						"0.4167": {
							"post": [0.4, -0.3, 0.55],
							"lerp_mode": "catmullrom"
						},
						"0.5833": {
							"post": [0.3, -0.4, 0.55],
							"lerp_mode": "catmullrom"
						},
						"0.75": {
							"post": [0.1, -0.3, 0.55],
							"lerp_mode": "catmullrom"
						},
						"0.875": {
							"post": [0.1, -0.3, 0.55],
							"lerp_mode": "catmullrom"
						}
					}
				},
				"left_arm": {
					"rotation": {
						"0.0": {
							"post": [73.95, -26.2, -129.71],
							"lerp_mode": "catmullrom"
						},
						"0.0417": {
							"post": [130.42676, -27.28942, -205.57668],
							"lerp_mode": "catmullrom"
						},
						"0.125": {
							"post": [138.28256, 9.50812, -225.57895],
							"lerp_mode": "catmullrom"
						},
						"0.25": {
							"post": [139.39255, 6.9042, -213.24878],
							"lerp_mode": "catmullrom"
						},
						"0.3333": {
							"post": [148.12936, -16.45468, -232.91487],
							"lerp_mode": "catmullrom"
						},
						"0.4583": [138.60577, -13.49867, -225.30412],
						"0.75": {
							"pre": [73.95, -26.2, -129.71],
							"post": [73.95, -26.2, -129.71],
							"lerp_mode": "catmullrom"
						}
					},
					"position": {
						"0.0": {
							"post": [2.8, -6.35, 5.15],
							"lerp_mode": "catmullrom"
						},
						"0.0417": {
							"post": [2.8, -5.35, 0.15],
							"lerp_mode": "catmullrom"
						},
						"0.125": {
							"post": [-0.2, -1.35, -3.85],
							"lerp_mode": "catmullrom"
						},
						"0.25": {
							"post": [-0.45, -3.1, -3.85],
							"lerp_mode": "catmullrom"
						},
						"0.3333": {
							"post": [-0.95, -3.85, -4.35],
							"lerp_mode": "catmullrom"
						},
						"0.4167": [-1.13, -3.77, -4.07],
						"0.4583": [-1.2, -4, -3.2],
						"0.75": {
							"pre": [2.8, -6.35, 5.15],
							"post": [2.8, -6.35, 5.15],
							"lerp_mode": "catmullrom"
						}
					}
				},
				"right_arm": {
					"rotation": [102.5, 0, -180],
					"position": [5.4, -1.7, 5.75]
				},
				"shell": {
					"scale": {
						"0.0": {
							"post": [0, 0, 0],
							"lerp_mode": "catmullrom"
						}
					}
				},
				"barrel": {
					"rotation": {
						"0.0": {
							"post": [89.53, 0, 0],
							"lerp_mode": "catmullrom"
						}
					},
					"position": {
						"0.0": {
							"post": [0, 0, 0],
							"lerp_mode": "catmullrom"
						}
					}
				}
			},
			"sound_effects": {
				"0.25": {
					"effect": "reload_mag_in"
				}
			},
			"particle_effects": {
				"0.8333": {
					"effect": "loaded"
				},
				"0.875": {
					"effect": "loop_end"
				}
			}
		},
		"reload_stop": {
			"loop": "hold_on_last_frame",
			"animation_length": 0.9583,
			"bones": {
				"gun_body": {
					"rotation": {
						"0.0": {
							"post": [-24.68907, 3.00807, 0.71221],
							"lerp_mode": "catmullrom"
						},
						"0.0833": {
							"post": [-29.77961, 1.76798, -1.46047],
							"lerp_mode": "catmullrom"
						},
						"0.2083": {
							"post": [-18.42572, -3.93615, -14.68318],
							"lerp_mode": "catmullrom"
						},
						"0.3333": {
							"post": [-8.79319, -1.17213, -9.15776],
							"lerp_mode": "catmullrom"
						},
						"0.4583": {
							"post": [-7.88987, -1.20776, -3.04153],
							"lerp_mode": "catmullrom"
						},
						"0.625": [0, -1, 2],
						"0.7917": [-0.02041, 0.05037, -0.99853],
						"0.9583": [0, 0, 0]
					},
					"position": {
						"0.0": {
							"post": [0.1, -0.3, 0.55],
							"lerp_mode": "catmullrom"
						},
						"0.0833": {
							"post": [0.1, -0.2, 0.35],
							"lerp_mode": "catmullrom"
						},
						"0.2083": {
							"post": [0.1, -1.9, -0.1],
							"lerp_mode": "catmullrom"
						},
						"0.3333": {
							"post": [-0.15, -2.45, 0.35],
							"lerp_mode": "catmullrom"
						},
						"0.625": [-0.1, -0.1, -0.1],
						"0.7917": [0, 0, 0.1],
						"0.9583": [0, 0, 0]
					}
				},
				"right_arm": {
					"rotation": {
						"0.0": [102.5, 0, -180],
						"0.125": [90, 0, -180],
						"0.7917": [90, 0, -180],
						"0.9583": [90, 0, -180]
					},
					"position": {
						"0.0": [5.4, -1.7, 5.75],
						"0.125": [5.65, -2.2, 5.75],
						"0.7917": [5.65, -2.2, 5.75],
						"0.9583": [5.65, -2.2, 5.75]
					}
				},
				"left_arm": {
					"rotation": {
						"0.0": {
							"post": [73.95, -26.2, -129.71],
							"lerp_mode": "catmullrom"
						},
						"0.625": {
							"post": [73.95054, -26.20116, -129.71317],
							"lerp_mode": "catmullrom"
						},
						"0.7917": {
							"post": [73.95054, -26.20116, -129.71317],
							"lerp_mode": "catmullrom"
						},
						"0.9583": {
							"post": [73.95054, -26.20116, -129.71317],
							"lerp_mode": "catmullrom"
						}
					},
					"position": {
						"0.0": {
							"post": [2.8, -6.35, 5.15],
							"lerp_mode": "catmullrom"
						},
						"0.0833": {
							"post": [-3.2, -8.6, -1.85],
							"lerp_mode": "catmullrom"
						},
						"0.2083": {
							"post": [-3.2, -5.1, -4.85],
							"lerp_mode": "catmullrom"
						},
						"0.625": {
							"post": [-3.2, -5.35, -3.85],
							"lerp_mode": "catmullrom"
						},
						"0.7917": {
							"post": [-3.2, -5.35, -3.85],
							"lerp_mode": "catmullrom"
						},
						"0.9583": {
							"post": [-3.2, -5.35, -3.85],
							"lerp_mode": "catmullrom"
						}
					}
				},
				"shell": {
					"scale": {
						"0.0": {
							"post": [0, 0, 0],
							"lerp_mode": "catmullrom"
						}
					}
				},
				"barrel": {
					"rotation": {
						"0.0": {
							"post": [89.53, 0, 0],
							"lerp_mode": "catmullrom"
						},
						"0.0833": {
							"post": [89.53, 0, 0],
							"lerp_mode": "catmullrom"
						},
						"0.2083": {
							"post": [0, 0, 0],
							"lerp_mode": "catmullrom"
						}
					},
					"position": {
						"0.0": {
							"post": [0, 0, 0],
							"lerp_mode": "catmullrom"
						}
					}
				}
			},
			"sound_effects": {
				"0.1667": {
					"effect": "bolt_release"
				},
				"0.4167": {
					"effect": "reload_end"
				}
			},
			"particle_effects": {
				"0.375": {
					"effect": "end_reload"
				},
				"0.5": {
					"effect": "loop_end"
				}
			}
		},
		"inspect": {
			"animation_length": 5.7083,
			"bones": {
				"bolt": {
					"position": {
						"0.0": {
							"post": [0, 0, 0],
							"lerp_mode": "catmullrom"
						}
					}
				},
				"gun_body": {
					"rotation": {
						"0.0": [0, 0, 0],
						"0.0833": {
							"pre": [0, 0, 0],
							"post": [3.00183, -1.99726, 1.89529]
						},
						"0.1667": {
							"pre": [3.00183, -1.99726, 1.89529],
							"post": [2.55122, -6.23706, 6.70495]
						},
						"0.2917": {
							"pre": [2.55122, -6.23706, 6.70495],
							"post": [0.27073, -13.27068, -9.94541]
						},
						"0.375": {
							"pre": [0.27073, -13.27068, -9.94541],
							"post": [-4.18707, -15.73941, -12.32629]
						},
						"0.4583": {
							"pre": [-4.18707, -15.73941, -12.32629],
							"post": [-8.8047, -17.55113, -17.30117]
						},
						"0.5833": {
							"pre": [-8.8047, -17.55113, -17.30117],
							"post": [-5.02462, -21.50286, -16.64362]
						},
						"0.75": {
							"pre": [-5.02462, -21.50286, -16.64362],
							"post": [-4.6463, -21.55744, -16.70991]
						},
						"0.9167": {
							"pre": [-4.6463, -21.55744, -16.70991],
							"post": [-4.63119, -21.58702, -17.71493]
						},
						"1.0833": {
							"pre": [-4.63119, -21.58702, -17.71493],
							"post": [-5.02462, -21.50286, -16.64362]
						},
						"1.25": {
							"pre": [-5.02462, -21.50286, -16.64362],
							"post": [1.40321, -22.01253, -33.87122]
						},
						"1.375": {
							"pre": [1.40321, -22.01253, -33.87122],
							"post": [1.21018, -21.94946, -36.02695]
						},
						"1.5": {
							"pre": [1.21018, -21.94946, -36.02695],
							"post": [0.48094, -21.95125, -33.13194]
						},
						"1.625": {
							"pre": [0.48094, -21.95125, -33.13194],
							"post": [-0.21649, -21.70528, -31.24616]
						},
						"1.75": {
							"pre": [-0.21649, -21.70528, -31.24616],
							"post": [-0.23863, -21.67981, -30.23851]
						},
						"2.125": {
							"pre": [-0.23863, -21.67981, -30.23851],
							"post": [-0.4155, -21.70253, -30.70801]
						},
						"2.375": {
							"pre": [-0.4155, -21.70253, -30.70801],
							"post": [-2.42601, -21.82842, -25.31892]
						},
						"2.5": {
							"pre": [-2.42601, -21.82842, -25.31892],
							"post": [-2.68037, -16.70817, -15.89341]
						},
						"2.6667": {
							"pre": [-2.68037, -16.70817, -15.89341],
							"post": [-10.00044, -9.35134, -3.3075]
						},
						"2.8333": {
							"pre": [-10.00044, -9.35134, -3.3075],
							"post": [-14.88725, 18.41093, 8.37639]
						},
						"3.0": {
							"pre": [-14.88725, 18.41093, 8.37639],
							"post": [-7.34859, 26.7572, 42.40904]
						},
						"3.1667": {
							"pre": [-7.34859, 26.7572, 42.40904],
							"post": [-5.7878, 27.95393, 62.06671]
						},
						"3.2917": {
							"pre": [-5.7878, 27.95393, 62.06671],
							"post": [-6.65659, 28.28342, 66.58686]
						},
						"3.4167": {
							"pre": [-6.65659, 28.28342, 66.58686],
							"post": [-7.79217, 29.024, 64.18258]
						},
						"3.5833": {
							"pre": [-7.79217, 29.024, 64.18258],
							"post": [-6.68546, 29.27605, 66.4544]
						},
						"4.0833": {
							"pre": [-6.68546, 29.27605, 66.4544],
							"post": [-6.10269, 29.39999, 68.35585]
						},
						"4.2917": {
							"pre": [-6.10269, 29.39999, 68.35585],
							"post": [-5.82218, 29.45193, 68.9268]
						},
						"4.5": {
							"pre": [-5.82218, 29.45193, 68.9268],
							"post": [8.70864, 26.34218, 53.65008]
						},
						"4.625": {
							"pre": [8.70864, 26.34218, 53.65008],
							"post": [14.09586, 23.22629, 18.61251]
						},
						"4.7917": {
							"pre": [14.09586, 23.22629, 18.61251],
							"post": [13.82793, 7.03246, 21.51596]
						},
						"4.9583": {
							"pre": [13.82793, 7.03246, 21.51596],
							"post": [2.99954, 0.05233, -0.99863]
						},
						"5.0833": {
							"pre": [2.99954, 0.05233, -0.99863],
							"post": [0.00608, -0.03218, -2.99947]
						},
						"5.2083": {
							"pre": [0.00608, -0.03218, -2.99947],
							"post": [-0.00355, 0.0243, 0.2496]
						},
						"5.3333": {
							"pre": [-0.00355, 0.0243, 0.2496],
							"post": [0, 0, 0]
						}
					},
					"position": {
						"0.0": [0, 0, 1],
						"0.0833": {
							"pre": [0, 0, 1],
							"post": [-0.3, -0.4, 0]
						},
						"0.1667": {
							"pre": [-0.3, -0.4, 0],
							"post": [-0.6, -0.8, 0.3]
						},
						"0.2917": {
							"pre": [-0.6, -0.8, 0.3],
							"post": [-0.9, 0.5, 0.3]
						},
						"0.375": {
							"pre": [-0.9, 0.5, 0.3],
							"post": [-0.6, 0.9, 0.3]
						},
						"0.4583": {
							"pre": [-0.6, 0.9, 0.3],
							"post": [-0.1, 0.3, 0]
						},
						"0.5833": {
							"pre": [-0.1, 0.3, 0],
							"post": [0.1, -0.15, 0]
						},
						"0.75": {
							"pre": [0.1, -0.15, 0],
							"post": [0.1, 0.2, 0]
						},
						"0.9167": {
							"pre": [0.1, 0.2, 0],
							"post": [0.2, 0.075, 0]
						},
						"1.0833": {
							"pre": [0.2, 0.075, 0],
							"post": [0.05, -0.07, 0]
						},
						"1.25": {
							"pre": [0.05, -0.07, 0],
							"post": [-0.15, 0.03, 0.1]
						},
						"1.375": {
							"pre": [-0.15, 0.03, 0.1],
							"post": [-0.25, 0.03, 0.3]
						},
						"1.5": {
							"pre": [-0.25, 0.03, 0.3],
							"post": [-0.15, -0.02, 0.3]
						},
						"1.625": {
							"pre": [-0.15, -0.02, 0.3],
							"post": [-0.05, -0.07, 0.3]
						},
						"1.75": {
							"pre": [-0.05, -0.07, 0.3],
							"post": [-0.1, -0.07, 0.35]
						},
						"2.125": {
							"pre": [-0.1, -0.07, 0.35],
							"post": [-0.1, -0.07, 0.45]
						},
						"2.375": {
							"pre": [-0.1, -0.07, 0.45],
							"post": [-0.175, -0.07, 0.325]
						},
						"2.5": {
							"pre": [-0.175, -0.07, 0.325],
							"post": [0.22, -1.28, 0.72]
						},
						"2.6667": {
							"pre": [0.22, -1.28, 0.72],
							"post": [0.23, -3.57, 0.33]
						},
						"2.8333": {
							"pre": [0.23, -3.57, 0.33],
							"post": [1.23, -2.07, 0.33]
						},
						"3.0": {
							"pre": [1.23, -2.07, 0.33],
							"post": [1.63, -0.27, 0.33]
						},
						"3.1667": {
							"pre": [1.63, -0.27, 0.33],
							"post": [2.33, 0.23, -0.67]
						},
						"3.2917": {
							"pre": [2.33, 0.23, -0.67],
							"post": [2.63, -0.07, -0.87]
						},
						"3.4167": {
							"pre": [2.63, -0.07, -0.87],
							"post": [2.53, -0.17, -0.87]
						},
						"3.5833": {
							"pre": [2.53, -0.17, -0.87],
							"post": [2.43, -0.07, -0.87]
						},
						"4.0833": {
							"pre": [2.43, -0.07, -0.87],
							"post": [2.23, -0.27, -0.87]
						},
						"4.2917": {
							"pre": [2.23, -0.27, -0.87],
							"post": [2.405, -0.32, -0.87]
						},
						"4.5": {
							"pre": [2.405, -0.32, -0.87],
							"post": [2.67, -2.71, -1.73]
						},
						"4.625": {
							"pre": [2.67, -2.71, -1.73],
							"post": [1, -3.22, -2.47]
						},
						"4.7917": {
							"pre": [1, -3.22, -2.47],
							"post": [0.05, -2.64, -1.52]
						},
						"4.9583": {
							"pre": [0.05, -2.64, -1.52],
							"post": [-0.1, -0.9, 0.2]
						},
						"5.0833": {
							"pre": [-0.1, -0.9, 0.2],
							"post": [-0.025, -0.075, 0.95]
						},
						"5.2083": {
							"pre": [-0.025, -0.075, 0.95],
							"post": [0, 0, 1.125]
						},
						"5.3333": {
							"pre": [0, 0, 1.125],
							"post": [0, 0, 1]
						}
					}
				},
				"left_arm": {
					"rotation": [88.95054, -26.20116, -129.71317],
					"position": [-3.63, -6.44, -5.7]
				},
				"right_arm": {
					"rotation": [90, 0, -180],
					"position": [5.65, -2.2, 5.5]
				}
			}
		},
		"idle": {
			"loop": true,
			"animation_length": 2.2083,
			"bones": {
				"right_arm": {
					"rotation": [90, 0, -180],
					"position": [5.65, -2.2, 5.5]
				},
				"left_arm": {
					"rotation": [88.95054, -26.20116, -129.71317],
					"position": [-3.63, -6.44, -5.7]
				},
				"gun_body": {
					"rotation": [0, 0, 0],
					"position": [0, 0, 1]
				},
				"shell": {
					"scale": 0
				}
			}
		},
		"reload": {
			"animation_length": 2.1667,
			"bones": {
				"gun_body": {
					"rotation": {
						"0.0": [0, 0, 0],
						"0.0833": {
							"pre": [0, 0, 0],
							"post": [-5, 0, -7.5]
						},
						"0.2083": {
							"pre": [-5, 0, -7.5],
							"post": [-4.94968, 5.84865, 2.0318]
						},
						"0.3333": {
							"pre": [-4.94968, 5.84865, 2.0318],
							"post": [-23.91857, 3.92398, 10.18375]
						},
						"0.4583": {
							"pre": [-23.91857, 3.92398, 10.18375],
							"post": [-35.53234, 19.10948, 25.77502]
						},
						"0.5833": {
							"pre": [-35.53234, 19.10948, 25.77502],
							"post": [-35.44647, 18.80264, 23.82826]
						},
						"0.6667": {
							"pre": [-35.44647, 18.80264, 23.82826],
							"post": [-35.88058, 17.64252, 23.14451]
						},
						"0.875": {
							"pre": [-35.88058, 17.64252, 23.14451],
							"post": [-31.95732, 16.24606, 22.91118]
						},
						"1.0833": {
							"pre": [-31.95732, 16.24606, 22.91118],
							"post": [-37.4264, 18.23773, 21.32894]
						},
						"1.1667": {
							"pre": [-37.4264, 18.23773, 21.32894],
							"post": [-37.52367, 17.55791, 23.03823]
						},
						"1.3333": {
							"pre": [-37.52367, 17.55791, 23.03823],
							"post": [-40.46453, 17.48942, 20.34197]
						},
						"1.5417": {
							"pre": [-40.46453, 17.48942, 20.34197],
							"post": [-45.98845, 7.60267, 8.76864]
						},
						"1.6667": {
							"pre": [-45.98845, 7.60267, 8.76864],
							"post": [-17.16249, -12.97775, -12.83946]
						},
						"1.7917": {
							"pre": [-17.16249, -12.97775, -12.83946],
							"post": [-13.97246, -10.80249, -0.38855]
						},
						"1.9167": {
							"pre": [-13.97246, -10.80249, -0.38855],
							"post": [-10.20864, -6.66821, 9.16367]
						},
						"2.0833": {
							"pre": [-10.20864, -6.66821, 9.16367],
							"post": [0.0858, -0.05597, 1.99733]
						},
						"2.1667": {
							"pre": [0.0858, -0.05597, 1.99733],
							"post": [0, 0, 0]
						}
					},
					"position": {
						"0.0": [0, 0, 1],
						"0.0833": {
							"pre": [0, 0, 1],
							"post": [0, -0.3, 1]
						},
						"0.2083": {
							"pre": [0, -0.3, 1],
							"post": [0.25, -0.05, 1]
						},
						"0.3333": {
							"pre": [0.25, -0.05, 1],
							"post": [1.5, -0.05, 2]
						},
						"0.4583": {
							"pre": [1.5, -0.05, 2],
							"post": [2.5, -0.05, 2]
						},
						"0.5833": {
							"pre": [2.5, -0.05, 2],
							"post": [2.6, -0.05, 2]
						},
						"0.7083": {
							"pre": [2.6, -0.05, 2],
							"post": [2.6, -0.05, 2]
						},
						"0.875": {
							"pre": [2.6, -0.05, 2],
							"post": [2.6, -0.3, 2]
						},
						"1.0833": {
							"pre": [2.6, -0.3, 2],
							"post": [2.6, -0.44, 2.31]
						},
						"1.1667": {
							"pre": [2.6, -0.44, 2.31],
							"post": [2.35, -0.8, 1.5]
						},
						"1.5417": {
							"pre": [2.35, -0.8, 1.5],
							"post": [2.9, -0.9, 1.65]
						},
						"1.6667": {
							"pre": [2.9, -0.9, 1.65],
							"post": [2.65, -2.4, 2.4]
						},
						"1.7917": {
							"pre": [2.65, -2.4, 2.4],
							"post": [2.25, -2.95, 2.65]
						},
						"1.9167": {
							"pre": [2.25, -2.95, 2.65],
							"post": [0.75, -2.48, 2.08]
						},
						"2.0833": {
							"pre": [0.75, -2.48, 2.08],
							"post": [-0.1, 0, 1.2]
						},
						"2.1667": {
							"pre": [-0.1, 0, 1.2],
							"post": [0, 0, 1]
						}
					}
				},
				"barrel": {
					"rotation": {
						"0.0": [0, 0, 0],
						"0.2083": {
							"pre": [0, 0, 0],
							"post": [0, 0, 0]
						},
						"0.3333": {
							"pre": [0, 0, 0],
							"post": [67.5, 0, 0]
						},
						"1.5833": {
							"pre": [67.5, 0, 0],
							"post": [67.5, 0, 0]
						},
						"1.625": {
							"pre": [67.5, 0, 0],
							"post": [52.5, 0, 0]
						},
						"1.6667": {
							"pre": [52.5, 0, 0],
							"post": [0, 0, 0]
						}
					}
				},
				"left_arm": {
					"rotation": {
						"0.0": [88.95054, -26.20116, -129.71317],
						"0.2083": {
							"pre": [88.95054, -26.20116, -129.71317],
							"post": [88.95054, -26.20116, -129.71317]
						},
						"0.4167": {
							"pre": [88.95054, -26.20116, -129.71317],
							"post": [88.95054, -26.20116, -129.71317]
						},
						"1.0417": {
							"pre": [88.95054, -26.20116, -129.71317],
							"post": [86.6476, -73.67852, -126.95899]
						},
						"1.125": {
							"pre": [86.6476, -73.67852, -126.95899],
							"post": [138.52458, -69.24109, -211.82607]
						},
						"1.4583": {
							"pre": [138.52458, -69.24109, -211.82607],
							"post": [62.99667, -57.08809, -191.78451]
						},
						"1.5833": {
							"pre": [62.99667, -57.08809, -191.78451],
							"post": [88.95054, -26.20116, -129.71317]
						},
						"1.6667": {
							"pre": [88.95054, -26.20116, -129.71317],
							"post": [88.95054, -26.20116, -129.71317]
						}
					},
					"position": {
						"0.0": [-3.63, -6.44, -5.7],
						"0.2083": {
							"pre": [-3.63, -6.44, -5.7],
							"post": [-3.63, -6.44, -5.7]
						},
						"0.25": {
							"pre": [-3.63, -6.44, -5.7],
							"post": [-3.63, -7.52, -4.87]
						},
						"0.3333": {
							"pre": [-3.63, -7.52, -4.87],
							"post": [0.37, -12.94, -0.2]
						},
						"0.4167": {
							"pre": [0.37, -12.94, -0.2],
							"post": [5.37, -8.94, 8.8]
						},
						"0.75": {
							"pre": [5.37, -8.94, 8.8],
							"post": [1.37, -8.94, 1.8]
						},
						"0.9167": {
							"pre": [1.37, -8.94, 1.8],
							"post": [0.37, -2.94, -2.2]
						},
						"1.0417": {
							"pre": [0.37, -2.94, -2.2],
							"post": [-0.63, -4.94, -6.2]
						},
						"1.125": {
							"pre": [-0.63, -4.94, -6.2],
							"post": [0.12, -3.69, -5.7]
						},
						"1.375": {
							"pre": [0.12, -3.69, -5.7],
							"post": [1.12, -3.44, -4.7]
						},
						"1.4583": {
							"pre": [1.12, -3.44, -4.7],
							"post": [2.12, -2.44, -1.7]
						},
						"1.5833": {
							"pre": [2.12, -2.44, -1.7],
							"post": [-3.63, -8.94, -3.2]
						},
						"1.625": {
							"pre": [-3.63, -8.94, -3.2],
							"post": [-3.63, -7.94, -3.7]
						},
						"1.6667": {
							"pre": [-3.63, -7.94, -3.7],
							"post": [-3.63, -6.44, -5.7]
						}
					}
				},
				"right_arm": {
					"rotation": [90, 0, -180],
					"position": [5.65, -2.2, 5.5]
				}
			},
			"sound_effects": {
				"0.2917": {
					"effect": "reload_mag_out"
				},
				"1.125": {
					"effect": "reload_mag_in"
				},
				"1.625": {
					"effect": "reload_mag_out"
				}
			},
			"particle_effects": {
				"0.3333": {
					"effect": "eject_casing"
				},
				"0.375": {
					"effect": "eject_casing"
				},
				"1.6667": {
					"effect": "loaded"
				}
			}
		},
		"aim_shoot": {
			"loop": true,
			"animation_length": 0.8333,
			"bones": {
				"gun_body": {
					"rotation": {
						"0.0": [-10, 0, 0],
						"0.0833": {
							"pre": [-10, 0, 0],
							"post": [-7.45999, -0.76022, -7.4552]
						},
						"0.1667": {
							"pre": [-7.45999, -0.76022, -7.4552],
							"post": [0, 0, -7.5]
						},
						"0.25": {
							"pre": [0, 0, -7.5],
							"post": [0, 0, -5]
						},
						"0.3333": {
							"pre": [0, 0, -5],
							"post": [0.16029, -0.08068, 1.81569]
						},
						"0.4583": {
							"pre": [0.16029, -0.08068, 1.81569],
							"post": [0.01295, -0.04373, 3.49895]
						},
						"0.5833": {
							"pre": [0.01295, -0.04373, 3.49895],
							"post": [0, 0, 0]
						}
					},
					"position": {
						"0.0": [0, -0.5, 1],
						"0.0833": {
							"pre": [0, -0.5, 1],
							"post": [0, -1.25, 4.25]
						},
						"0.1667": {
							"pre": [0, -1.25, 4.25],
							"post": [0, -1.17, 3.75]
						},
						"0.3333": {
							"pre": [0, -1.17, 3.75],
							"post": [0, -0.77, 2.68]
						},
						"0.4583": {
							"pre": [0, -0.77, 2.68],
							"post": [0, 0, 1.325]
						},
						"0.5833": {
							"pre": [0, 0, 1.325],
							"post": [0, 0, 1]
						}
					}
				},
				"left_arm": {
					"rotation": {
						"0.0": [88.95054, -26.20116, -129.71317],
						"0.4583": {
							"pre": [88.95054, -26.20116, -129.71317],
							"post": [88.95054, -26.20116, -129.71317]
						},
						"0.5833": {
							"pre": [88.95054, -26.20116, -129.71317],
							"post": [88.95054, -26.20116, -129.71317]
						}
					},
					"position": {
						"0.0": [-3.63, -6.44, -5.7],
						"0.4583": {
							"pre": [-3.63, -6.44, -5.7],
							"post": [-3.63, -6.44, -5.7]
						},
						"0.5833": {
							"pre": [-3.63, -6.44, -5.7],
							"post": [-3.63, -6.44, -5.7]
						}
					}
				},
				"right_arm": {
					"rotation": [90, 0, -180],
					"position": [5.65, -2.2, 5.5]
				}
			}
		},
		"shoot": {
			"loop": true,
			"animation_length": 0.8333,
			"bones": {
				"gun_body": {
					"rotation": {
						"0.0": [-10, 0, 0],
						"0.0833": {
							"pre": [-10, 0, 0],
							"post": [-7.49762, -0.10901, -2.49762]
						},
						"0.1667": {
							"pre": [-7.49762, -0.10901, -2.49762],
							"post": [0, 0, 5]
						},
						"0.3333": {
							"pre": [0, 0, 5],
							"post": [0.16671, -0.06641, -3.18429]
						},
						"0.4583": {
							"pre": [0.16671, -0.06641, -3.18429],
							"post": [0.01295, -0.04373, 3.49895]
						},
						"0.5833": {
							"pre": [0.01295, -0.04373, 3.49895],
							"post": [0, 0, 0]
						}
					},
					"position": {
						"0.0": [0, -0.5, 1],
						"0.0833": {
							"pre": [0, -0.5, 1],
							"post": [0, -1.25, 4.25]
						},
						"0.1667": {
							"pre": [0, -1.25, 4.25],
							"post": [0, -1.17, 3.75]
						},
						"0.3333": {
							"pre": [0, -1.17, 3.75],
							"post": [0, -0.77, 2.68]
						},
						"0.4583": {
							"pre": [0, -0.77, 2.68],
							"post": [0, 0, 1.325]
						},
						"0.5833": {
							"pre": [0, 0, 1.325],
							"post": [0, 0, 1]
						}
					}
				},
				"left_arm": {
					"rotation": {
						"0.0": [88.95054, -26.20116, -129.71317],
						"0.4583": {
							"pre": [88.95054, -26.20116, -129.71317],
							"post": [88.95054, -26.20116, -129.71317]
						},
						"0.5833": {
							"pre": [88.95054, -26.20116, -129.71317],
							"post": [88.95054, -26.20116, -129.71317]
						}
					},
					"position": {
						"0.0": [-3.63, -6.44, -5.7],
						"0.4583": {
							"pre": [-3.63, -6.44, -5.7],
							"post": [-3.63, -6.44, -5.7]
						},
						"0.5833": {
							"pre": [-3.63, -6.44, -5.7],
							"post": [-3.63, -6.44, -5.7]
						}
					}
				},
				"right_arm": {
					"rotation": [90, 0, -180],
					"position": [5.65, -2.2, 5.5]
				}
			}
		}
	}
}