{
	"format_version": "1.8.0",
	"animations": {
		"draw": {
			"animation_length": 0.625,
			"bones": {
				"bolt": {
					"position": [0, 0, 0]
				},
				"gun_body": {
					"rotation": {
						"0.0": {
							"post": [-36.39429, -28.31604, 5.05996],
							"lerp_mode": "catmullrom"
						},
						"0.25": {
							"post": [-11.83102, -14.96568, 15.40346],
							"lerp_mode": "catmullrom"
						},
						"0.4167": {
							"post": [-0.12978, 0.95523, -1.9975],
							"lerp_mode": "catmullrom"
						},
						"0.5417": {
							"post": [0.06544, 0.02068, 0.99765],
							"lerp_mode": "catmullrom"
						},
						"0.625": [0, 0, 0]
					},
					"position": {
						"0.0": {
							"post": [-0.05, -5.86, 1.61],
							"lerp_mode": "catmullrom"
						},
						"0.25": {
							"post": [0.5, -0.75, 0],
							"lerp_mode": "catmullrom"
						},
						"0.4167": {
							"post": [0.1, -0.5, -0.2],
							"lerp_mode": "catmullrom"
						},
						"0.5417": {
							"post": [0, 0, 0],
							"lerp_mode": "catmullrom"
						},
						"0.625": [0, 0, 0]
					}
				},
				"left_arm": {
					"rotation": {
						"0.0": [140.17567, -51.6326, -321.0655],
						"0.4583": [73.95054, -26.20116, -129.71317],
						"0.625": [73.95054, -26.20116, -129.71317]
					},
					"position": {
						"0.0": [21.5, -9.02963, -2.1441],
						"0.2083": [-1.95, -5.49, -2.72],
						"0.4583": [-2.7, -5.85, -2.85],
						"0.625": [-2.7, -5.85, -2.85]
					},
					"scale": 0
				},
				"right_arm": {
					"rotation": {
						"0.0": [90, 0, -180],
						"0.625": [90, 0, -180]
					},
					"position": {
						"0.0": [5.65, -2.95, 5.5],
						"0.625": [5.65, -2.95, 5.5]
					}
				}
			}
		},
		"idle": {
			"loop": true,
			"bones": {
				"right_arm": {
					"rotation": [90, 0, -180],
					"position": [5.65, -2.95, 5.5]
				},
				"left_arm": {
					"scale": 0
				},
				"shell": {
					"scale": 0
				},
				"gun_body": {
					"rotation": [0, 0, 0],
					"position": [0, 0, 0]
				}
			}
		},
		"shoot": {
			"loop": true,
			"animation_length": 0.6667,
			"bones": {
				"right_arm": {
					"rotation": {
						"0.0": [90, 0, -180],
						"0.2083": [90, 0, -180],
						"0.3333": [122.5, 0, -180],
						"0.5417": [123.5, 0, -180],
						"0.6667": [90, 0, -180]
					},
					"position": {
						"0.0": [5.65, -2.95, 5.5],
						"0.2083": [5.65, -2.95, 5.5],
						"0.3333": [4.9, -3.45, 4.5],
						"0.4167": [4.9, -4.95, 6.5],
						"0.5417": [4.9, -5.05, 6.6],
						"0.6667": [5.65, -2.95, 5.5]
					}
				},
				"left_arm": {
					"scale": 0
				},
				"gun_body": {
					"rotation": {
						"0.0": [-22.93705, 0.68828, 8.80352],
						"0.0833": [-15.26114, 1.48201, 2.17325],
						"0.1667": [-15.26114, 1.48201, 2.17325],
						"0.2917": [-10.49756, 0.52035, 2.02334],
						"0.4583": [1.82659, -0.20104, 1.91089],
						"0.5833": [0, 0, 0],
						"0.6667": [0, 0, 0]
					},
					"position": {
						"0.0": [0, 1.84329, 2.35968],
						"0.0833": [0, 1.07, 2.84],
						"0.2917": [0, -1.09, 1],
						"0.4583": [0, -0.85, 0.3],
						"0.5833": [0, -0.5, 0.2],
						"0.6667": [0, 0, 0]
					}
				},
				"bolt": {
					"position": {
						"0.0": [0, 0, 1.75],
						"0.125": [0, 0, 0]
					}
				},
				"seal": {
					"rotation": {
						"0.0": {
							"post": [7.5, 0, 0],
							"lerp_mode": "catmullrom"
						},
						"0.0833": {
							"post": [-7.5, 0, 0],
							"lerp_mode": "catmullrom"
						},
						"0.1667": {
							"post": [0, 0, 0],
							"lerp_mode": "catmullrom"
						}
					}
				},
				"shell": {
					"scale": 0
				},
				"hammer": {
					"rotation": {
						"0.0": [66, 0, 0],
						"0.3333": [66, 0, 0],
						"0.4167": [0, 0, 0]
					}
				}
			}
		},
		"aim_shoot": {
			"loop": true,
			"animation_length": 0.6667,
			"bones": {
				"right_arm": {
					"rotation": {
						"0.0": [90, 0, -180],
						"0.2083": [90, 0, -180],
						"0.3333": [122.5, 0, -180],
						"0.5417": [123.5, 0, -180],
						"0.6667": [90, 0, -180]
					},
					"position": {
						"0.0": [5.65, -2.95, 5.5],
						"0.2083": [5.65, -2.95, 5.5],
						"0.3333": [4.9, -3.45, 4.5],
						"0.4167": [4.9, -4.95, 6.5],
						"0.5417": [4.9, -5.05, 6.6],
						"0.6667": [5.65, -2.95, 5.5]
					}
				},
				"left_arm": {
					"scale": 0
				},
				"gun_body": {
					"rotation": {
						"0.0": [-22.93705, 0.68828, 8.80352],
						"0.0833": [-15.26114, 1.48201, 2.17325],
						"0.1667": [-15.26114, 1.48201, 2.17325],
						"0.2917": [-10.49756, 0.52035, 2.02334],
						"0.4583": [1.82659, -0.20104, 1.91089],
						"0.5833": [0, 0, 0],
						"0.6667": [0, 0, 0]
					},
					"position": {
						"0.0": [0, 1.84329, 2.35968],
						"0.0833": [0, 1.07, 2.84],
						"0.2917": [0, -1.09, 1],
						"0.4583": [0, -0.85, 0.3],
						"0.5833": [0, 0, 0.2],
						"0.6667": [0, 0, 0]
					}
				},
				"shell": {
					"scale": 0
				},
				"hammer": {
					"rotation": {
						"0.0": [66, 0, 0],
						"0.3333": [66, 0, 0],
						"0.4167": [0, 0, 0]
					}
				}
			}
		},
		"inspect": {
			"animation_length": 8.2917,
			"bones": {
				"gun_body": {
					"rotation": {
						"0.0": [0, 0, 0],
						"0.0833": [-2.5, 0, -5],
						"0.1667": [-7.47864, -0.32621, -12.49294],
						"0.25": [-19.87314, -1.2969, -19.9307],
						"0.3333": {
							"pre": [-20.01114, -1.32137, -21.92263],
							"post": [-20.01114, -1.32137, -21.92263],
							"lerp_mode": "catmullrom"
						},
						"0.4167": {
							"post": [-20.05087, -0.29358, -19.10387],
							"lerp_mode": "catmullrom"
						},
						"0.5": {
							"post": [-20.13961, -0.34129, -21.10006],
							"lerp_mode": "catmullrom"
						},
						"0.6667": {
							"post": [-20.12016, -0.35702, -19.64359],
							"lerp_mode": "catmullrom"
						},
						"0.9167": {
							"post": [-20.18918, -0.31605, -21.09822],
							"lerp_mode": "catmullrom"
						},
						"1.125": {
							"post": [-20.12013, -0.30421, -20.10105],
							"lerp_mode": "catmullrom"
						},
						"1.375": {
							"post": [-19.62013, -0.30421, -20.10105],
							"lerp_mode": "catmullrom"
						},
						"1.5833": {
							"post": [-19.45564, 5.40033, -11.50732],
							"lerp_mode": "catmullrom"
						},
						"1.7083": {
							"post": [-19.18413, 8.74651, -4.95155],
							"lerp_mode": "catmullrom"
						},
						"1.8333": {
							"post": [-13.53441, 21.41526, 20.89118],
							"lerp_mode": "catmullrom"
						},
						"1.9583": {
							"post": [-13.15756, 22.64686, 23.72199],
							"lerp_mode": "catmullrom"
						},
						"2.0833": {
							"post": [-13.13595, 22.65322, 24.22988],
							"lerp_mode": "catmullrom"
						},
						"2.1667": {
							"post": [-13.53975, 22.42253, 23.17639],
							"lerp_mode": "catmullrom"
						},
						"2.5417": {
							"post": [-13.49666, 22.43546, 24.19195],
							"lerp_mode": "catmullrom"
						},
						"2.6667": {
							"post": [-12.59303, 21.91271, 26.53963],
							"lerp_mode": "catmullrom"
						},
						"2.75": {
							"post": [-11.31399, 21.55584, 29.92208],
							"lerp_mode": "catmullrom"
						},
						"2.8333": {
							"post": [-9.37669, 22.01837, 31.55077],
							"lerp_mode": "catmullrom"
						},
						"2.9583": {
							"post": [-8.63439, 23.31914, 33.52179],
							"lerp_mode": "catmullrom"
						},
						"3.0833": {
							"post": [-9.47944, 23.00426, 31.37356],
							"lerp_mode": "catmullrom"
						},
						"3.25": {
							"post": [-9.89625, 22.83598, 30.30332],
							"lerp_mode": "catmullrom"
						},
						"3.4583": {
							"post": [-6.34703, 23.24315, 32.98379],
							"lerp_mode": "catmullrom"
						},
						"3.7083": {
							"post": [-0.03224, 0.97326, 1.50032],
							"lerp_mode": "catmullrom"
						},
						"3.8333": {
							"post": [0, 0, 0],
							"lerp_mode": "catmullrom"
						},
						"3.9583": {
							"post": [-0.01558, -0.01399, -0.49956],
							"lerp_mode": "catmullrom"
						},
						"4.0833": [0, 0, 0]
					},
					"position": {
						"0.0": [0, 0, 0],
						"0.0833": [0, -0.75, -0.25],
						"0.1667": [-0.25, 0, -0.75],
						"0.25": [-0.5, 2, -0.5],
						"0.3333": {
							"pre": [-0.75, 1.5, -0.5],
							"post": [-0.75, 1.5, -0.5],
							"lerp_mode": "catmullrom"
						},
						"0.5": {
							"post": [-0.75, 1.2, -0.5],
							"lerp_mode": "catmullrom"
						},
						"0.6667": {
							"post": [-0.775, 1.4, -0.5],
							"lerp_mode": "catmullrom"
						},
						"0.9167": {
							"post": [-0.895, 1.3, -0.5],
							"lerp_mode": "catmullrom"
						},
						"1.25": {
							"post": [-0.99, 1.175, -0.5],
							"lerp_mode": "catmullrom"
						},
						"1.5833": {
							"post": [-0.59, 1.18, -0.5],
							"lerp_mode": "catmullrom"
						},
						"1.7083": {
							"post": [0.16, -0.07, -0.5],
							"lerp_mode": "catmullrom"
						},
						"1.8333": {
							"post": [0.91, -0.57, -0.5],
							"lerp_mode": "catmullrom"
						},
						"1.9583": {
							"post": [1.16, -0.32, -0.5],
							"lerp_mode": "catmullrom"
						},
						"2.0833": {
							"post": [1.06, -0.32, -0.7],
							"lerp_mode": "catmullrom"
						},
						"2.2083": {
							"post": [1.06, -0.32, -0.66],
							"lerp_mode": "catmullrom"
						},
						"2.5417": {
							"post": [1.085, -0.32, -0.7],
							"lerp_mode": "catmullrom"
						},
						"2.6667": {
							"post": [0.99, -0.22, -0.7],
							"lerp_mode": "catmullrom"
						},
						"2.8333": {
							"post": [0.99, -0.02, -0.7],
							"lerp_mode": "catmullrom"
						},
						"3.0833": {
							"post": [1.09, -0.12, -0.8],
							"lerp_mode": "catmullrom"
						},
						"3.4583": {
							"post": [0.79, -0.72, -1.3],
							"lerp_mode": "catmullrom"
						},
						"3.5833": {
							"post": [0.38, -1.15, -0.68],
							"lerp_mode": "catmullrom"
						},
						"3.7083": {
							"post": [-0.1, -0.4, 0],
							"lerp_mode": "catmullrom"
						},
						"3.8333": {
							"post": [0, -0.1, 0.1],
							"lerp_mode": "catmullrom"
						},
						"3.9583": {
							"post": [0, 0, 0],
							"lerp_mode": "catmullrom"
						},
						"4.0833": [0, 0, 0]
					}
				},
				"shell": {
					"scale": 0
				},
				"left_arm": {
					"scale": 0
				},
				"right_arm": {
					"rotation": {
						"0.0": [90, 0, -180],
						"4.0833": [90, 0, -180]
					},
					"position": {
						"0.0": [5.65, -2.95, 5.5],
						"4.0833": [5.65, -2.95, 5.5]
					}
				}
			}
		},
		"reload": {
			"animation_length": 2.6667,
			"bones": {
				"gun_body": {
					"rotation": {
						"0.0": {
							"post": [0, 0, 0],
							"lerp_mode": "catmullrom"
						},
						"0.125": {
							"post": [-4, 0, -7],
							"lerp_mode": "catmullrom"
						},
						"0.25": {
							"post": [-15.60448, 3.26449, -4.53519],
							"lerp_mode": "catmullrom"
						},
						"0.4167": {
							"post": [-21.99495, 18.05999, 14.39708],
							"lerp_mode": "catmullrom"
						},
						"0.5": {
							"post": [-40.39193, 19.86875, 19.32642],
							"lerp_mode": "catmullrom"
						},
						"0.625": {
							"post": [14.60807, 19.86875, 19.32642],
							"lerp_mode": "catmullrom"
						},
						"0.7917": {
							"post": [13.28286, 20.98185, 14.52116],
							"lerp_mode": "catmullrom"
						},
						"0.9583": {
							"post": [9.31711, 22.94729, 3.94594],
							"lerp_mode": "catmullrom"
						},
						"1.0833": {
							"post": [9.50714, 21.43145, 6.60068],
							"lerp_mode": "catmullrom"
						},
						"1.2083": {
							"post": [10.46302, 20.99789, 9.24182],
							"lerp_mode": "catmullrom"
						},
						"1.375": {
							"post": [11.19639, 20.50518, 8.80357],
							"lerp_mode": "catmullrom"
						},
						"1.5": {
							"post": [11.1309, 20.49676, 7.78255],
							"lerp_mode": "catmullrom"
						},
						"1.625": {
							"post": [10.01202, 21.04729, 4.62841],
							"lerp_mode": "catmullrom"
						},
						"1.75": {
							"post": [9.24654, 21.38188, 2.51324],
							"lerp_mode": "catmullrom"
						},
						"1.875": {
							"post": [9.24654, 21.38188, 2.51324],
							"lerp_mode": "catmullrom"
						},
						"2.0417": {
							"post": [6.77512, 6.21908, -4.82536],
							"lerp_mode": "catmullrom"
						},
						"2.1667": {
							"post": [-7.37727, 5.16502, -32.1848],
							"lerp_mode": "catmullrom"
						},
						"2.25": {
							"post": [-20.44265, 1.71082, -41.58768],
							"lerp_mode": "catmullrom"
						},
						"2.3333": {
							"post": [-7.23325, 2.52481, -24.09453],
							"lerp_mode": "catmullrom"
						},
						"2.4583": [0, 0, 0],
						"2.5833": [-0.17704, -0.05617, -2.99416],
						"2.6667": [0, 0, 0]
					},
					"position": {
						"0.0": {
							"post": [0, 0, 0],
							"lerp_mode": "catmullrom"
						},
						"0.125": {
							"post": [0, -0.1, 0.2],
							"lerp_mode": "catmullrom"
						},
						"0.25": {
							"post": [0, 1.05, 1],
							"lerp_mode": "catmullrom"
						},
						"0.4167": {
							"post": [0.25, 1.8, 0.25],
							"lerp_mode": "catmullrom"
						},
						"0.5": {
							"post": [0.25, -0.2, -0.25],
							"lerp_mode": "catmullrom"
						},
						"0.625": {
							"post": [0.25, -2.2, -1.25],
							"lerp_mode": "catmullrom"
						},
						"0.7917": {
							"post": [0.6, -2.75, -1.25],
							"lerp_mode": "catmullrom"
						},
						"0.9583": {
							"post": [0.6, -2.55, -1.25],
							"lerp_mode": "catmullrom"
						},
						"1.0833": {
							"post": [0.35, -2.55, -1.25],
							"lerp_mode": "catmullrom"
						},
						"1.2083": {
							"post": [0.85, -2.55, -1.25],
							"lerp_mode": "catmullrom"
						},
						"1.375": {
							"post": [0.65, -2.4, -1.25],
							"lerp_mode": "catmullrom"
						},
						"1.5": {
							"post": [0.55, -2.6, -1.25],
							"lerp_mode": "catmullrom"
						},
						"1.625": {
							"post": [0.75, -2.4, -1.25],
							"lerp_mode": "catmullrom"
						},
						"1.75": {
							"post": [0.85, -2.6, -1.25],
							"lerp_mode": "catmullrom"
						},
						"1.875": {
							"post": [0.6, -3.1, -1],
							"lerp_mode": "catmullrom"
						},
						"2.0417": {
							"post": [0.1, -4.6, -1],
							"lerp_mode": "catmullrom"
						},
						"2.1667": {
							"post": [-0.9, -1.6, -1],
							"lerp_mode": "catmullrom"
						},
						"2.25": {
							"post": [-1.15, -2.6, -0.25],
							"lerp_mode": "catmullrom"
						},
						"2.3333": {
							"post": [-1.15, -2.85, -0.25],
							"lerp_mode": "catmullrom"
						},
						"2.4583": [0, -1, 0.75],
						"2.5833": [0, 0, 0],
						"2.6667": [0, 0, 0]
					}
				},
				"left_arm": {
					"rotation": {
						"0.0": {
							"post": [0, 0, 0],
							"lerp_mode": "catmullrom"
						},
						"0.5417": [-6.7617, -31.9375, -35.76797],
						"0.7917": [-6.7617, -31.9375, -35.76797],
						"0.9583": {
							"pre": [6.86988, -33.69029, -24.04653],
							"post": [6.86988, -33.69029, -24.04653],
							"lerp_mode": "catmullrom"
						},
						"1.0833": {
							"post": [5.72318, 3.60091, -19.86245],
							"lerp_mode": "catmullrom"
						},
						"1.9583": {
							"post": [5.72318, 3.60091, -19.86245],
							"lerp_mode": "catmullrom"
						},
						"2.25": {
							"post": [0, 0, 0],
							"lerp_mode": "catmullrom"
						}
					},
					"position": {
						"0.0": {
							"post": [6.75, -16, 0],
							"lerp_mode": "catmullrom"
						},
						"0.5417": [2.75, -28, 21],
						"0.625": [2.75, -20.67, -12.67],
						"0.7917": [2.75, -6, -5],
						"0.9583": {
							"pre": [-1.75, -7, -2.75],
							"post": [-1.75, -7, -2.75],
							"lerp_mode": "catmullrom"
						},
						"1.0833": {
							"post": [-2.25, -7, -3.5],
							"lerp_mode": "catmullrom"
						},
						"1.9583": {
							"post": [-2.25, -7, -3.5],
							"lerp_mode": "catmullrom"
						},
						"2.0417": {
							"post": [0.75, -7, -3.5],
							"lerp_mode": "catmullrom"
						},
						"2.125": {
							"post": [3.22, -10.38, -32.2],
							"lerp_mode": "catmullrom"
						},
						"2.25": {
							"post": [6.75, -16, -16],
							"lerp_mode": "catmullrom"
						}
					},
					"scale": {
						"0.0": {
							"post": [0, 0, 0],
							"lerp_mode": "catmullrom"
						},
						"0.5417": {
							"post": [0, 0, 0],
							"lerp_mode": "catmullrom"
						},
						"0.5833": {
							"post": [1, 1, 1],
							"lerp_mode": "catmullrom"
						},
						"2.0833": {
							"post": [1, 1, 1],
							"lerp_mode": "catmullrom"
						},
						"2.125": {
							"post": [0, 0, 0],
							"lerp_mode": "catmullrom"
						}
					}
				},
				"right_arm": {
					"rotation": [90, 0, -180],
					"position": [5.65, -2.95, 5.5]
				},
				"magazine": {
					"rotation": {
						"0.0": {
							"post": [0, 0, 0],
							"lerp_mode": "catmullrom"
						},
						"1.0": {
							"post": [0, 0, 0],
							"lerp_mode": "catmullrom"
						},
						"1.125": {
							"post": [0, 22.5, 0],
							"lerp_mode": "catmullrom"
						},
						"1.25": {
							"post": [-17.5, -17.5, 0],
							"lerp_mode": "catmullrom"
						},
						"1.5833": {
							"post": [-17.5, -17.5, 0],
							"lerp_mode": "catmullrom"
						},
						"1.7083": {
							"post": [-16.87096, 8.81625, -8.0774],
							"lerp_mode": "catmullrom"
						},
						"1.7917": {
							"post": [0, 0, 0],
							"lerp_mode": "catmullrom"
						},
						"1.875": {
							"post": [0, 0, 0],
							"lerp_mode": "catmullrom"
						}
					},
					"position": {
						"0.0": {
							"post": [0, 0, 0],
							"lerp_mode": "catmullrom"
						},
						"1.0": {
							"post": [0, 0, 0],
							"lerp_mode": "catmullrom"
						},
						"1.125": {
							"post": [1, 0, 3],
							"lerp_mode": "catmullrom"
						},
						"1.25": {
							"post": [3, 0, 2],
							"lerp_mode": "catmullrom"
						},
						"1.375": {
							"post": [7, -10, -1],
							"lerp_mode": "catmullrom"
						},
						"1.5833": {
							"post": [3, 0, 2],
							"lerp_mode": "catmullrom"
						},
						"1.7083": {
							"post": [1, 0, 2],
							"lerp_mode": "catmullrom"
						},
						"1.7917": {
							"post": [0, 0, 1.5],
							"lerp_mode": "catmullrom"
						},
						"1.875": {
							"post": [0, 0, 0],
							"lerp_mode": "catmullrom"
						}
					}
				},
				"barrel": {
					"rotation": {
						"0.0": {
							"post": [0, 0, 0],
							"lerp_mode": "catmullrom"
						},
						"0.5417": {
							"post": [0, 0, 0],
							"lerp_mode": "catmullrom"
						},
						"0.625": {
							"post": [62.5, 0, 0],
							"lerp_mode": "catmullrom"
						},
						"2.125": {
							"post": [62.5, 0, 0],
							"lerp_mode": "catmullrom"
						},
						"2.2083": {
							"post": [0, 0, 0],
							"lerp_mode": "catmullrom"
						}
					},
					"position": {
						"0.0": {
							"post": [0, 0, 0],
							"lerp_mode": "catmullrom"
						}
					}
				}
			},
			"sound_effects": {
				"0.125": {
					"effect": "gun_rustle"
				},
				"0.5417": {
					"effect": "bolt"
				},
				"1.0": {
					"effect": "reload_mag_out"
				},
				"1.75": {
					"effect": "reload_mag_in"
				},
				"2.1667": {
					"effect": "bolt"
				}
			},
			"particle_effects": {
				"2.2083": {
					"effect": "loaded"
				}
			}
		}
	}
}