{
	"format_version": "1.8.0",
	"animations": {
		"aim_shoot": {
			"loop": true,
			"animation_length": 0.375,
			"bones": {
				"right_arm": {
					"rotation": {
						"0.0": [90, 0, -180],
						"0.375": [90, 0, -180]
					},
					"position": {
						"0.0": [5.65, -2.95, 5.5],
						"0.375": [5.65, -2.95, 5.5]
					}
				},
				"left_arm": {
					"scale": 0
				},
				"gun_body": {
					"rotation": {
						"0.0": [-5.39985, 1.03274, 11.27996],
						"0.0833": [-7.77367, 1.41443, 1.67768],
						"0.1667": [-2.76114, 1.48201, 2.17325],
						"0.2917": [0.89144, 0.13049, 1.78662],
						"0.375": [0, 0, 0]
					},
					"position": {
						"0.0": [0, 1.34329, 2.35968],
						"0.0833": [0, 0.57, 2.84],
						"0.1667": [0, -0.08, 1.94],
						"0.2917": [0, 0.05, -0.1],
						"0.375": [0, 0, 0]
					}
				},
				"shell": {
					"scale": 0
				},
				"hammer": {
					"rotation": {
						"0.0": [0, 0, 0],
						"0.0417": [66, 0, 0],
						"0.25": [0, 0, 0]
					}
				}
			}
		},
		"shoot": {
			"loop": true,
			"animation_length": 0.625,
			"bones": {
				"right_arm": {
					"rotation": {
						"0.0": [90, 0, -180],
						"0.375": [90, 0, -180]
					},
					"position": {
						"0.0": [5.65, -2.95, 5.5],
						"0.375": [5.65, -2.95, 5.5]
					}
				},
				"left_arm": {
					"scale": 0
				},
				"gun_body": {
					"rotation": {
						"0.0": [-7.93705, 0.68828, 8.80352],
						"0.0833": [-7.76114, 1.48201, 2.17325],
						"0.1667": [-2.76114, 1.48201, 2.17325],
						"0.2917": [0.89144, 0.13049, 1.78662],
						"0.375": [0, 0, 0]
					},
					"position": {
						"0.0": [0, 1.84329, 2.35968],
						"0.0833": [0, 1.82, 2.84],
						"0.1667": [0, 1.42, 1.94],
						"0.2917": [0, 0.05, -0.1],
						"0.375": [0, 0, 0]
					}
				},
				"bolt": {
					"position": {
						"0.0": [0, 0, 1.75],
						"0.125": [0, 0, 0]
					}
				},
				"seal": {
					"rotation": {
						"0.0": {
							"post": [7.5, 0, 0],
							"lerp_mode": "catmullrom"
						},
						"0.0833": {
							"post": [-7.5, 0, 0],
							"lerp_mode": "catmullrom"
						},
						"0.1667": {
							"post": [0, 0, 0],
							"lerp_mode": "catmullrom"
						}
					}
				},
				"shell": {
					"scale": 0
				},
				"hammer": {
					"rotation": {
						"0.0": [66, 0, 0],
						"0.3333": [0, 0, 0]
					}
				}
			}
		},
		"idle": {
			"loop": true,
			"bones": {
				"right_arm": {
					"rotation": [90, 0, -180],
					"position": [5.65, -2.95, 5.5]
				},
				"left_arm": {
					"scale": 0
				},
				"shell": {
					"scale": 0
				},
				"gun_body": {
					"rotation": [0, 0, 0],
					"position": [0, 0, 0]
				}
			}
		},
		"reload_start": {
			"animation_length": 0.5833,
			"bones": {
				"gun_body": {
					"rotation": {
						"0.0": [0, 0, 0],
						"0.0833": {
							"pre": [3.20177, 1.5625, -21.17839],
							"post": [3.20177, 1.5625, -21.17839],
							"lerp_mode": "catmullrom"
						},
						"0.125": {
							"post": [3.20177, 1.5625, -21.17839],
							"lerp_mode": "catmullrom"
						},
						"0.25": {
							"post": [-9.141, -5.92302, 28.7759],
							"lerp_mode": "catmullrom"
						},
						"0.4167": {
							"post": [-9.4187, -6.74358, 29.70821],
							"lerp_mode": "catmullrom"
						}
					},
					"position": {
						"0.0": [0, 0, 0],
						"0.0833": {
							"pre": [-0.425, -0.725, 0],
							"post": [-0.425, -0.725, 0],
							"lerp_mode": "catmullrom"
						},
						"0.125": {
							"post": [0.075, 0.075, 0],
							"lerp_mode": "catmullrom"
						},
						"0.25": {
							"post": [0.78, 0.73, 0],
							"lerp_mode": "catmullrom"
						},
						"0.3333": {
							"post": [0.92, 0.92, 0],
							"lerp_mode": "catmullrom"
						},
						"0.4167": {
							"post": [0.78, 1.03, 0],
							"lerp_mode": "catmullrom"
						}
					}
				},
				"left_arm": {
					"rotation": {
						"0.0": {
							"post": [73.95054, -26.20116, -129.71317],
							"lerp_mode": "catmullrom"
						},
						"0.3333": {
							"post": [73.95, -26.2, -129.71],
							"lerp_mode": "catmullrom"
						}
					},
					"position": {
						"0.0": {
							"post": [-3.90947, -6.4756, -2.75569],
							"lerp_mode": "catmullrom"
						},
						"0.3333": {
							"post": [-3.91, -6.48, -2.76],
							"lerp_mode": "catmullrom"
						}
					},
					"scale": {
						"0.0": {
							"post": [0, 0, 0],
							"lerp_mode": "catmullrom"
						},
						"0.3333": {
							"post": [0, 0, 0],
							"lerp_mode": "catmullrom"
						}
					}
				},
				"right_arm": {
					"rotation": [90, 0, -180],
					"position": [5.65, -2.95, 5.5]
				},
				"magazine": {
					"rotation": {
						"0.2083": {
							"pre": [0, 0, 0],
							"post": [0, 0, 0],
							"lerp_mode": "catmullrom"
						},
						"0.2917": {
							"post": [0, 0, 95],
							"lerp_mode": "catmullrom"
						},
						"0.3333": {
							"post": [0, 0, 95],
							"lerp_mode": "catmullrom"
						}
					},
					"position": {
						"0.0": {
							"post": [0, 0, 0],
							"lerp_mode": "catmullrom"
						},
						"0.25": {
							"post": [0, 0, 0],
							"lerp_mode": "catmullrom"
						},
						"0.2917": {
							"post": [-0.25, 0.25, 0],
							"lerp_mode": "catmullrom"
						},
						"0.3333": {
							"post": [-0.43, 0.35, 0],
							"lerp_mode": "catmullrom"
						}
					}
				}
			},
			"sound_effects": {
				"0.125": {
					"effect": "rustle"
				},
				"0.2917": {
					"effect": "reload_mag_out"
				}
			},
			"particle_effects": {
				"0.0": {
					"effect": "stop_mag_tracking"
				}
			}
		},
		"reload_stop": {
			"animation_length": 0.8333,
			"bones": {
				"gun_body": {
					"rotation": {
						"0.0": {
							"post": [-9.4187, -6.74358, 29.70821],
							"lerp_mode": "catmullrom"
						},
						"0.0833": {
							"post": [-11.51849, -6.55826, 26.54306],
							"lerp_mode": "catmullrom"
						},
						"0.1667": {
							"post": [-14.53739, -5.53704, 31.46514],
							"lerp_mode": "catmullrom"
						},
						"0.25": {
							"post": [-10.78735, -14.44135, -16.00779],
							"lerp_mode": "catmullrom"
						},
						"0.3333": {
							"post": [7.91166, -16.08565, -26.23372],
							"lerp_mode": "catmullrom"
						},
						"0.5417": [0, 0, 0],
						"0.625": [-0.03987, -0.01361, -0.99911],
						"0.75": [0, 0, 0]
					},
					"position": {
						"0.0": {
							"post": [0.78, 1.03, 0],
							"lerp_mode": "catmullrom"
						},
						"0.0833": {
							"post": [1.08, 0.53, 0],
							"lerp_mode": "catmullrom"
						},
						"0.1667": {
							"post": [1.08, 0.23, 0.5],
							"lerp_mode": "catmullrom"
						},
						"0.25": {
							"post": [1.08, 1.13, -0.2],
							"lerp_mode": "catmullrom"
						},
						"0.3333": {
							"post": [1.08, 1.08, -0.2],
							"lerp_mode": "catmullrom"
						},
						"0.4167": {
							"post": [0.67, 0.01, -0.12],
							"lerp_mode": "catmullrom"
						},
						"0.5": {
							"post": [0.14, -0.07, 0.03],
							"lerp_mode": "catmullrom"
						},
						"0.625": [0, 0, 0],
						"0.75": [0, 0, 0]
					}
				},
				"left_arm": {
					"rotation": {
						"0.0": {
							"post": [73.95, -26.2, -129.71],
							"lerp_mode": "catmullrom"
						}
					},
					"position": {
						"0.0": {
							"post": [10.08994, -8.68643, 8.43189],
							"lerp_mode": "catmullrom"
						}
					},
					"scale": {
						"0.0": [0, 0, 0],
						"0.5417": [0, 0, 0],
						"0.625": [0, 0, 0]
					}
				},
				"right_arm": {
					"rotation": {
						"0.0": [90, 0, -180],
						"0.5417": [90, 0, -180],
						"0.625": [90, 0, -180]
					},
					"position": {
						"0.0": [5.95, -2.95, 6],
						"0.5417": [5.65, -2.95, 5.5],
						"0.625": [5.65, -2.95, 5.5]
					}
				},
				"shell": {
					"scale": {
						"0.625": {
							"pre": [0, 0, 0],
							"post": [0, 0, 0],
							"lerp_mode": "catmullrom"
						}
					}
				},
				"magazine": {
					"rotation": {
						"0.0": {
							"post": [0, 0, 95],
							"lerp_mode": "catmullrom"
						},
						"0.2917": [0, 0, 95],
						"0.4583": [0, 0, 0],
						"0.625": [0, 0, 0]
					},
					"position": {
						"0.0": {
							"post": [-0.43, 0.35, 0],
							"lerp_mode": "catmullrom"
						},
						"0.4583": [0, 0, 0],
						"0.625": [0, 0, 0]
					}
				},
				"cylinder_magazine": {
					"rotation": {
						"0.0": [0, 0, 0],
						"0.3333": [0, 0, 0],
						"0.4167": [0, 0, -7.5],
						"0.5": [0, 0, 0]
					}
				}
			},
			"sound_effects": {
				"0.4167": {
					"effect": "reload_end"
				},
				"0.5": {
					"effect": "bolt"
				}
			},
			"particle_effects": {
				"0.0": {
					"effect": "loaded"
				}
			}
		},
		"draw": {
			"animation_length": 0.625,
			"bones": {
				"bolt": {
					"position": [0, 0, 0]
				},
				"gun_body": {
					"rotation": {
						"0.0": {
							"post": [-36.39429, -28.31604, 5.05996],
							"lerp_mode": "catmullrom"
						},
						"0.25": {
							"post": [-11.83102, -14.96568, 15.40346],
							"lerp_mode": "catmullrom"
						},
						"0.4167": {
							"post": [-0.12978, 0.95523, -1.9975],
							"lerp_mode": "catmullrom"
						},
						"0.5417": {
							"post": [0.06544, 0.02068, 0.99765],
							"lerp_mode": "catmullrom"
						},
						"0.625": [0, 0, 0]
					},
					"position": {
						"0.0": {
							"post": [-0.05, -5.86, 1.61],
							"lerp_mode": "catmullrom"
						},
						"0.25": {
							"post": [0.5, -0.75, 0],
							"lerp_mode": "catmullrom"
						},
						"0.4167": {
							"post": [0.1, -0.5, -0.2],
							"lerp_mode": "catmullrom"
						},
						"0.5417": {
							"post": [0, 0, 0],
							"lerp_mode": "catmullrom"
						},
						"0.625": [0, 0, 0]
					}
				},
				"left_arm": {
					"rotation": {
						"0.0": [140.17567, -51.6326, -321.0655],
						"0.4583": [73.95054, -26.20116, -129.71317],
						"0.625": [73.95054, -26.20116, -129.71317]
					},
					"position": {
						"0.0": [21.5, -9.02963, -2.1441],
						"0.2083": [-1.95, -5.49, -2.72],
						"0.4583": [-2.7, -5.85, -2.85],
						"0.625": [-2.7, -5.85, -2.85]
					},
					"scale": 0
				},
				"right_arm": {
					"rotation": {
						"0.0": [90, 0, -180],
						"0.625": [90, 0, -180]
					},
					"position": {
						"0.0": [5.65, -2.95, 5.5],
						"0.625": [5.65, -2.95, 5.5]
					}
				}
			}
		},
		"inspect": {
			"animation_length": 8.2917,
			"bones": {
				"gun_body": {
					"rotation": {
						"0.0": [0, 0, 0],
						"0.0833": {
							"pre": [-2.5, 0, -5],
							"post": [-2.5, 0, -5],
							"lerp_mode": "catmullrom"
						},
						"0.1667": {
							"post": [-7.47864, -0.32621, -12.49294],
							"lerp_mode": "catmullrom"
						},
						"0.25": {
							"post": [-19.87314, -1.2969, -19.9307],
							"lerp_mode": "catmullrom"
						},
						"0.3333": {
							"post": [-20.01114, -1.32137, -21.92263],
							"lerp_mode": "catmullrom"
						},
						"0.4167": {
							"post": [-20.05087, -0.29358, -19.10387],
							"lerp_mode": "catmullrom"
						},
						"0.5": {
							"post": [-20.13961, -0.34129, -21.10006],
							"lerp_mode": "catmullrom"
						},
						"0.6667": {
							"post": [-20.12016, -0.35702, -19.64359],
							"lerp_mode": "catmullrom"
						},
						"0.9167": {
							"post": [-20.18918, -0.31605, -21.09822],
							"lerp_mode": "catmullrom"
						},
						"1.125": {
							"post": [-20.12013, -0.30421, -20.10105],
							"lerp_mode": "catmullrom"
						},
						"1.375": {
							"post": [-19.62013, -0.30421, -20.10105],
							"lerp_mode": "catmullrom"
						},
						"1.5833": {
							"post": [-19.45564, 5.40033, -11.50732],
							"lerp_mode": "catmullrom"
						},
						"1.7083": {
							"post": [-19.18413, 8.74651, -4.95155],
							"lerp_mode": "catmullrom"
						},
						"1.8333": {
							"post": [-13.53441, 21.41526, 20.89118],
							"lerp_mode": "catmullrom"
						},
						"1.9583": {
							"post": [-13.15756, 22.64686, 23.72199],
							"lerp_mode": "catmullrom"
						},
						"2.0833": {
							"post": [-13.13595, 22.65322, 24.22988],
							"lerp_mode": "catmullrom"
						},
						"2.1667": {
							"post": [-13.53975, 22.42253, 23.17639],
							"lerp_mode": "catmullrom"
						},
						"2.5417": {
							"post": [-13.49666, 22.43546, 24.19195],
							"lerp_mode": "catmullrom"
						},
						"2.6667": {
							"post": [-12.59303, 21.91271, 26.53963],
							"lerp_mode": "catmullrom"
						},
						"2.75": {
							"post": [-11.31399, 21.55584, 29.92208],
							"lerp_mode": "catmullrom"
						},
						"2.8333": {
							"post": [-9.37669, 22.01837, 31.55077],
							"lerp_mode": "catmullrom"
						},
						"2.9583": {
							"post": [-8.63439, 23.31914, 33.52179],
							"lerp_mode": "catmullrom"
						},
						"3.0833": {
							"post": [-9.47944, 23.00426, 31.37356],
							"lerp_mode": "catmullrom"
						},
						"3.25": {
							"post": [-9.89625, 22.83598, 30.30332],
							"lerp_mode": "catmullrom"
						},
						"3.4583": {
							"post": [-6.34703, 23.24315, 32.98379],
							"lerp_mode": "catmullrom"
						},
						"3.7083": {
							"post": [-0.03224, 0.97326, 1.50032],
							"lerp_mode": "catmullrom"
						},
						"3.8333": {
							"post": [0, 0, 0],
							"lerp_mode": "catmullrom"
						},
						"3.9583": {
							"post": [-0.01558, -0.01399, -0.49956],
							"lerp_mode": "catmullrom"
						},
						"4.0833": {
							"post": [0, 0, 0],
							"lerp_mode": "catmullrom"
						}
					},
					"position": {
						"0.0": [0, 0, 0],
						"0.0833": {
							"pre": [0, -0.75, -0.25],
							"post": [0, -0.75, -0.25],
							"lerp_mode": "catmullrom"
						},
						"0.1667": {
							"post": [-0.25, 0, -0.75],
							"lerp_mode": "catmullrom"
						},
						"0.25": {
							"post": [-0.5, 2, -0.5],
							"lerp_mode": "catmullrom"
						},
						"0.3333": {
							"post": [-0.75, 1.5, -0.5],
							"lerp_mode": "catmullrom"
						},
						"0.5": {
							"post": [-0.75, 1.2, -0.5],
							"lerp_mode": "catmullrom"
						},
						"0.6667": {
							"post": [-0.775, 1.4, -0.5],
							"lerp_mode": "catmullrom"
						},
						"0.9167": {
							"post": [-0.895, 1.3, -0.5],
							"lerp_mode": "catmullrom"
						},
						"1.25": {
							"post": [-0.99, 1.175, -0.5],
							"lerp_mode": "catmullrom"
						},
						"1.5833": {
							"post": [-0.59, 1.18, -0.5],
							"lerp_mode": "catmullrom"
						},
						"1.7083": {
							"post": [0.16, -0.07, -0.5],
							"lerp_mode": "catmullrom"
						},
						"1.8333": {
							"post": [0.91, -0.57, -0.5],
							"lerp_mode": "catmullrom"
						},
						"1.9583": {
							"post": [1.16, -0.32, -0.5],
							"lerp_mode": "catmullrom"
						},
						"2.0833": {
							"post": [1.06, -0.32, -0.7],
							"lerp_mode": "catmullrom"
						},
						"2.2083": {
							"post": [1.06, -0.32, -0.66],
							"lerp_mode": "catmullrom"
						},
						"2.5417": {
							"post": [1.085, -0.32, -0.7],
							"lerp_mode": "catmullrom"
						},
						"2.6667": {
							"post": [0.99, -0.22, -0.7],
							"lerp_mode": "catmullrom"
						},
						"2.8333": {
							"post": [0.99, -0.02, -0.7],
							"lerp_mode": "catmullrom"
						},
						"3.0833": {
							"post": [1.09, -0.12, -0.8],
							"lerp_mode": "catmullrom"
						},
						"3.4583": {
							"post": [0.79, -0.72, -1.3],
							"lerp_mode": "catmullrom"
						},
						"3.5833": {
							"post": [0.38, -1.15, -0.68],
							"lerp_mode": "catmullrom"
						},
						"3.7083": {
							"post": [-0.1, 0.1, 0],
							"lerp_mode": "catmullrom"
						},
						"3.8333": {
							"post": [0, -0.1, 0.1],
							"lerp_mode": "catmullrom"
						},
						"3.9583": {
							"post": [0, 0, 0],
							"lerp_mode": "catmullrom"
						},
						"4.0833": {
							"post": [0, 0, 0],
							"lerp_mode": "catmullrom"
						}
					}
				},
				"shell": {
					"scale": 0
				},
				"left_arm": {
					"rotation": [73.95054, -26.20116, -129.71317],
					"position": [-3.5, -4.7, -2.85],
					"scale": 0
				},
				"right_arm": {
					"rotation": {
						"0.0": [90, 0, -180],
						"4.0833": [90, 0, -180]
					},
					"position": {
						"0.0": [5.65, -2.95, 5.5],
						"4.0833": [5.65, -2.95, 5.5]
					}
				}
			},
			"sound_effects": {
				"0.4583": {
					"effect": "rustle"
				},
				"1.5417": {
					"effect": "bolt_pull"
				},
				"2.6667": {
					"effect": "bolt_release"
				},
				"3.0": {
					"effect": "reload_end"
				},
				"3.0833": {
					"effect": "bolt"
				},
				"4.625": {
					"effect": "rustle"
				}
			}
		},
		"reload_loop": {
			"loop": true,
			"animation_length": 0.776,
			"bones": {
				"gun_body": {
					"rotation": {
						"0.0": {
							"post": [-9.4187, -6.74358, 29.70821],
							"lerp_mode": "catmullrom"
						},
						"0.2222": {
							"post": [-9.578, -8.55119, 31.03619],
							"lerp_mode": "catmullrom"
						},
						"0.2857": {
							"post": [-9.27187, -8.80946, 28.98967],
							"lerp_mode": "catmullrom"
						},
						"0.3651": {
							"post": [-9.55682, -7.30671, 27.44518],
							"lerp_mode": "catmullrom"
						},
						"0.4286": {
							"post": [-7.55682, -7.30671, 27.44518],
							"lerp_mode": "catmullrom"
						},
						"0.6032": {
							"post": [-8.88493, -7.54467, 31.3962],
							"lerp_mode": "catmullrom"
						},
						"0.7619": {
							"post": [-9.4187, -6.74358, 29.70821],
							"lerp_mode": "catmullrom"
						}
					},
					"position": {
						"0.0": {
							"post": [0.78, 1.03, 0],
							"lerp_mode": "catmullrom"
						},
						"0.2222": {
							"post": [0.78, 0.83, 0],
							"lerp_mode": "catmullrom"
						},
						"0.2857": {
							"post": [0.78, 0.82, -0.1],
							"lerp_mode": "catmullrom"
						},
						"0.3651": {
							"post": [0.78, 0.66, -0.6],
							"lerp_mode": "catmullrom"
						},
						"0.4286": {
							"post": [0.78, 0.36, -0.2],
							"lerp_mode": "catmullrom"
						},
						"0.6032": {
							"post": [0.78, 0.73, 0],
							"lerp_mode": "catmullrom"
						},
						"0.7619": {
							"post": [0.78, 1.03, 0],
							"lerp_mode": "catmullrom"
						}
					}
				},
				"left_arm": {
					"rotation": {
						"0.0": {
							"post": [73.95, -26.2, -129.71],
							"lerp_mode": "catmullrom"
						},
						"0.127": {
							"post": [59.28451, -22.94351, -121.18932],
							"lerp_mode": "catmullrom"
						},
						"0.2222": [59.72093, -22.99018, -119.6752],
						"0.2857": [59.72093, -22.99018, -119.6752],
						"0.3651": [70.58292, -10.17508, -120.81399],
						"0.5079": [67.15874, -11.06569, -120.91751],
						"0.7619": {
							"pre": [73.95, -26.2, -129.71],
							"post": [73.95, -26.2, -129.71],
							"lerp_mode": "catmullrom"
						}
					},
					"position": {
						"0.0": {
							"post": [10.08994, -8.68643, 8.43189],
							"lerp_mode": "catmullrom"
						},
						"0.2222": [1.74159, -3.88176, 2.88814],
						"0.2857": [1.74159, -3.88176, 2.88814],
						"0.3651": [0.34, -3.78, 3.85],
						"0.5079": [0.54, -3.78, 3.55],
						"0.7619": {
							"pre": [10.08994, -8.68643, 8.43189],
							"post": [10.08994, -8.68643, 8.43189],
							"lerp_mode": "catmullrom"
						}
					},
					"scale": {
						"0.0": [0, 0, 0],
						"0.0635": [1, 1, 1]
					}
				},
				"right_arm": {
					"rotation": {
						"0.0": [90, 0, -180],
						"0.7619": [90, 0, -180]
					},
					"position": {
						"0.0": [5.95, -2.95, 6],
						"0.7619": [5.95, -2.95, 6]
					}
				},
				"magazine": {
					"rotation": {
						"0.0": {
							"post": [0, 0, 95],
							"lerp_mode": "catmullrom"
						},
						"0.7619": {
							"post": [0, 0, 95],
							"lerp_mode": "catmullrom"
						}
					},
					"position": {
						"0.0": {
							"post": [-0.43, 0.35, 0],
							"lerp_mode": "catmullrom"
						}
					}
				}
			},
			"sound_effects": {
				"0.3333": {
					"effect": "reload_mag_in"
				}
			},
			"particle_effects": {
				"0.2222": {
					"effect": "eject_casing"
				},
				"0.6667": {
					"effect": "loaded"
				}
			}
		}
	}
}