{
    "parent": "item/handheld",
    "textures": {
        "layer0": "lithicaddon:item/metal_spindle/bismuth_bronze_0"
    },
    "overrides": [
        {
            "predicate": {
                "damaged": 1,
                "damage": 0.4
            },
            "model": "lithicaddon:item/metal_spindle/damage/bismuth_bronze_1"
        },
        {
            "predicate": {
                "damaged": 1,
                "damage": 0.8
            },
            "model": "lithicaddon:item/metal_spindle/damage/bismuth_bronze_2"
        },
        {
            "predicate": {
                "damaged": 1,
                "damage": 0.95
            },
            "model": "lithicaddon:item/metal_spindle/damage/bismuth_bronze_3"
        }
    ]
}