{
	"credit": "Made with Blockbench",
	"texture_size": [32, 32],
	"textures": {
		"particle": "createdieselgenerators:block/diesel_engine"
	},
	"elements": [
		{
			"from": [9.5, 4, -0.75],
			"to": [11.5, 6, -0.75],
			"rotation": {"angle": -45, "axis": "y", "origin": [10.5, 5, 2.75]},
			"faces": {
				"north": {"uv": [11, 14, 12, 15], "rotation": 180, "texture": "#particle"}
			}
		},
		{
			"from": [9.5, 10, -0.75],
			"to": [11.5, 12, -0.75],
			"rotation": {"angle": -45, "axis": "y", "origin": [10.5, 11, 2.75]},
			"faces": {
				"north": {"uv": [13, 14, 14, 15], "rotation": 180, "texture": "#particle"}
			}
		},
		{
			"from": [4.6, 4, -0.75],
			"to": [6.6, 6, -0.75],
			"rotation": {"angle": 45, "axis": "y", "origin": [5.6, 5, 2.75]},
			"faces": {
				"north": {"uv": [13, 14, 14, 15], "rotation": 180, "texture": "#particle"}
			}
		},
		{
			"from": [4.6, 10, -0.75],
			"to": [6.6, 12, -0.75],
			"rotation": {"angle": 45, "axis": "y", "origin": [5.6, 11, 2.75]},
			"faces": {
				"north": {"uv": [11, 14, 12, 15], "rotation": 270, "texture": "#particle"}
			}
		}
	],
	"display": {
		"thirdperson_righthand": {
			"rotation": [75, 45, 0],
			"translation": [0, 2.5, 0],
			"scale": [0.375, 0.375, 0.375]
		},
		"thirdperson_lefthand": {
			"rotation": [75, 45, 0],
			"translation": [0, 2.5, 0],
			"scale": [0.375, 0.375, 0.375]
		},
		"firstperson_righthand": {
			"rotation": [0, 45, 0],
			"scale": [0.4, 0.4, 0.4]
		},
		"firstperson_lefthand": {
			"rotation": [0, 225, 0],
			"scale": [0.4, 0.4, 0.4]
		},
		"ground": {
			"translation": [0, 3, 0],
			"scale": [0.25, 0.25, 0.25]
		},
		"gui": {
			"rotation": [30, 225, 0],
			"scale": [0.625, 0.625, 0.625]
		},
		"fixed": {
			"rotation": [0, -90, 0],
			"scale": [0.5, 0.5, 0.5]
		}
	}
}