{
	"credit": "Made with Blockbench",
	"ambientocclusion": false,
	"textures": {
		"1": "tfcchannelcasting:block/mold_texture",
		"particle": "tfcchannelcasting:block/mold_texture"
	},
	"elements": [
		{
			"name": "base",
			"from": [1, 1, 14],
			"to": [15, 2, 15],
			"faces": {
				"north": {"uv": [1, 14, 15, 15], "texture": "#1"},
				"east": {"uv": [1, 14, 2, 15], "texture": "#1"},
				"south": {"uv": [1, 14, 15, 15], "texture": "#1"},
				"west": {"uv": [14, 14, 15, 15], "texture": "#1"},
				"up": {"uv": [1, 14, 15, 15], "texture": "#1"},
				"down": {"uv": [1, 1, 15, 2], "texture": "#1"}
			}
		},
		{
			"name": "base",
			"from": [1, 1, 1],
			"to": [15, 2, 2],
			"faces": {
				"north": {"uv": [1, 14, 15, 15], "texture": "#1"},
				"east": {"uv": [14, 14, 15, 15], "texture": "#1"},
				"south": {"uv": [1, 14, 15, 15], "texture": "#1"},
				"west": {"uv": [1, 14, 2, 15], "texture": "#1"},
				"up": {"uv": [1, 1, 15, 2], "texture": "#1"},
				"down": {"uv": [1, 14, 15, 15], "texture": "#1"}
			}
		},
		{
			"name": "base",
			"from": [14, 1, 2],
			"to": [15, 2, 14],
			"faces": {
				"north": {"uv": [1, 14, 2, 15], "texture": "#1"},
				"east": {"uv": [2, 14, 14, 15], "texture": "#1"},
				"south": {"uv": [14, 14, 15, 15], "texture": "#1"},
				"west": {"uv": [2, 14, 14, 15], "texture": "#1"},
				"up": {"uv": [14, 2, 15, 14], "texture": "#1"},
				"down": {"uv": [14, 2, 15, 14], "texture": "#1"}
			}
		},
		{
			"name": "base",
			"from": [1, 1, 2],
			"to": [2, 2, 14],
			"faces": {
				"north": {"uv": [14, 14, 15, 15], "texture": "#1"},
				"east": {"uv": [2, 14, 14, 15], "texture": "#1"},
				"south": {"uv": [1, 14, 2, 15], "texture": "#1"},
				"west": {"uv": [2, 14, 14, 15], "texture": "#1"},
				"up": {"uv": [1, 2, 2, 14], "texture": "#1"},
				"down": {"uv": [1, 2, 2, 14], "texture": "#1"}
			}
		},
		{
			"from": [2, 1, 11],
			"to": [14, 2, 14],
			"faces": {
				"north": {"uv": [2, 11, 14, 12], "texture": "#1"},
				"east": {"uv": [2, 10, 5, 11], "texture": "#1"},
				"south": {"uv": [2, 13, 14, 14], "texture": "#1"},
				"west": {"uv": [11, 10, 14, 11], "texture": "#1"},
				"up": {"uv": [2, 11, 14, 14], "texture": "#1"},
				"down": {"uv": [2, 2, 14, 5], "texture": "#1"}
			}
		},
		{
			"from": [2, 1, 2],
			"to": [14, 2, 4],
			"faces": {
				"north": {"uv": [2, 3, 14, 4], "texture": "#1"},
				"east": {"uv": [6, 8, 8, 9], "texture": "#1"},
				"south": {"uv": [2, 12, 14, 13], "texture": "#1"},
				"west": {"uv": [3, 8, 5, 9], "texture": "#1"},
				"up": {"uv": [2, 2, 14, 4], "texture": "#1"},
				"down": {"uv": [2, 12, 14, 14], "texture": "#1"}
			}
		},
		{
			"from": [2, 1, 6],
			"to": [3, 2, 7],
			"faces": {
				"north": {"uv": [2, 6, 3, 7], "texture": "#1"},
				"east": {"uv": [2, 6, 3, 7], "texture": "#1"},
				"south": {"uv": [2, 8, 3, 9], "texture": "#1"},
				"west": {"uv": [2, 8, 3, 9], "texture": "#1"},
				"up": {"uv": [2, 6, 3, 7], "texture": "#1"},
				"down": {"uv": [2, 8, 3, 9], "texture": "#1"}
			}
		},
		{
			"from": [2, 1, 4],
			"to": [3, 2, 5],
			"faces": {
				"north": {"uv": [2, 11, 3, 12], "texture": "#1"},
				"east": {"uv": [2, 4, 3, 5], "texture": "#1"},
				"south": {"uv": [2, 4, 3, 5], "texture": "#1"},
				"west": {"uv": [2, 11, 3, 12], "texture": "#1"},
				"up": {"uv": [2, 4, 3, 5], "texture": "#1"},
				"down": {"uv": [2, 11, 3, 12], "texture": "#1"}
			}
		},
		{
			"from": [2, 1, 10],
			"to": [11, 2, 11],
			"faces": {
				"north": {"uv": [2, 10, 11, 11], "texture": "#1"},
				"east": {"uv": [10, 10, 11, 11], "texture": "#1"},
				"south": {"uv": [2, 5, 11, 6], "texture": "#1"},
				"west": {"uv": [2, 5, 3, 6], "texture": "#1"},
				"up": {"uv": [2, 10, 11, 11], "texture": "#1"},
				"down": {"uv": [2, 5, 11, 6], "texture": "#1"}
			}
		},
		{
			"from": [2, 1, 9],
			"to": [9, 2, 10],
			"faces": {
				"north": {"uv": [2, 9, 9, 10], "texture": "#1"},
				"east": {"uv": [8, 9, 9, 10], "texture": "#1"},
				"south": {"uv": [2, 6, 9, 7], "texture": "#1"},
				"west": {"uv": [2, 6, 3, 7], "texture": "#1"},
				"up": {"uv": [2, 9, 9, 10], "texture": "#1"},
				"down": {"uv": [2, 6, 9, 7], "texture": "#1"}
			}
		},
		{
			"from": [2, 1, 8],
			"to": [7, 2, 9],
			"faces": {
				"north": {"uv": [2, 8, 7, 9], "texture": "#1"},
				"east": {"uv": [6, 8, 7, 9], "texture": "#1"},
				"south": {"uv": [2, 7, 7, 8], "texture": "#1"},
				"west": {"uv": [2, 7, 3, 8], "texture": "#1"},
				"up": {"uv": [2, 8, 7, 9], "texture": "#1"},
				"down": {"uv": [2, 7, 7, 8], "texture": "#1"}
			}
		},
		{
			"from": [2, 1, 7],
			"to": [5, 2, 8],
			"faces": {
				"north": {"uv": [2, 7, 5, 8], "texture": "#1"},
				"east": {"uv": [4, 7, 5, 8], "texture": "#1"},
				"south": {"uv": [2, 8, 5, 9], "texture": "#1"},
				"west": {"uv": [2, 8, 3, 9], "texture": "#1"},
				"up": {"uv": [2, 7, 5, 8], "texture": "#1"},
				"down": {"uv": [2, 8, 5, 9], "texture": "#1"}
			}
		},
		{
			"from": [6, 1, 4],
			"to": [14, 2, 5],
			"faces": {
				"north": {"uv": [6, 11, 14, 12], "texture": "#1"},
				"east": {"uv": [13, 11, 14, 12], "texture": "#1"},
				"south": {"uv": [6, 4, 14, 5], "texture": "#1"},
				"west": {"uv": [6, 4, 7, 5], "texture": "#1"},
				"up": {"uv": [6, 4, 14, 5], "texture": "#1"},
				"down": {"uv": [6, 11, 14, 12], "texture": "#1"}
			}
		},
		{
			"from": [8, 1, 5],
			"to": [14, 2, 6],
			"faces": {
				"north": {"uv": [8, 10, 14, 11], "texture": "#1"},
				"east": {"uv": [13, 10, 14, 11], "texture": "#1"},
				"south": {"uv": [8, 5, 14, 6], "texture": "#1"},
				"west": {"uv": [8, 5, 9, 6], "texture": "#1"},
				"up": {"uv": [8, 5, 14, 6], "texture": "#1"},
				"down": {"uv": [8, 10, 14, 11], "texture": "#1"}
			}
		},
		{
			"from": [10, 1, 6],
			"to": [14, 2, 7],
			"faces": {
				"north": {"uv": [10, 9, 14, 10], "texture": "#1"},
				"east": {"uv": [13, 9, 14, 10], "texture": "#1"},
				"south": {"uv": [10, 6, 14, 7], "texture": "#1"},
				"west": {"uv": [10, 6, 11, 7], "texture": "#1"},
				"up": {"uv": [10, 6, 14, 7], "texture": "#1"},
				"down": {"uv": [10, 9, 14, 10], "texture": "#1"}
			}
		},
		{
			"from": [12, 1, 7],
			"to": [14, 2, 8],
			"faces": {
				"north": {"uv": [12, 8, 14, 9], "texture": "#1"},
				"east": {"uv": [13, 8, 14, 9], "texture": "#1"},
				"south": {"uv": [12, 7, 14, 8], "texture": "#1"},
				"west": {"uv": [12, 7, 13, 8], "texture": "#1"},
				"up": {"uv": [12, 7, 14, 8], "texture": "#1"},
				"down": {"uv": [12, 8, 14, 9], "texture": "#1"}
			}
		}
	]
}