{
	"credit": "Made with Blockbench",
	"texture_size": [32, 32],
	"textures": {
		"particle": "createdieselgenerators:block/diesel_engine"
	},
	"elements": [
		{
			"from": [14, 18, 4],
			"to": [16, 18, 6],
			"rotation": {"angle": -45, "axis": "z", "origin": [10, 11, 8]},
			"faces": {
				"up": {"uv": [13, 14, 14, 15], "texture": "#particle"}
			}
		},
		{
			"from": [14, 18, 10],
			"to": [16, 18, 12],
			"rotation": {"angle": -45, "axis": "z", "origin": [10, 11, 8]},
			"faces": {
				"up": {"uv": [11, 14, 12, 15], "texture": "#particle"}
			}
		},
		{
			"from": [0, 18, 4],
			"to": [2, 18, 6],
			"rotation": {"angle": 45, "axis": "z", "origin": [6, 11, 8]},
			"faces": {
				"up": {"uv": [11, 14, 12, 15], "texture": "#particle"}
			}
		},
		{
			"from": [0, 18, 10],
			"to": [2, 18, 12],
			"rotation": {"angle": 45, "axis": "z", "origin": [6, 11, 8]},
			"faces": {
				"up": {"uv": [13, 14, 14, 15], "texture": "#particle"}
			}
		}
	],
	"display": {
		"thirdperson_righthand": {
			"rotation": [75, 45, 0],
			"translation": [0, 2.5, 0],
			"scale": [0.375, 0.375, 0.375]
		},
		"thirdperson_lefthand": {
			"rotation": [75, 45, 0],
			"translation": [0, 2.5, 0],
			"scale": [0.375, 0.375, 0.375]
		},
		"firstperson_righthand": {
			"rotation": [0, 45, 0],
			"scale": [0.4, 0.4, 0.4]
		},
		"firstperson_lefthand": {
			"rotation": [0, 225, 0],
			"scale": [0.4, 0.4, 0.4]
		},
		"ground": {
			"translation": [0, 3, 0],
			"scale": [0.25, 0.25, 0.25]
		},
		"gui": {
			"rotation": [30, 225, 0],
			"scale": [0.625, 0.625, 0.625]
		},
		"fixed": {
			"rotation": [0, -90, 0],
			"scale": [0.5, 0.5, 0.5]
		}
	}
}