{
	"parent":"minecraft:block/block",
	"dynamic":false,
	"inner_model":{
		"parent":"minecraft:block/block",
		"automatic_culling":false,
		"flip_v":true,
		"loader":"forge:obj",
		"model":"immersiveengineering:models/block/blastfurnace_advanced.obj",
		"textures":{
			"particle":"immersiveengineering:block/multiblocks/blast_furnace_advanced"
		}
	},
	"loader":"immersiveengineering:basic_split",
	"split_parts":[[-1,-1,-1],[-1,-1,0],[-1,-1,1],[0,-1,-1],[0,-1,0],[0,-1,1],[1,-1,-1],[1,-1,0],[1,-1,1],[-1,0,-1],[-1,0,0],[-1,0,1],[0,0,-1],
		[0,0,0],[0,0,1],[1,0,-1],[1,0,0],[1,0,1],[-1,1,-1],[-1,1,0],[-1,1,1],[0,1,-1],[0,1,0],[0,1,1],[1,1,-1],[1,1,0],[1,1,1],[0,2,0]],
	"textures":{
		"particle":"immersiveengineering:block/multiblocks/blast_furnace_advanced"
	}
}