{
  "parent": "minecraft:block/block",
  "dynamic": true,
  "inner_model": {
    "parent": "minecraft:block/block",
    "callbacks": "immersiveengineering:post",
    "loader": "immersiveengineering:ie_obj",
    "model": "immersiveengineering:models/block/wooden_device/wooden_post.obj.ie",
    "textures": {
      "particle": "#texture",
      "texture": "immersiveengineering:block/metal_decoration/steel_post"
    }
  },
  "loader": "immersiveengineering:basic_split",
  "split_parts": [
    [
      0,
      0,
      0
    ],
    [
      0,
      1,
      0
    ],
    [
      0,
      2,
      0
    ],
    [
      0,
      3,
      0
    ],
    [
      0,
      3,
      1
    ],
    [
      -1,
      3,
      0
    ],
    [
      0,
      3,
      -1
    ],
    [
      1,
      3,
      0
    ]
  ]
}