{
	"credit": "Made with Blockbench",
	"textures": {
		"metal": "immersiveengineering:block/conveyor/casing_side",
		"particle": "immersiveengineering:block/stripcurtain",
		"side": "immersiveengineering:block/stripcurtain"
	},
	"elements": [
		{
			"from": [0, 13, 7],
			"to": [16, 16, 9],
			"faces": {
				"north": {"uv": [0, 0, 16, 3], "texture": "#metal"},
				"east": {"uv": [0, 0, 2, 3], "texture": "#metal"},
				"south": {"uv": [0, 0, 16, 3], "texture": "#metal"},
				"west": {"uv": [0, 0, 2, 3], "texture": "#metal"},
				"up": {"uv": [0, 0, 16, 2], "texture": "#metal"},
				"down": {"uv": [0, 0, 16, 2], "texture": "#metal"}
			}
		},
		{
			"from": [0, 0, 8],
			"to": [16, 13, 8],
			"rotation": {"angle": 0, "axis": "y", "origin": [0, 0, 7]},
			"faces": {
				"north": {"uv": [0, 0, 16, 13], "texture": "#side"},
				"east": {"uv": [0, 0, 0, 13], "texture": "#side"},
				"south": {"uv": [0, 0, 16, 13], "texture": "#side"},
				"west": {"uv": [0, 0, 0, 13], "texture": "#side"},
				"up": {"uv": [0, 0, 16, 0], "texture": "#side"},
				"down": {"uv": [0, 0, 16, 0], "texture": "#side"}
			}
		}
	]
}