{
	"credit": "Made with Blockbench",
	"textures": {
		"metal": "immersiveengineering:block/conveyor/casing_side",
		"particle": "immersiveengineering:block/stripcurtain",
		"side": "immersiveengineering:block/stripcurtain"
	},
	"elements": [
		{
			"from": [0, 0, 0],
			"to": [16, 3, 1],
			"faces": {
				"north": {"uv": [0, 0, 16, 3], "texture": "#metal"},
				"east": {"uv": [0, 0, 1, 3], "texture": "#metal"},
				"south": {"uv": [0, 0, 16, 3], "texture": "#metal"},
				"west": {"uv": [0, 0, 1, 3], "texture": "#metal"},
				"up": {"uv": [0, 0, 16, 1], "texture": "#metal"},
				"down": {"uv": [0, 0, 16, 1], "texture": "#metal"}
			}
		},
		{
			"from": [0, -13, 0.5],
			"to": [16, 0, 0.5],
			"rotation": {"angle": 0, "axis": "y", "origin": [0, -2, 0]},
			"faces": {
				"north": {"uv": [0, 0, 16, 13], "texture": "#side"},
				"east": {"uv": [0, 0, 0, 13], "texture": "#side"},
				"south": {"uv": [0, 0, 16, 13], "texture": "#side"},
				"west": {"uv": [0, 0, 0, 13], "texture": "#side"},
				"up": {"uv": [0, 0, 16, 0], "texture": "#side"},
				"down": {"uv": [0, 0, 16, 0], "texture": "#side"}
			}
		}
	]
}