{
	"parent": "block/block",
	"ambientocclusion": false,
	"render_type": "translucent",
	"textures": {
		"glass": "immersiveengineering:block/window_glass",
		"particle": "#frame",
		"frame": "#frame"
	},
	"elements": [
		{
			"from": [1, 1, 8],
			"to": [15, 15, 8],
			"faces": {
				"north": {"uv": [1, 1, 15, 15], "texture": "#glass"},
				"south": {"uv": [1, 1, 15, 15], "texture": "#glass"}
			}
		},
		{
			"from": [1, 0, 8.5],
			"to": [15, 1, 10],
			"faces": {
				"north": {"uv": [0, 1, 1, 15], "rotation": 90, "texture": "#frame"},
				"south": {"uv": [0, 1, 1, 15], "rotation": 90, "texture": "#frame"},
				"up": {"uv": [1.5, 1, 0, 15], "rotation": 90, "texture": "#frame"},
				"down": {"uv": [0, 1, 1.5, 15], "rotation": 90, "texture": "#frame"}
			}
		},
		{
			"from": [0, 1, 8.5],
			"to": [1, 15, 10],
			"faces": {
				"north": {"uv": [0, 1, 1, 15], "texture": "#frame"},
				"east": {"uv": [0, 1, 1.5, 15], "texture": "#frame"},
				"south": {"uv": [0, 1, 1, 15], "texture": "#frame"},
				"west": {"uv": [1.5, 1, 0, 15], "texture": "#frame"}
			}
		},
		{
			"from": [0, 0, 8.5],
			"to": [1, 1, 10],
			"faces": {
				"north": {"uv": [0, 15, 1, 16], "texture": "#frame"},
				"south": {"uv": [0, 15, 1, 16], "texture": "#frame"},
				"west": {"uv": [1.5, 15, 0, 16], "texture": "#frame"},
				"down": {"uv": [0, 15, 1.5, 16], "rotation": 90, "texture": "#frame"}
			}
		},
		{
			"from": [0, 15, 8.5],
			"to": [1, 16, 10],
			"faces": {
				"north": {"uv": [0, 0, 1, 1], "texture": "#frame"},
				"south": {"uv": [0, 0, 1, 1], "texture": "#frame"},
				"west": {"uv": [1.5, 0, 0, 1], "texture": "#frame"},
				"up": {"uv": [1.5, 0, 0, 1], "rotation": 90, "texture": "#frame"}
			}
		},
		{
			"from": [1, 15, 8.5],
			"to": [15, 16, 10],
			"faces": {
				"north": {"uv": [0, 1, 1, 15], "rotation": 90, "texture": "#frame"},
				"south": {"uv": [0, 1, 1, 15], "rotation": 90, "texture": "#frame"},
				"up": {"uv": [1.5, 1, 0, 15], "rotation": 90, "texture": "#frame"},
				"down": {"uv": [0, 1, 1.5, 15], "rotation": 90, "texture": "#frame"}
			}
		},
		{
			"from": [15, 1, 8.5],
			"to": [16, 15, 10],
			"faces": {
				"north": {"uv": [0, 1, 1, 15], "texture": "#frame"},
				"east": {"uv": [0, 1, 1.5, 15], "texture": "#frame"},
				"south": {"uv": [0, 1, 1, 15], "texture": "#frame"},
				"west": {"uv": [1.5, 1, 0, 15], "texture": "#frame"}
			}
		},
		{
			"from": [15, 15, 8.5],
			"to": [16, 16, 10],
			"faces": {
				"north": {"uv": [0, 0, 1, 1], "texture": "#frame"},
				"east": {"uv": [0, 0, 1.5, 1], "texture": "#frame"},
				"south": {"uv": [0, 0, 1, 1], "texture": "#frame"},
				"up": {"uv": [1.5, 0, 0, 1], "rotation": 90, "texture": "#frame"}
			}
		},
		{
			"from": [15, 0, 8.5],
			"to": [16, 1, 10],
			"faces": {
				"north": {"uv": [0, 15, 1, 16], "texture": "#frame"},
				"east": {"uv": [0, 15, 1.5, 16], "texture": "#frame"},
				"south": {"uv": [0, 15, 1, 16], "texture": "#frame"},
				"down": {"uv": [0, 15, 1.5, 16], "rotation": 90, "texture": "#frame"}
			}
		},
		{
			"from": [1, 0, 7.5],
			"to": [15, 1, 8.5],
			"faces": {
				"north": {"uv": [1, 1, 2, 15], "rotation": 90, "texture": "#frame"},
				"south": {"uv": [1, 1, 2, 15], "rotation": 90, "texture": "#frame"},
				"up": {"uv": [1, 1, 2, 15], "rotation": 90, "texture": "#frame"},
				"down": {"uv": [1, 1, 2, 15], "rotation": 90, "texture": "#frame"}
			}
		},
		{
			"from": [0, 1, 7.5],
			"to": [1, 15, 8.5],
			"faces": {
				"north": {"uv": [1, 1, 2, 15], "texture": "#frame"},
				"east": {"uv": [1, 1, 2, 15], "texture": "#frame"},
				"south": {"uv": [1, 1, 2, 15], "texture": "#frame"},
				"west": {"uv": [1, 1, 2, 15], "texture": "#frame"}
			}
		},
		{
			"from": [0, 0, 7.5],
			"to": [1, 1, 8.5],
			"faces": {
				"north": {"uv": [1, 15, 2, 16], "texture": "#frame"},
				"south": {"uv": [1, 15, 2, 16], "texture": "#frame"},
				"west": {"uv": [1, 15, 2, 16], "texture": "#frame"},
				"down": {"uv": [1, 15, 2, 16], "texture": "#frame"}
			}
		},
		{
			"from": [0, 15, 7.5],
			"to": [1, 16, 8.5],
			"faces": {
				"north": {"uv": [1, 0, 2, 1], "texture": "#frame"},
				"south": {"uv": [1, 0, 2, 1], "texture": "#frame"},
				"west": {"uv": [1, 0, 2, 1], "texture": "#frame"},
				"up": {"uv": [1, 0, 2, 1], "texture": "#frame"}
			}
		},
		{
			"from": [1, 15, 7.5],
			"to": [15, 16, 8.5],
			"faces": {
				"north": {"uv": [1, 1, 2, 15], "rotation": 90, "texture": "#frame"},
				"south": {"uv": [1, 1, 2, 15], "rotation": 90, "texture": "#frame"},
				"up": {"uv": [1, 1, 2, 15], "rotation": 90, "texture": "#frame"},
				"down": {"uv": [1, 1, 2, 15], "rotation": 90, "texture": "#frame"}
			}
		},
		{
			"from": [15, 1, 7.5],
			"to": [16, 15, 8.5],
			"faces": {
				"north": {"uv": [1, 1, 2, 15], "texture": "#frame"},
				"east": {"uv": [1, 1, 2, 15], "texture": "#frame"},
				"south": {"uv": [1, 1, 2, 15], "texture": "#frame"},
				"west": {"uv": [1, 1, 2, 15], "texture": "#frame"}
			}
		},
		{
			"from": [15, 15, 7.5],
			"to": [16, 16, 8.5],
			"faces": {
				"north": {"uv": [1, 0, 2, 1], "texture": "#frame"},
				"east": {"uv": [1, 0, 2, 1], "texture": "#frame"},
				"south": {"uv": [1, 0, 2, 1], "texture": "#frame"},
				"up": {"uv": [1, 0, 2, 1], "texture": "#frame"}
			}
		},
		{
			"from": [15, 0, 7.5],
			"to": [16, 1, 8.5],
			"faces": {
				"north": {"uv": [1, 15, 2, 16], "texture": "#frame"},
				"east": {"uv": [1, 15, 2, 16], "texture": "#frame"},
				"south": {"uv": [1, 15, 2, 16], "texture": "#frame"},
				"down": {"uv": [1, 15, 2, 16], "texture": "#frame"}
			}
		},
		{
			"from": [1, 0, 6],
			"to": [15, 1, 7.5],
			"faces": {
				"north": {"uv": [0, 1, 1, 15], "rotation": 90, "texture": "#frame"},
				"south": {"uv": [0, 1, 1, 15], "rotation": 90, "texture": "#frame"},
				"up": {"uv": [0, 1, 1.5, 15], "rotation": 90, "texture": "#frame"},
				"down": {"uv": [1.5, 1, 0, 15], "rotation": 90, "texture": "#frame"}
			}
		},
		{
			"from": [0, 1, 6],
			"to": [1, 15, 7.5],
			"faces": {
				"north": {"uv": [0, 1, 1, 15], "texture": "#frame"},
				"east": {"uv": [1.5, 1, 0, 15], "texture": "#frame"},
				"south": {"uv": [0, 1, 1, 15], "texture": "#frame"},
				"west": {"uv": [0, 1, 1.5, 15], "texture": "#frame"}
			}
		},
		{
			"from": [0, 0, 6],
			"to": [1, 1, 7.5],
			"faces": {
				"north": {"uv": [0, 15, 1, 16], "texture": "#frame"},
				"south": {"uv": [0, 15, 1, 16], "texture": "#frame"},
				"west": {"uv": [0, 15, 1.5, 16], "texture": "#frame"},
				"down": {"uv": [1.5, 15, 0, 16], "rotation": 90, "texture": "#frame"}
			}
		},
		{
			"from": [0, 15, 6],
			"to": [1, 16, 7.5],
			"faces": {
				"north": {"uv": [0, 0, 1, 1], "texture": "#frame"},
				"south": {"uv": [0, 0, 1, 1], "texture": "#frame"},
				"west": {"uv": [0, 0, 1.5, 1], "texture": "#frame"},
				"up": {"uv": [0, 0, 1.5, 1], "rotation": 90, "texture": "#frame"}
			}
		},
		{
			"from": [1, 15, 6],
			"to": [15, 16, 7.5],
			"faces": {
				"north": {"uv": [0, 1, 1, 15], "rotation": 90, "texture": "#frame"},
				"south": {"uv": [0, 1, 1, 15], "rotation": 90, "texture": "#frame"},
				"up": {"uv": [0, 1, 1.5, 15], "rotation": 90, "texture": "#frame"},
				"down": {"uv": [1.5, 1, 0, 15], "rotation": 90, "texture": "#frame"}
			}
		},
		{
			"from": [15, 1, 6],
			"to": [16, 15, 7.5],
			"faces": {
				"north": {"uv": [0, 1, 1, 15], "texture": "#frame"},
				"east": {"uv": [1.5, 1, 0, 15], "texture": "#frame"},
				"south": {"uv": [2, 1, 3, 15], "texture": "#frame"},
				"west": {"uv": [0, 1, 1.5, 15], "texture": "#frame"}
			}
		},
		{
			"from": [15, 15, 6],
			"to": [16, 16, 7.5],
			"faces": {
				"north": {"uv": [0, 0, 1, 1], "texture": "#frame"},
				"east": {"uv": [1.5, 0, 0, 1], "texture": "#frame"},
				"south": {"uv": [0, 0, 1, 1], "texture": "#frame"},
				"up": {"uv": [0, 0, 1.5, 1], "rotation": 90, "texture": "#frame"}
			}
		},
		{
			"from": [15, 0, 6],
			"to": [16, 1, 7.5],
			"faces": {
				"north": {"uv": [0, 15, 1, 16], "texture": "#frame"},
				"east": {"uv": [1.5, 15, 0, 16], "texture": "#frame"},
				"south": {"uv": [0, 15, 1, 16], "texture": "#frame"},
				"down": {"uv": [1.5, 15, 0, 16], "rotation": 90, "texture": "#frame"}
			}
		}
	],
	"display": {
		"thirdperson_righthand": {
			"rotation": [3, 69, 23],
			"translation": [1, 1, -2.25],
			"scale": [0.4, 0.4, 0.4]
		},
		"firstperson_righthand": {
			"rotation": [0, -61, 0],
			"scale": [0.4, 0.4, 0.4]
		},
		"ground": {
			"translation": [0, 1.75, 0],
			"scale": [0.2, 0.2, 0.2]
		},
		"fixed": {
			"scale": [0.5, 0.5, 0.5]
		}
	}
}