{
	"credit": "Made with Blockbench",
	"ambientocclusion": false,
	"textures": {
		"1": "tfcchannelcasting:block/mold_texture",
		"particle": "tfcchannelcasting:block/mold_texture"
	},
	"elements": [
		{
			"name": "base",
			"from": [1, 1, 14],
			"to": [15, 2, 15],
			"faces": {
				"north": {"uv": [1, 14, 15, 15], "texture": "#1"},
				"east": {"uv": [1, 14, 2, 15], "texture": "#1"},
				"south": {"uv": [1, 14, 15, 15], "texture": "#1"},
				"west": {"uv": [14, 14, 15, 15], "texture": "#1"},
				"up": {"uv": [1, 14, 15, 15], "texture": "#1"},
				"down": {"uv": [1, 1, 15, 2], "texture": "#1"}
			}
		},
		{
			"name": "base",
			"from": [1, 1, 1],
			"to": [15, 2, 2],
			"faces": {
				"north": {"uv": [1, 14, 15, 15], "texture": "#1"},
				"east": {"uv": [14, 14, 15, 15], "texture": "#1"},
				"south": {"uv": [1, 14, 15, 15], "texture": "#1"},
				"west": {"uv": [1, 14, 2, 15], "texture": "#1"},
				"up": {"uv": [1, 1, 15, 2], "texture": "#1"},
				"down": {"uv": [1, 14, 15, 15], "texture": "#1"}
			}
		},
		{
			"name": "base",
			"from": [14, 1, 2],
			"to": [15, 2, 14],
			"faces": {
				"north": {"uv": [1, 14, 2, 15], "texture": "#1"},
				"east": {"uv": [2, 14, 14, 15], "texture": "#1"},
				"south": {"uv": [14, 14, 15, 15], "texture": "#1"},
				"west": {"uv": [2, 14, 14, 15], "texture": "#1"},
				"up": {"uv": [14, 2, 15, 14], "texture": "#1"},
				"down": {"uv": [14, 2, 15, 14], "texture": "#1"}
			}
		},
		{
			"name": "base",
			"from": [1, 1, 2],
			"to": [2, 2, 14],
			"faces": {
				"north": {"uv": [14, 14, 15, 15], "texture": "#1"},
				"east": {"uv": [2, 14, 14, 15], "texture": "#1"},
				"south": {"uv": [1, 14, 2, 15], "texture": "#1"},
				"west": {"uv": [2, 14, 14, 15], "texture": "#1"},
				"up": {"uv": [1, 2, 2, 14], "texture": "#1"},
				"down": {"uv": [1, 2, 2, 14], "texture": "#1"}
			}
		},
		{
			"from": [2, 1, 2],
			"to": [3, 2, 14],
			"faces": {
				"north": {"uv": [2, 2, 3, 3], "texture": "#1"},
				"east": {"uv": [2, 2, 3, 14], "rotation": 90, "texture": "#1"},
				"south": {"uv": [2, 13, 3, 14], "texture": "#1"},
				"west": {"uv": [2, 2, 3, 14], "rotation": 90, "texture": "#1"},
				"up": {"uv": [2, 2, 3, 14], "texture": "#1"},
				"down": {"uv": [2, 2, 3, 14], "texture": "#1"}
			}
		},
		{
			"from": [12, 1, 2],
			"to": [14, 2, 14],
			"faces": {
				"north": {"uv": [12, 2, 14, 3], "texture": "#1"},
				"east": {"uv": [13, 2, 14, 14], "rotation": 90, "texture": "#1"},
				"south": {"uv": [12, 13, 14, 14], "texture": "#1"},
				"west": {"uv": [12, 2, 13, 14], "rotation": 270, "texture": "#1"},
				"up": {"uv": [12, 2, 14, 14], "texture": "#1"},
				"down": {"uv": [12, 2, 14, 14], "texture": "#1"}
			}
		},
		{
			"from": [11, 1, 2],
			"to": [12, 2, 9],
			"faces": {
				"north": {"uv": [11, 13, 12, 14], "texture": "#1"},
				"east": {"uv": [11, 7, 12, 14], "rotation": 90, "texture": "#1"},
				"south": {"uv": [11, 8, 12, 9], "texture": "#1"},
				"west": {"uv": [11, 2, 12, 9], "rotation": 90, "texture": "#1"},
				"up": {"uv": [11, 2, 12, 9], "texture": "#1"},
				"down": {"uv": [11, 7, 12, 14], "texture": "#1"}
			}
		},
		{
			"from": [10, 1, 2],
			"to": [11, 2, 7],
			"faces": {
				"north": {"uv": [10, 13, 11, 14], "texture": "#1"},
				"east": {"uv": [10, 9, 11, 14], "rotation": 90, "texture": "#1"},
				"south": {"uv": [10, 6, 11, 7], "texture": "#1"},
				"west": {"uv": [10, 2, 11, 7], "rotation": 90, "texture": "#1"},
				"up": {"uv": [10, 2, 11, 7], "texture": "#1"},
				"down": {"uv": [10, 9, 11, 14], "texture": "#1"}
			}
		},
		{
			"from": [9, 1, 2],
			"to": [10, 2, 5],
			"faces": {
				"north": {"uv": [9, 13, 10, 14], "texture": "#1"},
				"east": {"uv": [9, 11, 10, 14], "rotation": 90, "texture": "#1"},
				"south": {"uv": [9, 4, 10, 5], "texture": "#1"},
				"west": {"uv": [9, 2, 10, 5], "rotation": 90, "texture": "#1"},
				"up": {"uv": [9, 2, 10, 5], "texture": "#1"},
				"down": {"uv": [9, 11, 10, 14], "texture": "#1"}
			}
		},
		{
			"from": [3, 1, 2],
			"to": [4, 2, 5],
			"faces": {
				"north": {"uv": [3, 13, 4, 14], "texture": "#1"},
				"east": {"uv": [3, 2, 4, 5], "rotation": 90, "texture": "#1"},
				"south": {"uv": [3, 4, 4, 5], "texture": "#1"},
				"west": {"uv": [3, 11, 4, 14], "rotation": 90, "texture": "#1"},
				"up": {"uv": [3, 2, 4, 5], "texture": "#1"},
				"down": {"uv": [3, 11, 4, 14], "texture": "#1"}
			}
		},
		{
			"from": [3, 1, 6],
			"to": [4, 2, 14],
			"faces": {
				"north": {"uv": [3, 6, 4, 7], "texture": "#1"},
				"east": {"uv": [3, 6, 4, 14], "rotation": 90, "texture": "#1"},
				"south": {"uv": [3, 2, 4, 3], "texture": "#1"},
				"west": {"uv": [3, 2, 4, 10], "rotation": 90, "texture": "#1"},
				"up": {"uv": [3, 6, 4, 14], "texture": "#1"},
				"down": {"uv": [3, 2, 4, 10], "rotation": 180, "texture": "#1"}
			}
		},
		{
			"from": [4, 1, 7],
			"to": [5, 2, 14],
			"faces": {
				"north": {"uv": [4, 7, 5, 8], "texture": "#1"},
				"east": {"uv": [4, 7, 5, 14], "rotation": 90, "texture": "#1"},
				"south": {"uv": [4, 2, 5, 3], "texture": "#1"},
				"west": {"uv": [4, 2, 5, 9], "rotation": 90, "texture": "#1"},
				"up": {"uv": [4, 7, 5, 14], "texture": "#1"},
				"down": {"uv": [4, 2, 5, 9], "rotation": 180, "texture": "#1"}
			}
		},
		{
			"from": [5, 1, 8],
			"to": [6, 2, 14],
			"faces": {
				"north": {"uv": [5, 8, 6, 9], "texture": "#1"},
				"east": {"uv": [5, 8, 6, 14], "rotation": 90, "texture": "#1"},
				"south": {"uv": [5, 2, 6, 3], "texture": "#1"},
				"west": {"uv": [5, 2, 6, 8], "rotation": 90, "texture": "#1"},
				"up": {"uv": [5, 8, 6, 14], "texture": "#1"},
				"down": {"uv": [5, 2, 6, 8], "rotation": 180, "texture": "#1"}
			}
		},
		{
			"from": [6, 1, 9],
			"to": [7, 2, 14],
			"faces": {
				"north": {"uv": [6, 9, 7, 10], "texture": "#1"},
				"east": {"uv": [6, 9, 7, 14], "rotation": 90, "texture": "#1"},
				"south": {"uv": [6, 2, 7, 3], "texture": "#1"},
				"west": {"uv": [6, 2, 7, 7], "rotation": 90, "texture": "#1"},
				"up": {"uv": [6, 9, 7, 14], "texture": "#1"},
				"down": {"uv": [6, 2, 7, 7], "texture": "#1"}
			}
		},
		{
			"from": [7, 1, 10],
			"to": [8, 2, 14],
			"faces": {
				"north": {"uv": [7, 10, 8, 11], "texture": "#1"},
				"east": {"uv": [7, 10, 8, 14], "rotation": 90, "texture": "#1"},
				"south": {"uv": [7, 2, 8, 3], "texture": "#1"},
				"west": {"uv": [7, 2, 8, 6], "rotation": 90, "texture": "#1"},
				"up": {"uv": [7, 10, 8, 14], "texture": "#1"},
				"down": {"uv": [7, 2, 8, 6], "texture": "#1"}
			}
		},
		{
			"from": [8, 1, 12],
			"to": [9, 2, 14],
			"faces": {
				"north": {"uv": [8, 12, 9, 13], "texture": "#1"},
				"east": {"uv": [8, 12, 9, 14], "rotation": 90, "texture": "#1"},
				"south": {"uv": [8, 2, 9, 3], "texture": "#1"},
				"west": {"uv": [8, 2, 9, 4], "rotation": 90, "texture": "#1"},
				"up": {"uv": [8, 12, 9, 14], "texture": "#1"},
				"down": {"uv": [8, 2, 9, 4], "texture": "#1"}
			}
		},
		{
			"from": [8, 1, 2],
			"to": [9, 2, 4],
			"faces": {
				"north": {"uv": [8, 13, 9, 14], "texture": "#1"},
				"east": {"uv": [8, 12, 9, 14], "rotation": 90, "texture": "#1"},
				"south": {"uv": [8, 3, 9, 4], "texture": "#1"},
				"west": {"uv": [8, 2, 9, 4], "rotation": 270, "texture": "#1"},
				"up": {"uv": [8, 2, 9, 4], "texture": "#1"},
				"down": {"uv": [8, 12, 9, 14], "rotation": 180, "texture": "#1"}
			}
		},
		{
			"from": [4, 1, 2],
			"to": [5, 2, 4],
			"faces": {
				"north": {"uv": [4, 13, 5, 14], "texture": "#1"},
				"east": {"uv": [4, 2, 5, 4], "rotation": 90, "texture": "#1"},
				"south": {"uv": [4, 3, 5, 4], "texture": "#1"},
				"west": {"uv": [4, 12, 5, 14], "rotation": 90, "texture": "#1"},
				"up": {"uv": [4, 2, 5, 4], "texture": "#1"},
				"down": {"uv": [4, 12, 5, 14], "texture": "#1"}
			}
		},
		{
			"from": [7, 1, 2],
			"to": [8, 2, 3],
			"faces": {
				"north": {"uv": [7, 13, 8, 14], "texture": "#1"},
				"east": {"uv": [7, 13, 8, 14], "texture": "#1"},
				"south": {"uv": [7, 2, 8, 3], "texture": "#1"},
				"west": {"uv": [7, 2, 8, 3], "texture": "#1"},
				"up": {"uv": [7, 2, 8, 3], "texture": "#1"},
				"down": {"uv": [7, 13, 8, 14], "rotation": 180, "texture": "#1"}
			}
		},
		{
			"from": [5, 1, 2],
			"to": [6, 2, 3],
			"faces": {
				"north": {"uv": [5, 13, 6, 14], "texture": "#1"},
				"east": {"uv": [5, 2, 6, 3], "texture": "#1"},
				"south": {"uv": [5, 2, 6, 3], "texture": "#1"},
				"west": {"uv": [5, 13, 6, 14], "texture": "#1"},
				"up": {"uv": [5, 2, 6, 3], "rotation": 180, "texture": "#1"},
				"down": {"uv": [5, 13, 6, 14], "rotation": 180, "texture": "#1"}
			}
		},
		{
			"from": [11, 1, 11],
			"to": [12, 2, 14],
			"faces": {
				"north": {"uv": [11, 11, 12, 12], "texture": "#1"},
				"east": {"uv": [11, 2, 12, 5], "rotation": 90, "texture": "#1"},
				"south": {"uv": [11, 2, 12, 3], "texture": "#1"},
				"west": {"uv": [11, 11, 12, 14], "rotation": 270, "texture": "#1"},
				"up": {"uv": [11, 11, 12, 14], "texture": "#1"},
				"down": {"uv": [11, 2, 12, 5], "rotation": 180, "texture": "#1"}
			}
		},
		{
			"from": [10, 1, 13],
			"to": [11, 2, 14],
			"faces": {
				"north": {"uv": [10, 13, 11, 14], "texture": "#1"},
				"east": {"uv": [10, 2, 11, 3], "texture": "#1"},
				"south": {"uv": [10, 2, 11, 3], "texture": "#1"},
				"west": {"uv": [10, 13, 11, 14], "texture": "#1"},
				"up": {"uv": [10, 13, 11, 14], "rotation": 180, "texture": "#1"},
				"down": {"uv": [10, 2, 11, 3], "rotation": 180, "texture": "#1"}
			}
		}
	]
}