{
	"credit": "Made with Blockbench",
	"ambientocclusion": false,
	"textures": {
		"1": "tfcchannelcasting:block/mold_texture",
		"particle": "tfcchannelcasting:block/mold_texture"
	},
	"elements": [
		{
			"name": "base",
			"from": [1, 1, 14],
			"to": [15, 2, 15],
			"faces": {
				"north": {"uv": [1, 14, 15, 15], "texture": "#1"},
				"east": {"uv": [1, 14, 2, 15], "texture": "#1"},
				"south": {"uv": [1, 14, 15, 15], "texture": "#1"},
				"west": {"uv": [14, 14, 15, 15], "texture": "#1"},
				"up": {"uv": [1, 14, 15, 15], "texture": "#1"},
				"down": {"uv": [1, 1, 15, 2], "texture": "#1"}
			}
		},
		{
			"name": "base",
			"from": [1, 1, 1],
			"to": [15, 2, 2],
			"faces": {
				"north": {"uv": [1, 14, 15, 15], "texture": "#1"},
				"east": {"uv": [14, 14, 15, 15], "texture": "#1"},
				"south": {"uv": [1, 14, 15, 15], "texture": "#1"},
				"west": {"uv": [1, 14, 2, 15], "texture": "#1"},
				"up": {"uv": [1, 1, 15, 2], "texture": "#1"},
				"down": {"uv": [1, 14, 15, 15], "texture": "#1"}
			}
		},
		{
			"name": "base",
			"from": [14, 1, 2],
			"to": [15, 2, 14],
			"faces": {
				"north": {"uv": [1, 14, 2, 15], "texture": "#1"},
				"east": {"uv": [2, 14, 14, 15], "texture": "#1"},
				"south": {"uv": [14, 14, 15, 15], "texture": "#1"},
				"west": {"uv": [2, 14, 14, 15], "texture": "#1"},
				"up": {"uv": [14, 2, 15, 14], "texture": "#1"},
				"down": {"uv": [14, 2, 15, 14], "texture": "#1"}
			}
		},
		{
			"name": "base",
			"from": [1, 1, 2],
			"to": [2, 2, 14],
			"faces": {
				"north": {"uv": [14, 14, 15, 15], "texture": "#1"},
				"east": {"uv": [2, 14, 14, 15], "texture": "#1"},
				"south": {"uv": [1, 14, 2, 15], "texture": "#1"},
				"west": {"uv": [2, 14, 14, 15], "texture": "#1"},
				"up": {"uv": [1, 2, 2, 14], "texture": "#1"},
				"down": {"uv": [1, 2, 2, 14], "texture": "#1"}
			}
		},
		{
			"from": [2, 1, 13],
			"to": [3, 2, 14],
			"faces": {
				"north": {"uv": [13, 14, 14, 15], "texture": "#1"},
				"east": {"uv": [2, 14, 3, 15], "texture": "#1"},
				"south": {"uv": [2, 14, 3, 15], "texture": "#1"},
				"west": {"uv": [13, 14, 14, 15], "texture": "#1"},
				"up": {"uv": [2, 13, 3, 14], "texture": "#1"},
				"down": {"uv": [2, 2, 3, 3], "texture": "#1"}
			}
		},
		{
			"from": [3, 1, 13],
			"to": [8, 2, 14],
			"faces": {
				"north": {"uv": [11, 14, 13, 15], "texture": "#1"},
				"east": {"uv": [2, 14, 3, 15], "texture": "#1"},
				"south": {"uv": [3, 14, 5, 15], "texture": "#1"},
				"west": {"uv": [13, 14, 14, 15], "texture": "#1"},
				"up": {"uv": [3, 13, 8, 14], "texture": "#1"},
				"down": {"uv": [3, 2, 5, 3], "texture": "#1"}
			}
		},
		{
			"from": [8, 1, 12],
			"to": [9, 2, 14],
			"faces": {
				"north": {"uv": [7, 14, 8, 15], "texture": "#1"},
				"east": {"uv": [2, 14, 4, 15], "texture": "#1"},
				"south": {"uv": [8, 14, 9, 15], "texture": "#1"},
				"west": {"uv": [12, 14, 14, 15], "texture": "#1"},
				"up": {"uv": [8, 12, 9, 14], "texture": "#1"},
				"down": {"uv": [8, 2, 9, 4], "texture": "#1"}
			}
		},
		{
			"from": [9, 1, 11],
			"to": [10, 2, 14],
			"faces": {
				"north": {"uv": [6, 14, 7, 15], "texture": "#1"},
				"east": {"uv": [2, 14, 5, 15], "texture": "#1"},
				"south": {"uv": [9, 14, 10, 15], "texture": "#1"},
				"west": {"uv": [11, 14, 14, 15], "texture": "#1"},
				"up": {"uv": [9, 11, 10, 14], "texture": "#1"},
				"down": {"uv": [9, 2, 10, 5], "texture": "#1"}
			}
		},
		{
			"from": [10, 1, 10],
			"to": [11, 2, 14],
			"faces": {
				"north": {"uv": [5, 14, 6, 15], "texture": "#1"},
				"east": {"uv": [2, 14, 6, 15], "texture": "#1"},
				"south": {"uv": [10, 14, 11, 15], "texture": "#1"},
				"west": {"uv": [10, 14, 14, 15], "texture": "#1"},
				"up": {"uv": [10, 10, 11, 14], "texture": "#1"},
				"down": {"uv": [10, 2, 11, 6], "texture": "#1"}
			}
		},
		{
			"from": [11, 1, 9],
			"to": [12, 2, 14],
			"faces": {
				"north": {"uv": [4, 14, 5, 15], "texture": "#1"},
				"east": {"uv": [2, 14, 7, 15], "texture": "#1"},
				"south": {"uv": [11, 14, 12, 15], "texture": "#1"},
				"west": {"uv": [9, 14, 14, 15], "texture": "#1"},
				"up": {"uv": [11, 9, 12, 14], "texture": "#1"},
				"down": {"uv": [11, 2, 12, 7], "texture": "#1"}
			}
		},
		{
			"from": [12, 1, 8],
			"to": [13, 2, 14],
			"faces": {
				"north": {"uv": [3, 14, 4, 15], "texture": "#1"},
				"east": {"uv": [2, 14, 8, 15], "texture": "#1"},
				"south": {"uv": [12, 14, 13, 15], "texture": "#1"},
				"west": {"uv": [8, 14, 14, 15], "texture": "#1"},
				"up": {"uv": [12, 8, 13, 14], "texture": "#1"},
				"down": {"uv": [12, 2, 13, 8], "texture": "#1"}
			}
		},
		{
			"from": [13, 1, 13],
			"to": [14, 2, 14],
			"faces": {
				"north": {"uv": [2, 14, 3, 15], "texture": "#1"},
				"east": {"uv": [2, 14, 3, 15], "texture": "#1"},
				"south": {"uv": [13, 14, 14, 15], "texture": "#1"},
				"west": {"uv": [13, 14, 14, 15], "texture": "#1"},
				"up": {"uv": [13, 13, 14, 14], "texture": "#1"},
				"down": {"uv": [13, 2, 14, 3], "texture": "#1"}
			}
		},
		{
			"from": [13, 1, 2],
			"to": [14, 2, 13],
			"faces": {
				"north": {"uv": [2, 14, 3, 15], "texture": "#1"},
				"east": {"uv": [3, 14, 14, 15], "texture": "#1"},
				"south": {"uv": [13, 14, 14, 15], "texture": "#1"},
				"west": {"uv": [2, 14, 13, 15], "texture": "#1"},
				"up": {"uv": [13, 2, 14, 13], "texture": "#1"},
				"down": {"uv": [13, 3, 14, 14], "texture": "#1"}
			}
		},
		{
			"from": [8, 1, 2],
			"to": [13, 2, 3],
			"faces": {
				"north": {"uv": [7, 14, 8, 15], "texture": "#1"},
				"east": {"uv": [13, 14, 14, 15], "texture": "#1"},
				"south": {"uv": [8, 14, 9, 15], "texture": "#1"},
				"west": {"uv": [2, 14, 3, 15], "texture": "#1"},
				"up": {"uv": [8, 2, 13, 3], "texture": "#1"},
				"down": {"uv": [8, 13, 9, 14], "texture": "#1"}
			}
		},
		{
			"from": [7, 1, 2],
			"to": [8, 2, 4],
			"faces": {
				"north": {"uv": [8, 14, 9, 15], "texture": "#1"},
				"east": {"uv": [12, 14, 14, 15], "texture": "#1"},
				"south": {"uv": [7, 14, 8, 15], "texture": "#1"},
				"west": {"uv": [2, 14, 4, 15], "texture": "#1"},
				"up": {"uv": [7, 2, 8, 4], "texture": "#1"},
				"down": {"uv": [7, 12, 8, 14], "texture": "#1"}
			}
		},
		{
			"from": [6, 1, 2],
			"to": [7, 2, 5],
			"faces": {
				"north": {"uv": [9, 14, 10, 15], "texture": "#1"},
				"east": {"uv": [11, 14, 14, 15], "texture": "#1"},
				"south": {"uv": [6, 14, 7, 15], "texture": "#1"},
				"west": {"uv": [2, 14, 5, 15], "texture": "#1"},
				"up": {"uv": [6, 2, 7, 5], "texture": "#1"},
				"down": {"uv": [6, 11, 7, 14], "texture": "#1"}
			}
		},
		{
			"from": [5, 1, 2],
			"to": [6, 2, 6],
			"faces": {
				"north": {"uv": [10, 14, 11, 15], "texture": "#1"},
				"east": {"uv": [10, 14, 14, 15], "texture": "#1"},
				"south": {"uv": [5, 14, 6, 15], "texture": "#1"},
				"west": {"uv": [2, 14, 6, 15], "texture": "#1"},
				"up": {"uv": [5, 2, 6, 6], "texture": "#1"},
				"down": {"uv": [5, 10, 6, 14], "texture": "#1"}
			}
		},
		{
			"from": [4, 1, 2],
			"to": [5, 2, 7],
			"faces": {
				"north": {"uv": [11, 14, 12, 15], "texture": "#1"},
				"east": {"uv": [9, 14, 14, 15], "texture": "#1"},
				"south": {"uv": [4, 14, 5, 15], "texture": "#1"},
				"west": {"uv": [2, 14, 7, 15], "texture": "#1"},
				"up": {"uv": [4, 2, 5, 7], "texture": "#1"},
				"down": {"uv": [4, 9, 5, 14], "texture": "#1"}
			}
		},
		{
			"from": [3, 1, 2],
			"to": [4, 2, 8],
			"faces": {
				"north": {"uv": [12, 14, 13, 15], "texture": "#1"},
				"east": {"uv": [8, 14, 14, 15], "texture": "#1"},
				"south": {"uv": [3, 14, 4, 15], "texture": "#1"},
				"west": {"uv": [2, 14, 8, 15], "texture": "#1"},
				"up": {"uv": [3, 2, 4, 8], "texture": "#1"},
				"down": {"uv": [3, 8, 4, 14], "texture": "#1"}
			}
		},
		{
			"from": [2, 1, 2],
			"to": [3, 2, 13],
			"faces": {
				"north": {"uv": [13, 14, 14, 15], "texture": "#1"},
				"east": {"uv": [3, 14, 14, 15], "texture": "#1"},
				"south": {"uv": [2, 14, 3, 15], "texture": "#1"},
				"west": {"uv": [2, 14, 13, 15], "texture": "#1"},
				"up": {"uv": [2, 2, 3, 13], "texture": "#1"},
				"down": {"uv": [2, 3, 3, 14], "texture": "#1"}
			}
		}
	]
}