{
	"credit": "Made with Blockbench",
	"textures": {
		"0": "createdieselgenerators:block/andesite_girder"
	},
	"render_type": "cutout",
	"elements": [
		{
			"from": [0, 4, 10],
			"to": [16, 12, 10],
			"rotation": {"angle": 0, "axis": "y", "origin": [8, 8, 8]},
			"faces": {
				"north": {"uv": [8, 5, 0, 9], "texture": "#0"},
				"south": {"uv": [0, 5, 8, 9], "texture": "#0"}
			}
		},
		{
			"from": [0, 4, 6],
			"to": [16, 12, 6],
			"rotation": {"angle": 0, "axis": "y", "origin": [8, 8, 8]},
			"faces": {
				"north": {"uv": [8, 9, 0, 5], "texture": "#0"},
				"south": {"uv": [0, 9, 8, 5], "texture": "#0"}
			}
		},
		{
			"from": [0, 2, 4],
			"to": [16, 4, 12],
			"rotation": {"angle": 0, "axis": "y", "origin": [8, 8, 8]},
			"faces": {
				"north": {"uv": [0, 4, 8, 5], "rotation": 180, "texture": "#0"},
				"east": {"uv": [12, 2, 16, 3], "texture": "#0"},
				"south": {"uv": [0, 4, 8, 5], "rotation": 180, "texture": "#0"},
				"west": {"uv": [12, 2, 16, 3], "texture": "#0"},
				"up": {"uv": [8, 0, 16, 4], "rotation": 180, "texture": "#0"},
				"down": {"uv": [0, 0, 8, 4], "texture": "#0"}
			}
		},
		{
			"from": [0, 12, 4],
			"to": [16, 14, 12],
			"rotation": {"angle": 0, "axis": "y", "origin": [8, 8, 8]},
			"faces": {
				"north": {"uv": [0, 4, 8, 5], "texture": "#0"},
				"east": {"uv": [12, 1, 16, 2], "texture": "#0"},
				"south": {"uv": [0, 4, 8, 5], "texture": "#0"},
				"west": {"uv": [12, 1, 16, 2], "texture": "#0"},
				"up": {"uv": [0, 0, 8, 4], "texture": "#0"},
				"down": {"uv": [8, 0, 16, 4], "rotation": 180, "texture": "#0"}
			}
		}
	],
	"groups": [
		{
			"name": "Beam X",
			"origin": [8, 13, 8],
			"color": 0,
			"children": [0, 1, 2, 3]
		}
	]
}