{
	"credit": "Made with Blockbench",
	"parent": "block/block",
	"textures": {
		"0": "createdieselgenerators:block/andesite_girder"
	},
	"elements": [
		{
			"from": [0, 4, 6],
			"to": [16, 12, 6],
			"rotation": {"angle": 0, "axis": "y", "origin": [8, 8, 8]},
			"faces": {
				"north": {"uv": [8, 5, 0, 9], "texture": "#0"},
				"south": {"uv": [0, 5, 8, 9], "texture": "#0"}
			}
		},
		{
			"from": [0, 4, 10],
			"to": [16, 12, 10],
			"rotation": {"angle": 0, "axis": "y", "origin": [8, 8, 8]},
			"faces": {
				"north": {"uv": [8, 5, 0, 9], "texture": "#0"},
				"south": {"uv": [0, 5, 8, 9], "texture": "#0"}
			}
		},
		{
			"from": [0, 2, 4],
			"to": [16, 4, 12],
			"rotation": {"angle": 0, "axis": "y", "origin": [8, 8, 8]},
			"faces": {
				"north": {"uv": [0, 4, 8, 5], "rotation": 180, "texture": "#0"},
				"east": {"uv": [12, 2, 16, 3], "texture": "#0"},
				"south": {"uv": [0, 4, 8, 5], "rotation": 180, "texture": "#0"},
				"west": {"uv": [12, 2, 16, 3], "texture": "#0"},
				"up": {"uv": [8, 0, 16, 4], "rotation": 180, "texture": "#0"},
				"down": {"uv": [0, 0, 8, 4], "texture": "#0"}
			}
		},
		{
			"from": [0, 12, 4],
			"to": [16, 14, 12],
			"rotation": {"angle": 0, "axis": "y", "origin": [8, 8, 8]},
			"faces": {
				"north": {"uv": [0, 4, 8, 5], "texture": "#0"},
				"east": {"uv": [12, 1, 16, 2], "texture": "#0"},
				"south": {"uv": [0, 4, 8, 5], "texture": "#0"},
				"west": {"uv": [12, 1, 16, 2], "texture": "#0"},
				"up": {"uv": [0, 0, 8, 4], "texture": "#0"},
				"down": {"uv": [8, 0, 16, 4], "rotation": 180, "texture": "#0"}
			}
		},
		{
			"from": [3, 11, 3],
			"to": [13, 16, 13],
			"faces": {
				"north": {"uv": [13, 8, 15.5, 13], "rotation": 90, "texture": "#0"},
				"east": {"uv": [13, 8, 15.5, 13], "rotation": 90, "texture": "#0"},
				"south": {"uv": [13, 8, 15.5, 13], "rotation": 90, "texture": "#0"},
				"west": {"uv": [13, 8, 15.5, 13], "rotation": 90, "texture": "#0"},
				"up": {"uv": [8, 8, 13, 13], "rotation": 180, "texture": "#0"},
				"down": {"uv": [8, 8, 13, 13], "texture": "#0"}
			}
		},
		{
			"from": [3, 0, 3],
			"to": [13, 5, 13],
			"rotation": {"angle": 0, "axis": "y", "origin": [8, 2.5, 8]},
			"faces": {
				"north": {"uv": [13, 8, 15.5, 13], "rotation": 270, "texture": "#0"},
				"east": {"uv": [13, 8, 15.5, 13], "rotation": 270, "texture": "#0"},
				"south": {"uv": [13, 8, 15.5, 13], "rotation": 270, "texture": "#0"},
				"west": {"uv": [13, 8, 15.5, 13], "rotation": 270, "texture": "#0"},
				"up": {"uv": [8, 8, 13, 13], "rotation": 180, "texture": "#0"},
				"down": {"uv": [8, 8, 13, 13], "texture": "#0"}
			}
		}
	],
	"display": {
		"thirdperson_righthand": {
			"rotation": [75, 45, 0],
			"translation": [0, 2.5, 0],
			"scale": [0.375, 0.375, 0.375]
		},
		"thirdperson_lefthand": {
			"rotation": [75, 45, 0],
			"translation": [0, 2.5, 0],
			"scale": [0.375, 0.375, 0.375]
		},
		"firstperson_righthand": {
			"rotation": [0, 45, 0],
			"scale": [0.4, 0.4, 0.4]
		},
		"firstperson_lefthand": {
			"rotation": [0, 225, 0],
			"scale": [0.4, 0.4, 0.4]
		},
		"ground": {
			"translation": [0, 3, 0],
			"scale": [0.25, 0.25, 0.25]
		},
		"gui": {
			"rotation": [30, 225, 0],
			"scale": [0.625, 0.625, 0.625]
		},
		"fixed": {
			"scale": [0.5, 0.5, 0.5]
		}
	},
	"groups": [
		{
			"name": "Beam X",
			"origin": [8, 13, 8],
			"color": 0,
			"children": [0, 1, 2, 3]
		},
		{
			"name": "Brace",
			"origin": [0, 0, 0],
			"color": 0,
			"children": [4, 5]
		}
	]
}