{
	"credit": "Made with Blockbench",
	"textures": {
		"0": "createdieselgenerators:block/pumpjack_crank",
		"1": "createdieselgenerators:block/pumpjack_bearing_back",
		"2": "create:block/axis_top",
		"3": "create:block/axis",
		"particle": "createdieselgenerators:block/pumpjack_crank"
	},
	"elements": [
		{
			"from": [0, 0, 0],
			"to": [16, 3, 16],
			"rotation": {"angle": 0, "axis": "y", "origin": [8, 8, 8]},
			"faces": {
				"north": {"uv": [0, 6.5, 5.33333, 8], "texture": "#0"},
				"east": {"uv": [0, 6.5, 5.33333, 8], "texture": "#0"},
				"south": {"uv": [0, 6.5, 5.33333, 8], "texture": "#0"},
				"west": {"uv": [0, 6.5, 5.33333, 8], "texture": "#0"},
				"up": {"uv": [0, 0, 5.33333, 8], "rotation": 270, "texture": "#0"},
				"down": {"uv": [0, 0, 16, 16], "rotation": 90, "texture": "#1"}
			}
		},
		{
			"from": [0, 13, 0],
			"to": [16, 16, 16],
			"rotation": {"angle": 0, "axis": "y", "origin": [8, 8, 8]},
			"faces": {
				"north": {"uv": [0, 0, 5.33333, 1.5], "texture": "#0"},
				"east": {"uv": [0, 0, 5.33333, 1.5], "texture": "#0"},
				"south": {"uv": [0, 0, 5.33333, 1.5], "texture": "#0"},
				"west": {"uv": [0, 0, 5.33333, 1.5], "texture": "#0"},
				"up": {"uv": [0, 0, 5.33333, 8], "rotation": 270, "texture": "#0"},
				"down": {"uv": [0, 0, 5.33333, 8], "rotation": 90, "texture": "#0"}
			}
		},
		{
			"from": [13, 3, 0],
			"to": [16, 13, 16],
			"rotation": {"angle": 0, "axis": "y", "origin": [8, 8, 8]},
			"faces": {
				"north": {"uv": [1, 0, 4.33333, 1.5], "rotation": 270, "texture": "#0"},
				"east": {"uv": [0, 1.5, 5.33333, 6.5], "texture": "#0"},
				"south": {"uv": [1, 0, 4.33333, 1.5], "rotation": 90, "texture": "#0"},
				"west": {"uv": [0, 1.5, 5.33333, 6.5], "rotation": 180, "texture": "#0"}
			}
		},
		{
			"from": [0, 3, 0],
			"to": [3, 13, 16],
			"rotation": {"angle": 0, "axis": "y", "origin": [8, 8, 8]},
			"faces": {
				"north": {"uv": [1, 6.5, 4.33333, 8], "rotation": 270, "texture": "#0"},
				"east": {"uv": [0, 1.5, 5.33333, 6.5], "texture": "#0"},
				"south": {"uv": [1, 6.5, 4.33333, 8], "rotation": 90, "texture": "#0"},
				"west": {"uv": [0, 1.5, 5.33333, 6.5], "rotation": 180, "texture": "#0"}
			}
		},
		{
			"from": [0.001, 16.001, 4.001],
			"to": [15.999, 21.999, 11.999],
			"rotation": {"angle": 0, "axis": "y", "origin": [8, 8, 8]},
			"faces": {
				"north": {"uv": [5.33333, 0, 10.66666, 3], "texture": "#0"},
				"east": {"uv": [5.33333, 4, 8, 7], "texture": "#0"},
				"south": {"uv": [5.33333, 0, 10.66666, 3], "texture": "#0"},
				"west": {"uv": [5.33333, 4, 8, 7], "texture": "#0"},
				"up": {"uv": [5.33333, 8, 10.66667, 12], "texture": "#0"}
			}
		},
		{
			"from": [3, 3, 1],
			"to": [13, 13, 15],
			"rotation": {"angle": 0, "axis": "y", "origin": [8, 8, 8]},
			"faces": {
				"north": {"uv": [10.66666, 8, 14, 13], "texture": "#0"},
				"south": {"uv": [10.66666, 8, 14, 13], "texture": "#0"}
			}
		},
		{
			"from": [18, 2, 14],
			"to": [20, 8, 20],
			"rotation": {"angle": 22.5, "axis": "x", "origin": [0, 28, 17]},
			"faces": {
				"north": {"uv": [10.33333, 4.5, 9.66667, 7.5], "rotation": 180, "texture": "#0"},
				"east": {"uv": [9.66667, 4.5, 11.66667, 7.5], "rotation": 180, "texture": "#0"},
				"south": {"uv": [9.66667, 4.5, 10.33333, 7.5], "rotation": 180, "texture": "#0"},
				"west": {"uv": [9.66667, 4.5, 11.66667, 7.5], "rotation": 180, "texture": "#0"},
				"up": {"uv": [9.66667, 5.5, 11.66667, 4.5], "rotation": 270, "texture": "#0"},
				"down": {"uv": [9.66667, 4.5, 11.66667, 5.5], "rotation": 90, "texture": "#0"}
			}
		},
		{
			"from": [-4, 8, 16],
			"to": [-2, 25, 18],
			"rotation": {"angle": 22.5, "axis": "x", "origin": [0, 28, 17]},
			"faces": {
				"north": {"uv": [16, 9.5, 15.33333, 1], "rotation": 180, "texture": "#0"},
				"east": {"uv": [15.33333, 9.5, 16, 1], "rotation": 180, "texture": "#0"},
				"south": {"uv": [16, 9.5, 15.33333, 1], "rotation": 180, "texture": "#0"},
				"west": {"uv": [15.33333, 9.5, 16, 1], "rotation": 180, "texture": "#0"},
				"down": {"uv": [16, 2.5, 15.33333, 1.5], "rotation": 90, "texture": "#0"}
			}
		},
		{
			"from": [-4, 25, 14],
			"to": [-2, 31, 20],
			"rotation": {"angle": 22.5, "axis": "x", "origin": [0, 28, 17]},
			"faces": {
				"north": {"uv": [10.33333, 4.5, 9.66667, 7.5], "rotation": 180, "texture": "#0"},
				"east": {"uv": [9.66667, 4.5, 11.66667, 7.5], "rotation": 180, "texture": "#0"},
				"south": {"uv": [9.66667, 4.5, 10.33333, 7.5], "rotation": 180, "texture": "#0"},
				"west": {"uv": [9.66667, 4.5, 11.66667, 7.5], "rotation": 180, "texture": "#0"},
				"up": {"uv": [9.66667, 5.5, 11.66667, 4.5], "rotation": 270, "texture": "#0"},
				"down": {"uv": [9.66667, 4.5, 11.66667, 5.5], "rotation": 90, "texture": "#0"}
			}
		},
		{
			"from": [-4, 2, 14],
			"to": [-2, 8, 20],
			"rotation": {"angle": 22.5, "axis": "x", "origin": [0, 28, 17]},
			"faces": {
				"north": {"uv": [10.33333, 4.5, 9.66667, 7.5], "rotation": 180, "texture": "#0"},
				"east": {"uv": [9.66667, 4.5, 11.66667, 7.5], "rotation": 180, "texture": "#0"},
				"south": {"uv": [9.66667, 4.5, 10.33333, 7.5], "rotation": 180, "texture": "#0"},
				"west": {"uv": [9.66667, 4.5, 11.66667, 7.5], "rotation": 180, "texture": "#0"},
				"up": {"uv": [9.66667, 5.5, 11.66667, 4.5], "rotation": 270, "texture": "#0"},
				"down": {"uv": [9.66667, 4.5, 11.66667, 5.5], "rotation": 90, "texture": "#0"}
			}
		},
		{
			"from": [18, 25, 14],
			"to": [20, 31, 20],
			"rotation": {"angle": 22.5, "axis": "x", "origin": [0, 28, 17]},
			"faces": {
				"north": {"uv": [10.33333, 4.5, 9.66667, 7.5], "rotation": 180, "texture": "#0"},
				"east": {"uv": [9.66667, 4.5, 11.66667, 7.5], "rotation": 180, "texture": "#0"},
				"south": {"uv": [9.66667, 4.5, 10.33333, 7.5], "rotation": 180, "texture": "#0"},
				"west": {"uv": [9.66667, 4.5, 11.66667, 7.5], "rotation": 180, "texture": "#0"},
				"up": {"uv": [9.66667, 5.5, 11.66667, 4.5], "rotation": 270, "texture": "#0"},
				"down": {"uv": [9.66667, 4.5, 11.66667, 5.5], "rotation": 90, "texture": "#0"}
			}
		},
		{
			"from": [18, 8, 16],
			"to": [20, 25, 18],
			"rotation": {"angle": 22.5, "axis": "x", "origin": [0, 28, 17]},
			"faces": {
				"north": {"uv": [16, 9.5, 15.33333, 1], "rotation": 180, "texture": "#0"},
				"east": {"uv": [15.33333, 9.5, 16, 1], "rotation": 180, "texture": "#0"},
				"south": {"uv": [16, 9.5, 15.33333, 1], "rotation": 180, "texture": "#0"},
				"west": {"uv": [15.33333, 9.5, 16, 1], "rotation": 180, "texture": "#0"},
				"down": {"uv": [16, 2.5, 15.33333, 1.5], "rotation": 90, "texture": "#0"}
			}
		},
		{
			"from": [16, 16, 5],
			"to": [18, 22, 11],
			"rotation": {"angle": -45, "axis": "x", "origin": [0, 19, 8]},
			"faces": {
				"north": {"uv": [9.66667, 5.5, 11.66667, 4.5], "rotation": 90, "texture": "#0"},
				"east": {"uv": [9.66667, 4.5, 11.66667, 7.5], "rotation": 270, "texture": "#0"},
				"south": {"uv": [9.66667, 4.5, 11.66667, 5.5], "rotation": 90, "texture": "#0"},
				"west": {"uv": [9.66667, 4.5, 11.66667, 7.5], "rotation": 90, "texture": "#0"},
				"up": {"uv": [9.66667, 4.5, 10.33333, 7.5], "rotation": 180, "texture": "#0"},
				"down": {"uv": [10.33333, 4.5, 9.66667, 7.5], "texture": "#0"}
			}
		},
		{
			"from": [-2, 12, 11],
			"to": [0, 26, 18],
			"rotation": {"angle": -45, "axis": "x", "origin": [0, 19, 8]},
			"faces": {
				"north": {"uv": [10.66667, 2, 15.33333, 1], "rotation": 90, "texture": "#0"},
				"east": {"uv": [10.66667, 0.5, 15.33333, 4], "rotation": 270, "texture": "#0"},
				"south": {"uv": [15.33333, 1, 10.66667, 0], "rotation": 90, "texture": "#0"},
				"west": {"uv": [10.66667, 0.5, 15.33333, 4], "rotation": 90, "texture": "#0"},
				"up": {"uv": [10.66667, 0.5, 11.33333, 4], "rotation": 180, "texture": "#0"},
				"down": {"uv": [11.33333, 0.5, 10.66667, 4], "texture": "#0"}
			}
		},
		{
			"from": [-2, 16, 18],
			"to": [0, 22, 24],
			"rotation": {"angle": -45, "axis": "x", "origin": [0, 19, 8]},
			"faces": {
				"north": {"uv": [9.66667, 5.5, 11.66667, 4.5], "rotation": 90, "texture": "#0"},
				"east": {"uv": [9.66667, 4.5, 11.66667, 7.5], "rotation": 270, "texture": "#0"},
				"south": {"uv": [9.66667, 4.5, 11.66667, 5.5], "rotation": 90, "texture": "#0"},
				"west": {"uv": [9.66667, 4.5, 11.66667, 7.5], "rotation": 90, "texture": "#0"},
				"up": {"uv": [9.66667, 4.5, 10.33333, 7.5], "rotation": 180, "texture": "#0"},
				"down": {"uv": [10.33333, 4.5, 9.66667, 7.5], "texture": "#0"}
			}
		},
		{
			"from": [-2, 16, 5],
			"to": [0, 22, 11],
			"rotation": {"angle": -45, "axis": "x", "origin": [0, 19, 8]},
			"faces": {
				"north": {"uv": [9.66667, 5.5, 11.66667, 4.5], "rotation": 90, "texture": "#0"},
				"east": {"uv": [9.66667, 4.5, 11.66667, 7.5], "rotation": 270, "texture": "#0"},
				"south": {"uv": [9.66667, 4.5, 11.66667, 5.5], "rotation": 90, "texture": "#0"},
				"west": {"uv": [9.66667, 4.5, 11.66667, 7.5], "rotation": 90, "texture": "#0"},
				"up": {"uv": [9.66667, 4.5, 10.33333, 7.5], "rotation": 180, "texture": "#0"},
				"down": {"uv": [10.33333, 4.5, 9.66667, 7.5], "texture": "#0"}
			}
		},
		{
			"from": [16, 16, 18],
			"to": [18, 22, 24],
			"rotation": {"angle": -45, "axis": "x", "origin": [0, 19, 8]},
			"faces": {
				"north": {"uv": [9.66667, 5.5, 11.66667, 4.5], "rotation": 90, "texture": "#0"},
				"east": {"uv": [9.66667, 4.5, 11.66667, 7.5], "rotation": 270, "texture": "#0"},
				"south": {"uv": [9.66667, 4.5, 11.66667, 5.5], "rotation": 90, "texture": "#0"},
				"west": {"uv": [9.66667, 4.5, 11.66667, 7.5], "rotation": 90, "texture": "#0"},
				"up": {"uv": [9.66667, 4.5, 10.33333, 7.5], "rotation": 180, "texture": "#0"},
				"down": {"uv": [10.33333, 4.5, 9.66667, 7.5], "texture": "#0"}
			}
		},
		{
			"from": [16, 12, 11],
			"to": [18, 26, 18],
			"rotation": {"angle": -45, "axis": "x", "origin": [0, 19, 8]},
			"faces": {
				"north": {"uv": [10.66667, 2, 15.33333, 1], "rotation": 90, "texture": "#0"},
				"east": {"uv": [10.66667, 0.5, 15.33333, 4], "rotation": 270, "texture": "#0"},
				"south": {"uv": [15.33333, 1, 10.66667, 0], "rotation": 90, "texture": "#0"},
				"west": {"uv": [10.66667, 0.5, 15.33333, 4], "rotation": 90, "texture": "#0"},
				"up": {"uv": [10.66667, 0.5, 11.33333, 4], "rotation": 180, "texture": "#0"},
				"down": {"uv": [11.33333, 0.5, 10.66667, 4], "texture": "#0"}
			}
		},
		{
			"from": [6, 6, 0],
			"to": [10, 10, 16],
			"rotation": {"angle": 22.5, "axis": "z", "origin": [8, 8, 15]},
			"faces": {
				"north": {"uv": [6, 6, 10, 10], "texture": "#2"},
				"east": {"uv": [6, 0, 10, 16], "rotation": 90, "texture": "#3"},
				"south": {"uv": [6, 6, 10, 10], "texture": "#2"},
				"west": {"uv": [6, 0, 10, 16], "rotation": 90, "texture": "#3"},
				"up": {"uv": [6, 0, 10, 16], "texture": "#3"},
				"down": {"uv": [6, 0, 10, 16], "texture": "#3"}
			}
		}
	],
	"display": {
		"thirdperson_righthand": {
			"rotation": [75, 45, 0],
			"translation": [0, 2.5, 0],
			"scale": [0.375, 0.375, 0.375]
		},
		"thirdperson_lefthand": {
			"rotation": [75, 45, 0],
			"translation": [0, 2.5, 0],
			"scale": [0.375, 0.375, 0.375]
		},
		"firstperson_righthand": {
			"rotation": [0, 45, 0],
			"scale": [0.4, 0.4, 0.4]
		},
		"firstperson_lefthand": {
			"rotation": [0, 225, 0],
			"scale": [0.4, 0.4, 0.4]
		},
		"ground": {
			"translation": [0, 3, 0],
			"scale": [0.25, 0.25, 0.25]
		},
		"gui": {
			"rotation": [30, 225, 0],
			"translation": [0.25, -3, 0],
			"scale": [0.4, 0.4, 0.4]
		},
		"head": {
			"translation": [0, 0, 1.75]
		},
		"fixed": {
			"translation": [0, -1.5, 0],
			"scale": [0.5, 0.5, 0.5]
		}
	}
}