{
	"credit": "Made with Blockbench",
	"texture_size": [48, 32],
	"textures": {
		"0": "createdieselgenerators:block/pumpjack_crank",
		"particle": "createdieselgenerators:block/pumpjack_crank"
	},
	"elements": [
		{
			"from": [-3, -3, -2],
			"to": [3, 3, 0],
			"faces": {
				"north": {"uv": [9.66667, 4.5, 11.66667, 7.5], "texture": "#0"},
				"east": {"uv": [10.33333, 4.5, 9.66667, 7.5], "texture": "#0"},
				"south": {"uv": [9.66667, 4.5, 11.66667, 7.5], "texture": "#0"},
				"west": {"uv": [9.66667, 4.5, 10.33333, 7.5], "texture": "#0"},
				"up": {"uv": [9.66667, 4.5, 11.66667, 5.5], "texture": "#0"},
				"down": {"uv": [9.66667, 5.5, 11.66667, 4.5], "texture": "#0"}
			}
		},
		{
			"from": [-7, 8, 16],
			"to": [7, 15, 18],
			"rotation": {"angle": 0, "axis": "y", "origin": [0, 2, 0]},
			"faces": {
				"north": {"uv": [10.66667, 0.5, 15.33333, 4], "texture": "#0"},
				"east": {"uv": [11.33333, 0.5, 10.66667, 4], "texture": "#0"},
				"south": {"uv": [10.66667, 0.5, 15.33333, 4], "texture": "#0"},
				"west": {"uv": [10.66667, 0.5, 11.33333, 4], "texture": "#0"},
				"up": {"uv": [15.33333, 1, 10.66667, 0], "texture": "#0"},
				"down": {"uv": [10.66667, 2, 15.33333, 1], "texture": "#0"}
			}
		},
		{
			"from": [-3, 15, 16],
			"to": [3, 21, 18],
			"rotation": {"angle": 0, "axis": "y", "origin": [0, 2, 0]},
			"faces": {
				"north": {"uv": [9.66667, 4.5, 11.66667, 7.5], "texture": "#0"},
				"east": {"uv": [10.33333, 4.5, 9.66667, 7.5], "texture": "#0"},
				"south": {"uv": [9.66667, 4.5, 11.66667, 7.5], "texture": "#0"},
				"west": {"uv": [9.66667, 4.5, 10.33333, 7.5], "texture": "#0"},
				"up": {"uv": [9.66667, 4.5, 11.66667, 5.5], "texture": "#0"},
				"down": {"uv": [9.66667, 5.5, 11.66667, 4.5], "texture": "#0"}
			}
		},
		{
			"from": [-1, 3, -2],
			"to": [1, 8, 0],
			"rotation": {"angle": 0, "axis": "y", "origin": [0, -12, -18]},
			"faces": {
				"north": {"uv": [16, 1, 15.33333, 3.5], "texture": "#0"},
				"east": {"uv": [15.33333, 1, 16, 3.5], "texture": "#0"},
				"south": {"uv": [16, 1, 15.33333, 3.5], "texture": "#0"},
				"west": {"uv": [15.33333, 1, 16, 3.5], "texture": "#0"},
				"up": {"uv": [15.33333, 1, 16, 2], "texture": "#0"},
				"down": {"uv": [15.33333, 2, 16, 1], "texture": "#0"}
			}
		},
		{
			"from": [-1, 3, 16],
			"to": [1, 8, 18],
			"rotation": {"angle": 0, "axis": "y", "origin": [0, -12, -18]},
			"faces": {
				"north": {"uv": [16, 1, 15.33333, 3.5], "texture": "#0"},
				"east": {"uv": [15.33333, 1, 16, 3.5], "texture": "#0"},
				"south": {"uv": [16, 1, 15.33333, 3.5], "texture": "#0"},
				"west": {"uv": [15.33333, 1, 16, 3.5], "texture": "#0"},
				"up": {"uv": [15.33333, 1, 16, 2], "texture": "#0"},
				"down": {"uv": [15.33333, 2, 16, 1], "texture": "#0"}
			}
		},
		{
			"from": [-3, -3, 16],
			"to": [3, 3, 18],
			"faces": {
				"north": {"uv": [9.66667, 4.5, 11.66667, 7.5], "texture": "#0"},
				"east": {"uv": [10.33333, 4.5, 9.66667, 7.5], "texture": "#0"},
				"south": {"uv": [9.66667, 4.5, 11.66667, 7.5], "texture": "#0"},
				"west": {"uv": [9.66667, 4.5, 10.33333, 7.5], "texture": "#0"},
				"up": {"uv": [9.66667, 4.5, 11.66667, 5.5], "texture": "#0"},
				"down": {"uv": [9.66667, 5.5, 11.66667, 4.5], "texture": "#0"}
			}
		},
		{
			"from": [-3, 15, -2],
			"to": [3, 21, 0],
			"rotation": {"angle": 0, "axis": "y", "origin": [0, 2, 0]},
			"faces": {
				"north": {"uv": [9.66667, 4.5, 11.66667, 7.5], "texture": "#0"},
				"east": {"uv": [10.33333, 4.5, 9.66667, 7.5], "texture": "#0"},
				"south": {"uv": [9.66667, 4.5, 11.66667, 7.5], "texture": "#0"},
				"west": {"uv": [9.66667, 4.5, 10.33333, 7.5], "texture": "#0"},
				"up": {"uv": [9.66667, 4.5, 11.66667, 5.5], "texture": "#0"},
				"down": {"uv": [9.66667, 5.5, 11.66667, 4.5], "texture": "#0"}
			}
		},
		{
			"from": [-7, 8, -2],
			"to": [7, 15, 0],
			"rotation": {"angle": 0, "axis": "y", "origin": [0, 2, 0]},
			"faces": {
				"north": {"uv": [10.66667, 0.5, 15.33333, 4], "texture": "#0"},
				"east": {"uv": [11.33333, 0.5, 10.66667, 4], "texture": "#0"},
				"south": {"uv": [10.66667, 0.5, 15.33333, 4], "texture": "#0"},
				"west": {"uv": [10.66667, 0.5, 11.33333, 4], "texture": "#0"},
				"up": {"uv": [15.33333, 1, 10.66667, 0], "texture": "#0"},
				"down": {"uv": [10.66667, 2, 15.33333, 1], "texture": "#0"}
			}
		},
		{
			"from": [7.01, 8.01, -1.99],
			"to": [15.99, 14.99, -0.01],
			"rotation": {"angle": -45, "axis": "z", "origin": [7, 15, 0]},
			"faces": {
				"north": {"uv": [10.66667, 0.5, 13.66667, 4], "texture": "#0"},
				"east": {"uv": [11.33334, 0.5, 10.66667, 4], "texture": "#0"},
				"south": {"uv": [10.66667, 0.5, 13.66667, 4], "texture": "#0"},
				"west": {"uv": [10.66667, 0.5, 11.33334, 4], "texture": "#0"},
				"up": {"uv": [13.66667, 1, 10.66667, 0], "texture": "#0"},
				"down": {"uv": [10.66667, 2, 13.66667, 1], "texture": "#0"}
			}
		},
		{
			"from": [-15.99, 8.01, -1.99],
			"to": [-7.01, 14.99, -0.01],
			"rotation": {"angle": 45, "axis": "z", "origin": [-7, 15, 0]},
			"faces": {
				"north": {"uv": [10.66667, 0.5, 13.66667, 4], "texture": "#0"},
				"east": {"uv": [11.33334, 0.5, 10.66667, 4], "texture": "#0"},
				"south": {"uv": [10.66667, 0.5, 13.66667, 4], "texture": "#0"},
				"west": {"uv": [10.66667, 0.5, 11.33334, 4], "texture": "#0"},
				"up": {"uv": [13.66667, 1, 10.66667, 0], "texture": "#0"},
				"down": {"uv": [10.66667, 2, 13.66667, 1], "texture": "#0"}
			}
		},
		{
			"from": [7.01, 8.01, 16.01],
			"to": [15.99, 14.99, 17.99],
			"rotation": {"angle": -45, "axis": "z", "origin": [7, 15, 18]},
			"faces": {
				"north": {"uv": [10.66667, 0.5, 13.66667, 4], "texture": "#0"},
				"east": {"uv": [11.33334, 0.5, 10.66667, 4], "texture": "#0"},
				"south": {"uv": [10.66667, 0.5, 13.66667, 4], "texture": "#0"},
				"west": {"uv": [10.66667, 0.5, 11.33334, 4], "texture": "#0"},
				"up": {"uv": [13.66667, 1, 10.66667, 0], "texture": "#0"},
				"down": {"uv": [10.66667, 2, 13.66667, 1], "texture": "#0"}
			}
		},
		{
			"from": [-15.99, 8.01, 16.01],
			"to": [-7.01, 14.99, 17.99],
			"rotation": {"angle": 45, "axis": "z", "origin": [-7, 15, 18]},
			"faces": {
				"north": {"uv": [10.66667, 0.5, 13.66667, 4], "texture": "#0"},
				"east": {"uv": [11.33334, 0.5, 10.66667, 4], "texture": "#0"},
				"south": {"uv": [10.66667, 0.5, 13.66667, 4], "texture": "#0"},
				"west": {"uv": [10.66667, 0.5, 11.33334, 4], "texture": "#0"},
				"up": {"uv": [13.66667, 1, 10.66667, 0], "texture": "#0"},
				"down": {"uv": [10.66667, 2, 13.66667, 1], "texture": "#0"}
			}
		}
	]
}