{
	"credit": "Made with Blockbench",
	"texture_size": [48, 32],
	"textures": {
		"0": "createdieselgenerators:block/pumpjack_crank",
		"particle": "createdieselgenerators:block/pumpjack_crank"
	},
	"elements": [
		{
			"from": [-3, -3, -2],
			"to": [3, 3, 0],
			"faces": {
				"north": {"uv": [9.66667, 4.5, 11.66667, 7.5], "texture": "#0"},
				"east": {"uv": [10.33333, 4.5, 9.66667, 7.5], "texture": "#0"},
				"south": {"uv": [9.66667, 4.5, 11.66667, 7.5], "texture": "#0"},
				"west": {"uv": [9.66667, 4.5, 10.33333, 7.5], "texture": "#0"},
				"up": {"uv": [9.66667, 4.5, 11.66667, 5.5], "texture": "#0"},
				"down": {"uv": [9.66667, 5.5, 11.66667, 4.5], "texture": "#0"}
			}
		},
		{
			"from": [-7, 3, 16],
			"to": [7, 10, 18],
			"faces": {
				"north": {"uv": [10.66667, 0.5, 15.33333, 4], "texture": "#0"},
				"east": {"uv": [11.33333, 0.5, 10.66667, 4], "texture": "#0"},
				"south": {"uv": [10.66667, 0.5, 15.33333, 4], "texture": "#0"},
				"west": {"uv": [10.66667, 0.5, 11.33333, 4], "texture": "#0"},
				"up": {"uv": [15.33333, 1, 10.66667, 0], "texture": "#0"},
				"down": {"uv": [10.66667, 2, 15.33333, 1], "texture": "#0"}
			}
		},
		{
			"from": [-3, 10, 16],
			"to": [3, 16, 18],
			"faces": {
				"north": {"uv": [9.66667, 4.5, 11.66667, 7.5], "texture": "#0"},
				"east": {"uv": [10.33333, 4.5, 9.66667, 7.5], "texture": "#0"},
				"south": {"uv": [9.66667, 4.5, 11.66667, 7.5], "texture": "#0"},
				"west": {"uv": [9.66667, 4.5, 10.33333, 7.5], "texture": "#0"},
				"up": {"uv": [9.66667, 4.5, 11.66667, 5.5], "texture": "#0"},
				"down": {"uv": [9.66667, 5.5, 11.66667, 4.5], "texture": "#0"}
			}
		},
		{
			"from": [-3, -3, 16],
			"to": [3, 3, 18],
			"faces": {
				"north": {"uv": [9.66667, 4.5, 11.66667, 7.5], "texture": "#0"},
				"east": {"uv": [10.33333, 4.5, 9.66667, 7.5], "texture": "#0"},
				"south": {"uv": [9.66667, 4.5, 11.66667, 7.5], "texture": "#0"},
				"west": {"uv": [9.66667, 4.5, 10.33333, 7.5], "texture": "#0"},
				"up": {"uv": [9.66667, 4.5, 11.66667, 5.5], "texture": "#0"},
				"down": {"uv": [9.66667, 5.5, 11.66667, 4.5], "texture": "#0"}
			}
		},
		{
			"from": [-3, 10, -2],
			"to": [3, 16, 0],
			"faces": {
				"north": {"uv": [9.66667, 4.5, 11.66667, 7.5], "texture": "#0"},
				"east": {"uv": [10.33333, 4.5, 9.66667, 7.5], "texture": "#0"},
				"south": {"uv": [9.66667, 4.5, 11.66667, 7.5], "texture": "#0"},
				"west": {"uv": [9.66667, 4.5, 10.33333, 7.5], "texture": "#0"},
				"up": {"uv": [9.66667, 4.5, 11.66667, 5.5], "texture": "#0"},
				"down": {"uv": [9.66667, 5.5, 11.66667, 4.5], "texture": "#0"}
			}
		},
		{
			"from": [-7, 3, -2],
			"to": [7, 10, 0],
			"faces": {
				"north": {"uv": [10.66667, 0.5, 15.33333, 4], "texture": "#0"},
				"east": {"uv": [11.33333, 0.5, 10.66667, 4], "texture": "#0"},
				"south": {"uv": [10.66667, 0.5, 15.33333, 4], "texture": "#0"},
				"west": {"uv": [10.66667, 0.5, 11.33333, 4], "texture": "#0"},
				"up": {"uv": [15.33333, 1, 10.66667, 0], "texture": "#0"},
				"down": {"uv": [10.66667, 2, 15.33333, 1], "texture": "#0"}
			}
		}
	]
}