{
	"credit": "Made with Blockbench",
	"texture_size": [48, 32],
	"textures": {
		"0": "createdieselgenerators:block/pumpjack_crank",
		"particle": "createdieselgenerators:block/pumpjack_crank"
	},
	"elements": [
		{
			"from": [-3, -3, -4],
			"to": [3, 3, -2],
			"faces": {
				"north": {"uv": [9.66667, 4.5, 11.66667, 7.5], "rotation": 180, "texture": "#0"},
				"east": {"uv": [9.66667, 4.5, 10.33333, 7.5], "rotation": 180, "texture": "#0"},
				"south": {"uv": [9.66667, 4.5, 11.66667, 7.5], "rotation": 180, "texture": "#0"},
				"west": {"uv": [10.33333, 4.5, 9.66667, 7.5], "rotation": 180, "texture": "#0"},
				"up": {"uv": [9.66667, 5.5, 11.66667, 4.5], "rotation": 180, "texture": "#0"},
				"down": {"uv": [9.66667, 4.5, 11.66667, 5.5], "rotation": 180, "texture": "#0"}
			}
		},
		{
			"from": [-1, 3, 18],
			"to": [1, 20, 20],
			"faces": {
				"north": {"uv": [15.33333, 9.5, 16, 1], "rotation": 180, "texture": "#0"},
				"east": {"uv": [16, 9.5, 15.33333, 1], "rotation": 180, "texture": "#0"},
				"south": {"uv": [15.33333, 9.5, 16, 1], "rotation": 180, "texture": "#0"},
				"west": {"uv": [16, 9.5, 15.33333, 1], "rotation": 180, "texture": "#0"},
				"down": {"uv": [16, 2.5, 15.33333, 1.5], "rotation": 180, "texture": "#0"}
			}
		},
		{
			"from": [-3, 20, 18],
			"to": [3, 26, 20],
			"faces": {
				"north": {"uv": [9.66667, 4.5, 11.66667, 7.5], "rotation": 180, "texture": "#0"},
				"east": {"uv": [9.66667, 4.5, 10.33333, 7.5], "rotation": 180, "texture": "#0"},
				"south": {"uv": [9.66667, 4.5, 11.66667, 7.5], "rotation": 180, "texture": "#0"},
				"west": {"uv": [10.33333, 4.5, 9.66667, 7.5], "rotation": 180, "texture": "#0"},
				"up": {"uv": [9.66667, 5.5, 11.66667, 4.5], "rotation": 180, "texture": "#0"},
				"down": {"uv": [9.66667, 4.5, 11.66667, 5.5], "rotation": 180, "texture": "#0"}
			}
		},
		{
			"from": [-3, -3, 18],
			"to": [3, 3, 20],
			"faces": {
				"north": {"uv": [9.66667, 4.5, 11.66667, 7.5], "rotation": 180, "texture": "#0"},
				"east": {"uv": [9.66667, 4.5, 10.33333, 7.5], "rotation": 180, "texture": "#0"},
				"south": {"uv": [9.66667, 4.5, 11.66667, 7.5], "rotation": 180, "texture": "#0"},
				"west": {"uv": [10.33333, 4.5, 9.66667, 7.5], "rotation": 180, "texture": "#0"},
				"up": {"uv": [9.66667, 5.5, 11.66667, 4.5], "rotation": 180, "texture": "#0"},
				"down": {"uv": [9.66667, 4.5, 11.66667, 5.5], "rotation": 180, "texture": "#0"}
			}
		},
		{
			"from": [-3, 20, -4],
			"to": [3, 26, -2],
			"faces": {
				"north": {"uv": [9.66667, 4.5, 11.66667, 7.5], "rotation": 180, "texture": "#0"},
				"east": {"uv": [9.66667, 4.5, 10.33333, 7.5], "rotation": 180, "texture": "#0"},
				"south": {"uv": [9.66667, 4.5, 11.66667, 7.5], "rotation": 180, "texture": "#0"},
				"west": {"uv": [10.33333, 4.5, 9.66667, 7.5], "rotation": 180, "texture": "#0"},
				"up": {"uv": [9.66667, 5.5, 11.66667, 4.5], "rotation": 180, "texture": "#0"},
				"down": {"uv": [9.66667, 4.5, 11.66667, 5.5], "rotation": 180, "texture": "#0"}
			}
		},
		{
			"from": [-1, 3, -4],
			"to": [1, 20, -2],
			"faces": {
				"north": {"uv": [15.33333, 9.5, 16, 1], "rotation": 180, "texture": "#0"},
				"east": {"uv": [16, 9.5, 15.33333, 1], "rotation": 180, "texture": "#0"},
				"south": {"uv": [15.33333, 9.5, 16, 1], "rotation": 180, "texture": "#0"},
				"west": {"uv": [16, 9.5, 15.33333, 1], "rotation": 180, "texture": "#0"},
				"down": {"uv": [16, 2.5, 15.33333, 1.5], "rotation": 180, "texture": "#0"}
			}
		}
	]
}