{
	"credit": "Made with Blockbench",
	"render_type": "cutout",
	"textures": {
		"0": "createdieselgenerators:block/canister",
		"1": "create:block/flap_display_front",
		"particle": "createdieselgenerators:block/canister"
	},
	"elements": [
		{
			"from": [2, 2, 3],
			"to": [14, 14, 16],
			"rotation": {"angle": 0, "axis": "x", "origin": [8, 8, 8]},
			"faces": {
				"north": {"uv": [0, 0, 8, 8], "rotation": 180, "texture": "#0"},
				"east": {"uv": [8, 7.33333, 16, 16], "rotation": 90, "texture": "#0"},
				"south": {"uv": [0, 8, 8, 16], "texture": "#0"},
				"west": {"uv": [8, 7.33333, 16, 16], "rotation": 270, "texture": "#0"},
				"up": {"uv": [8, 7.33333, 16, 16], "texture": "#0"},
				"down": {"uv": [8, 7.33333, 16, 16], "rotation": 180, "texture": "#0"}
			}
		},
		{
			"from": [1.99, 1.99, -1.01],
			"to": [14.01, 14.01, 3.01],
			"rotation": {"angle": 0, "axis": "x", "origin": [8, 8, 8]},
			"faces": {
				"east": {"uv": [7.98667, 4.66667, 16, 7.34667], "rotation": 90, "texture": "#0"},
				"west": {"uv": [7.98667, 4.66667, 16, 7.34667], "rotation": 270, "texture": "#0"},
				"up": {"uv": [7.98667, 4.66667, 16, 7.34667], "texture": "#0"},
				"down": {"uv": [7.98667, 4.66667, 16, 7.34667], "rotation": 180, "texture": "#0"}
			}
		},
		{
			"from": [14, 2, -1],
			"to": [2, 14, 3],
			"rotation": {"angle": 0, "axis": "x", "origin": [8, 8, 8]},
			"faces": {
				"east": {"uv": [8, 2, 16, 4.66667], "rotation": 90, "texture": "#0"},
				"west": {"uv": [7.98667, 2, 15.98667, 4.66667], "rotation": 270, "texture": "#0"},
				"up": {"uv": [8, 2, 16, 4.66667], "texture": "#0"},
				"down": {"uv": [8, 2, 16, 4.66667], "rotation": 180, "texture": "#0"}
			}
		},
		{
			"from": [6, 6, 2],
			"to": [10, 10, 3],
			"rotation": {"angle": 0, "axis": "x", "origin": [8, 8, 8]},
			"faces": {
				"north": {"uv": [2.66667, 2.66667, 5.33333, 5.33333], "rotation": 180, "texture": "#0"},
				"east": {"uv": [2.66667, 4.66667, 5.33333, 5.33333], "rotation": 90, "texture": "#0"},
				"west": {"uv": [2.65333, 4.66667, 5.32, 5.33333], "rotation": 270, "texture": "#0"},
				"up": {"uv": [2.66667, 2.66667, 5.33333, 3.33333], "texture": "#0"},
				"down": {"uv": [2.66667, 4.66667, 5.33333, 5.33333], "rotation": 180, "texture": "#0"}
			}
		},
		{
			"from": [0.99, -0.01, 11.99],
			"to": [15.01, 3.01, 15.01],
			"rotation": {"angle": 0, "axis": "x", "origin": [8, 8, 8]},
			"faces": {
				"north": {"uv": [0, 0, 14, 3], "texture": "#1"},
				"east": {"uv": [8, 0, 11, 3], "texture": "#1"},
				"south": {"uv": [1, 0, 15, 3], "texture": "#1"},
				"west": {"uv": [8, 0, 11, 3], "texture": "#1"},
				"up": {"uv": [1, 2, 4, 16], "rotation": 90, "texture": "#1"},
				"down": {"uv": [1, 3, 15, 6], "texture": "#1"}
			}
		},
		{
			"from": [0.99, -0.01, 3.99],
			"to": [15.01, 3.01, 7.01],
			"rotation": {"angle": 0, "axis": "x", "origin": [8, 8, 8]},
			"faces": {
				"north": {"uv": [0, 0, 14, 3], "texture": "#1"},
				"east": {"uv": [8, 0, 11, 3], "texture": "#1"},
				"south": {"uv": [1, 0, 15, 3], "texture": "#1"},
				"west": {"uv": [8, 0, 11, 3], "texture": "#1"},
				"up": {"uv": [1, 2, 4, 16], "rotation": 90, "texture": "#1"},
				"down": {"uv": [1, 3, 15, 6], "texture": "#1"}
			}
		},
		{
			"from": [0.99, 12.99, 11.99],
			"to": [15.01, 16.01, 15.01],
			"rotation": {"angle": 0, "axis": "y", "origin": [8, 8, 8]},
			"faces": {
				"north": {"uv": [0, 0, 14, 3], "texture": "#1"},
				"east": {"uv": [8, 0, 11, 3], "texture": "#1"},
				"south": {"uv": [1, 0, 15, 3], "texture": "#1"},
				"west": {"uv": [8, 0, 11, 3], "texture": "#1"},
				"up": {"uv": [1, 2, 4, 16], "rotation": 90, "texture": "#1"},
				"down": {"uv": [1, 3, 15, 6], "texture": "#1"}
			}
		},
		{
			"from": [0.99, 12.99, 3.99],
			"to": [15.01, 16.01, 7.01],
			"rotation": {"angle": 0, "axis": "y", "origin": [8, 8, 8]},
			"faces": {
				"north": {"uv": [0, 0, 14, 3], "texture": "#1"},
				"east": {"uv": [8, 0, 11, 3], "texture": "#1"},
				"south": {"uv": [1, 0, 15, 3], "texture": "#1"},
				"west": {"uv": [8, 0, 11, 3], "texture": "#1"},
				"up": {"uv": [1, 2, 4, 16], "rotation": 90, "texture": "#1"},
				"down": {"uv": [1, 3, 15, 6], "texture": "#1"}
			}
		}
	],
	"display": {
		"thirdperson_righthand": {
			"rotation": [75, 45, 0],
			"translation": [0, 2.5, 0],
			"scale": [0.375, 0.375, 0.375]
		},
		"thirdperson_lefthand": {
			"rotation": [75, 45, 0],
			"translation": [0, 2.5, 0],
			"scale": [0.375, 0.375, 0.375]
		},
		"firstperson_righthand": {
			"rotation": [0, 45, 0],
			"scale": [0.4, 0.4, 0.4]
		},
		"firstperson_lefthand": {
			"rotation": [0, 225, 0],
			"scale": [0.4, 0.4, 0.4]
		},
		"ground": {
			"translation": [0, 3, 0],
			"scale": [0.25, 0.25, 0.25]
		},
		"gui": {
			"rotation": [30, 225, 0],
			"scale": [0.625, 0.625, 0.625]
		},
		"head": {
			"translation": [0, 14.5, 0]
		},
		"fixed": {
			"rotation": [-90, 0, 0],
			"translation": [0, 0, -7]
		}
	}
}