{
	"parent": "minecraft:block/cube_bottom_top",
	"textures": {
		"0": "ae2:block/spatial_io_port_top",
		"1": "ae2:block/spatial_io_port_bottom",
		"2": "ae2:block/spatial_io_port_side",
		"top": "ae2:block/spatial_io_port_top",
		"bottom": "ae2:block/spatial_io_port_bottom",
		"side": "ae2:block/spatial_io_port_side"
		
	},
	"elements": [
		{
			"from": [1, 0, 1],
			"to": [15, 15, 15],
			"rotation": {"angle": 0, "axis": "y", "origin": [14, 0, 0]},
			"faces": {
				"north": {"uv": [1, 1, 15, 16], "texture": "#2"},
				"east": {"uv": [1, 1, 15, 16], "texture": "#2"},
				"south": {"uv": [1, 1, 15, 16], "texture": "#2"},
				"west": {"uv": [1, 1, 15, 16], "texture": "#2"},
				"up": {"uv": [1, 1, 15, 15], "texture": "#0"},
				"down": {"uv": [1, 1, 15, 15], "texture": "#1"}
			}
		},
		{
			"from": [0, 0, 1],
			"to": [1, 3, 16],
			"rotation": {"angle": 0, "axis": "y", "origin": [0, 3, 14]},
			"faces": {
				"north": {"uv": [0, 0, 1, 3], "texture": "#missing"},
				"east": {"uv": [0, 0, 15, 3], "texture": "#missing"},
				"south": {"uv": [0, 13, 1, 16], "texture": "#2"},
				"west": {"uv": [1, 13, 16, 16], "texture": "#2"},
				"up": {"uv": [0, 0, 15, 1], "rotation": 270, "texture": "#1"},
				"down": {"uv": [0, 0, 15, 1], "rotation": 90, "texture": "#1"}
			}
		},
		{
			"from": [0, 3, 1],
			"to": [1, 11, 4],
			"rotation": {"angle": 0, "axis": "y", "origin": [0, 3, 3]},
			"faces": {
				"north": {"uv": [0, 0, 1, 8], "texture": "#missing"},
				"east": {"uv": [0, 0, 3, 8], "texture": "#missing"},
				"south": {"uv": [0, 0, 1, 8], "texture": "#1"},
				"west": {"uv": [1, 6, 4, 14], "texture": "#2"},
				"up": {"uv": [0, 0, 3, 1], "rotation": 270, "texture": "#missing"},
				"down": {"uv": [0, 0, 3, 1], "rotation": 90, "texture": "#missing"}
			}
		},
		{
			"from": [0, 3, 12],
			"to": [1, 11, 16],
			"rotation": {"angle": 0, "axis": "y", "origin": [0, 3, 14]},
			"faces": {
				"north": {"uv": [0, 0, 1, 8], "texture": "#1"},
				"east": {"uv": [0, 0, 4, 8], "texture": "#missing"},
				"south": {"uv": [0, 5, 1, 13], "texture": "#2"},
				"west": {"uv": [12, 5, 16, 13], "texture": "#2"},
				"up": {"uv": [0, 0, 4, 1], "rotation": 270, "texture": "#missing"},
				"down": {"uv": [0, 0, 4, 1], "rotation": 90, "texture": "#1"}
			}
		},
		{
			"from": [0, 11, 1],
			"to": [1, 12, 5],
			"rotation": {"angle": 0, "axis": "y", "origin": [0, 11, 3]},
			"faces": {
				"north": {"uv": [0, 0, 1, 1], "texture": "#missing"},
				"east": {"uv": [0, 0, 4, 1], "texture": "#missing"},
				"south": {"uv": [0, 0, 1, 1], "texture": "#1"},
				"west": {"uv": [1, 4, 5, 5], "texture": "#2"},
				"up": {"uv": [0, 0, 4, 1], "rotation": 270, "texture": "#missing"},
				"down": {"uv": [0, 0, 4, 1], "rotation": 90, "texture": "#1"}
			}
		},
		{
			"from": [0, 11, 11],
			"to": [1, 12, 16],
			"rotation": {"angle": 0, "axis": "y", "origin": [0, 11, 14]},
			"faces": {
				"north": {"uv": [0, 0, 1, 1], "texture": "#1"},
				"east": {"uv": [0, 0, 5, 1], "texture": "#missing"},
				"south": {"uv": [0, 4, 1, 5], "texture": "#2"},
				"west": {"uv": [11, 4, 16, 5], "texture": "#2"},
				"up": {"uv": [0, 0, 5, 1], "rotation": 270, "texture": "#missing"},
				"down": {"uv": [0, 0, 5, 1], "rotation": 90, "texture": "#1"}
			}
		},
		{
			"from": [0, 12, 1],
			"to": [1, 13, 6],
			"rotation": {"angle": 0, "axis": "y", "origin": [0, 12, 3]},
			"faces": {
				"north": {"uv": [0, 0, 1, 1], "texture": "#missing"},
				"east": {"uv": [0, 0, 5, 1], "texture": "#missing"},
				"south": {"uv": [0, 0, 1, 1], "texture": "#1"},
				"west": {"uv": [1, 3, 6, 4], "texture": "#2"},
				"up": {"uv": [0, 0, 5, 1], "rotation": 270, "texture": "#missing"},
				"down": {"uv": [0, 0, 5, 1], "rotation": 90, "texture": "#1"}
			}
		},
		{
			"from": [0, 12, 10],
			"to": [1, 13, 16],
			"rotation": {"angle": 0, "axis": "y", "origin": [0, 12, 14]},
			"faces": {
				"north": {"uv": [0, 0, 1, 1], "texture": "#1"},
				"east": {"uv": [0, 0, 6, 1], "texture": "#missing"},
				"south": {"uv": [0, 0, 1, 1], "texture": "#2"},
				"west": {"uv": [10, 3, 16, 4], "texture": "#2"},
				"up": {"uv": [0, 0, 6, 1], "rotation": 270, "texture": "#missing"},
				"down": {"uv": [0, 0, 6, 1], "rotation": 90, "texture": "#1"}
			}
		},
		{
			"from": [0, 13, 1],
			"to": [1, 14, 7],
			"rotation": {"angle": 0, "axis": "y", "origin": [0, 13, 3]},
			"faces": {
				"north": {"uv": [0, 0, 1, 1], "texture": "#missing"},
				"east": {"uv": [0, 0, 6, 1], "texture": "#missing"},
				"south": {"uv": [0, 0, 1, 1], "texture": "#1"},
				"west": {"uv": [1, 2, 7, 3], "texture": "#2"},
				"up": {"uv": [0, 0, 6, 1], "rotation": 270, "texture": "#missing"},
				"down": {"uv": [0, 0, 6, 1], "rotation": 90, "texture": "#1"}
			}
		},
		{
			"from": [0, 13, 9],
			"to": [1, 14, 16],
			"rotation": {"angle": 0, "axis": "y", "origin": [0, 13, 14]},
			"faces": {
				"north": {"uv": [0, 0, 1, 1], "texture": "#1"},
				"east": {"uv": [0, 0, 7, 1], "texture": "#missing"},
				"south": {"uv": [0, 0, 1, 1], "texture": "#2"},
				"west": {"uv": [9, 2, 16, 3], "texture": "#2"},
				"up": {"uv": [0, 0, 7, 1], "rotation": 270, "texture": "#missing"},
				"down": {"uv": [0, 0, 7, 1], "rotation": 90, "texture": "#1"}
			}
		},
		{
			"from": [0, 14, 1],
			"to": [1, 15, 16],
			"rotation": {"angle": 0, "axis": "y", "origin": [0, 14, 3]},
			"faces": {
				"north": {"uv": [0, 0, 1, 1], "texture": "#missing"},
				"east": {"uv": [0, 0, 15, 1], "texture": "#missing"},
				"south": {"uv": [0, 0, 1, 1], "texture": "#2"},
				"west": {"uv": [1, 1, 16, 2], "texture": "#2"},
				"up": {"uv": [0, 0, 15, 1], "rotation": 270, "texture": "#missing"},
				"down": {"uv": [0, 0, 15, 1], "rotation": 90, "texture": "#1"}
			}
		},
		{
			"from": [0.5, 4, 5],
			"to": [1.5, 9, 11],
			"rotation": {"angle": 0, "axis": "y", "origin": [0.5, 3, 14]},
			"faces": {
				"north": {"uv": [0, 0, 1, 5], "texture": "#1"},
				"east": {"uv": [0, 0, 6, 5], "texture": "#missing"},
				"south": {"uv": [0, 0, 1, 5], "texture": "#1"},
				"west": {"uv": [5, 7, 11, 12], "texture": "#2"},
				"up": {"uv": [0, 0, 6, 1], "rotation": 270, "texture": "#1"},
				"down": {"uv": [0, 0, 6, 1], "rotation": 90, "texture": "#1"}
			}
		},
		{
			"from": [0, 0, 0],
			"to": [15, 3, 1],
			"faces": {
				"north": {"uv": [1, 13, 16, 16], "texture": "#2"},
				"east": {"uv": [0, 0, 1, 3], "texture": "#missing"},
				"south": {"uv": [0, 0, 15, 3], "texture": "#missing"},
				"west": {"uv": [0, 13, 1, 16], "texture": "#2"},
				"up": {"uv": [0, 0, 15, 1], "texture": "#1"},
				"down": {"uv": [0, 0, 15, 1], "texture": "#1"}
			}
		},
		{
			"from": [12, 3, 0],
			"to": [15, 11, 1],
			"rotation": {"angle": 0, "axis": "y", "origin": [13, 3, 0]},
			"faces": {
				"north": {"uv": [1, 6, 4, 14], "texture": "#2"},
				"east": {"uv": [0, 0, 1, 8], "texture": "#missing"},
				"south": {"uv": [0, 0, 3, 8], "texture": "#missing"},
				"west": {"uv": [0, 0, 1, 8], "texture": "#1"},
				"up": {"uv": [0, 0, 3, 1], "texture": "#missing"},
				"down": {"uv": [0, 0, 3, 1], "texture": "#missing"}
			}
		},
		{
			"from": [0, 3, 0],
			"to": [4, 11, 1],
			"rotation": {"angle": 0, "axis": "y", "origin": [2, 3, 0]},
			"faces": {
				"north": {"uv": [12, 5, 16, 13], "texture": "#2"},
				"east": {"uv": [0, 0, 1, 8], "texture": "#1"},
				"south": {"uv": [0, 0, 4, 8], "texture": "#missing"},
				"west": {"uv": [0, 5, 1, 13], "texture": "#2"},
				"up": {"uv": [0, 0, 4, 1], "texture": "#missing"},
				"down": {"uv": [0, 0, 4, 1], "texture": "#1"}
			}
		},
		{
			"from": [11, 11, 0],
			"to": [15, 12, 1],
			"rotation": {"angle": 0, "axis": "y", "origin": [13, 11, 0]},
			"faces": {
				"north": {"uv": [1, 4, 5, 5], "texture": "#2"},
				"east": {"uv": [0, 0, 1, 1], "texture": "#missing"},
				"south": {"uv": [0, 0, 4, 1], "texture": "#missing"},
				"west": {"uv": [0, 0, 1, 1], "texture": "#1"},
				"up": {"uv": [0, 0, 4, 1], "texture": "#missing"},
				"down": {"uv": [0, 0, 4, 1], "texture": "#1"}
			}
		},
		{
			"from": [0, 11, 0],
			"to": [5, 12, 1],
			"rotation": {"angle": 0, "axis": "y", "origin": [2, 11, 0]},
			"faces": {
				"north": {"uv": [11, 4, 16, 5], "texture": "#2"},
				"east": {"uv": [0, 0, 1, 1], "texture": "#1"},
				"south": {"uv": [0, 0, 5, 1], "texture": "#missing"},
				"west": {"uv": [0, 4, 1, 5], "texture": "#2"},
				"up": {"uv": [0, 0, 5, 1], "texture": "#missing"},
				"down": {"uv": [0, 0, 5, 1], "texture": "#1"}
			}
		},
		{
			"from": [10, 12, 0],
			"to": [15, 13, 1],
			"rotation": {"angle": 0, "axis": "y", "origin": [13, 12, 0]},
			"faces": {
				"north": {"uv": [1, 3, 6, 4], "texture": "#2"},
				"east": {"uv": [0, 0, 1, 1], "texture": "#missing"},
				"south": {"uv": [0, 0, 5, 1], "texture": "#missing"},
				"west": {"uv": [0, 0, 1, 1], "texture": "#1"},
				"up": {"uv": [0, 0, 5, 1], "texture": "#missing"},
				"down": {"uv": [0, 0, 5, 1], "texture": "#1"}
			}
		},
		{
			"from": [0, 12, 0],
			"to": [6, 13, 1],
			"rotation": {"angle": 0, "axis": "y", "origin": [2, 12, 0]},
			"faces": {
				"north": {"uv": [10, 3, 16, 4], "texture": "#2"},
				"east": {"uv": [0, 0, 1, 1], "texture": "#1"},
				"south": {"uv": [0, 0, 6, 1], "texture": "#missing"},
				"west": {"uv": [0, 0, 1, 1], "texture": "#2"},
				"up": {"uv": [0, 0, 6, 1], "texture": "#missing"},
				"down": {"uv": [0, 0, 6, 1], "texture": "#1"}
			}
		},
		{
			"from": [9, 13, 0],
			"to": [15, 14, 1],
			"rotation": {"angle": 0, "axis": "y", "origin": [13, 13, 0]},
			"faces": {
				"north": {"uv": [1, 2, 7, 3], "texture": "#2"},
				"east": {"uv": [0, 0, 1, 1], "texture": "#missing"},
				"south": {"uv": [0, 0, 6, 1], "texture": "#missing"},
				"west": {"uv": [0, 0, 1, 1], "texture": "#1"},
				"up": {"uv": [0, 0, 6, 1], "texture": "#missing"},
				"down": {"uv": [0, 0, 6, 1], "texture": "#1"}
			}
		},
		{
			"from": [0, 13, 0],
			"to": [7, 14, 1],
			"rotation": {"angle": 0, "axis": "y", "origin": [2, 13, 0]},
			"faces": {
				"north": {"uv": [9, 2, 16, 3], "texture": "#2"},
				"east": {"uv": [0, 0, 1, 1], "texture": "#1"},
				"south": {"uv": [0, 0, 7, 1], "texture": "#missing"},
				"west": {"uv": [0, 0, 1, 1], "texture": "#2"},
				"up": {"uv": [0, 0, 7, 1], "texture": "#missing"},
				"down": {"uv": [0, 0, 7, 1], "texture": "#1"}
			}
		},
		{
			"from": [0, 14, 0],
			"to": [15, 15, 1],
			"rotation": {"angle": 0, "axis": "y", "origin": [13, 14, 0]},
			"faces": {
				"north": {"uv": [1, 1, 16, 2], "texture": "#2"},
				"east": {"uv": [0, 0, 1, 1], "texture": "#missing"},
				"south": {"uv": [0, 0, 15, 1], "texture": "#missing"},
				"west": {"uv": [0, 0, 1, 1], "texture": "#2"},
				"up": {"uv": [0, 0, 15, 1], "texture": "#missing"},
				"down": {"uv": [0, 0, 15, 1], "texture": "#1"}
			}
		},
		{
			"from": [5, 4, 0.5],
			"to": [11, 9, 1.5],
			"rotation": {"angle": 0, "axis": "y", "origin": [2, 3, 0.5]},
			"faces": {
				"north": {"uv": [5, 7, 11, 12], "texture": "#2"},
				"east": {"uv": [0, 0, 1, 5], "texture": "#1"},
				"south": {"uv": [0, 0, 6, 5], "texture": "#missing"},
				"west": {"uv": [0, 0, 1, 5], "texture": "#1"},
				"up": {"uv": [0, 0, 6, 1], "texture": "#1"},
				"down": {"uv": [0, 0, 6, 1], "texture": "#1"}
			}
		},
		{
			"from": [1, 0, 15],
			"to": [16, 3, 16],
			"rotation": {"angle": 0, "axis": "y", "origin": [14, 3, 16]},
			"faces": {
				"north": {"uv": [0, 0, 15, 3], "texture": "#missing"},
				"east": {"uv": [0, 13, 1, 16], "texture": "#2"},
				"south": {"uv": [1, 13, 16, 16], "texture": "#2"},
				"west": {"uv": [0, 0, 1, 3], "texture": "#missing"},
				"up": {"uv": [0, 0, 15, 1], "rotation": 180, "texture": "#1"},
				"down": {"uv": [0, 0, 15, 1], "rotation": 180, "texture": "#1"}
			}
		},
		{
			"from": [1, 3, 15],
			"to": [4, 11, 16],
			"rotation": {"angle": 0, "axis": "y", "origin": [3, 3, 16]},
			"faces": {
				"north": {"uv": [0, 0, 3, 8], "texture": "#missing"},
				"east": {"uv": [0, 0, 1, 8], "texture": "#1"},
				"south": {"uv": [1, 6, 4, 14], "texture": "#2"},
				"west": {"uv": [0, 0, 1, 8], "texture": "#missing"},
				"up": {"uv": [0, 0, 3, 1], "rotation": 180, "texture": "#missing"},
				"down": {"uv": [0, 0, 3, 1], "rotation": 180, "texture": "#missing"}
			}
		},
		{
			"from": [12, 3, 15],
			"to": [16, 11, 16],
			"rotation": {"angle": 0, "axis": "y", "origin": [14, 3, 16]},
			"faces": {
				"north": {"uv": [0, 0, 4, 8], "texture": "#missing"},
				"east": {"uv": [0, 5, 1, 13], "texture": "#2"},
				"south": {"uv": [12, 5, 16, 13], "texture": "#2"},
				"west": {"uv": [0, 0, 1, 8], "texture": "#1"},
				"up": {"uv": [0, 0, 4, 1], "rotation": 180, "texture": "#missing"},
				"down": {"uv": [0, 0, 4, 1], "rotation": 180, "texture": "#1"}
			}
		},
		{
			"from": [1, 11, 15],
			"to": [5, 12, 16],
			"rotation": {"angle": 0, "axis": "y", "origin": [3, 11, 16]},
			"faces": {
				"north": {"uv": [0, 0, 4, 1], "texture": "#missing"},
				"east": {"uv": [0, 0, 1, 1], "texture": "#1"},
				"south": {"uv": [1, 4, 5, 5], "texture": "#2"},
				"west": {"uv": [0, 0, 1, 1], "texture": "#missing"},
				"up": {"uv": [0, 0, 4, 1], "rotation": 180, "texture": "#missing"},
				"down": {"uv": [0, 0, 4, 1], "rotation": 180, "texture": "#1"}
			}
		},
		{
			"from": [11, 11, 15],
			"to": [16, 12, 16],
			"rotation": {"angle": 0, "axis": "y", "origin": [14, 11, 16]},
			"faces": {
				"north": {"uv": [0, 0, 5, 1], "texture": "#missing"},
				"east": {"uv": [0, 4, 1, 5], "texture": "#2"},
				"south": {"uv": [11, 4, 16, 5], "texture": "#2"},
				"west": {"uv": [0, 0, 1, 1], "texture": "#1"},
				"up": {"uv": [0, 0, 5, 1], "rotation": 180, "texture": "#missing"},
				"down": {"uv": [0, 0, 5, 1], "rotation": 180, "texture": "#1"}
			}
		},
		{
			"from": [1, 12, 15],
			"to": [6, 13, 16],
			"rotation": {"angle": 0, "axis": "y", "origin": [3, 12, 16]},
			"faces": {
				"north": {"uv": [0, 0, 5, 1], "texture": "#missing"},
				"east": {"uv": [0, 0, 1, 1], "texture": "#1"},
				"south": {"uv": [1, 3, 6, 4], "texture": "#2"},
				"west": {"uv": [0, 0, 1, 1], "texture": "#missing"},
				"up": {"uv": [0, 0, 5, 1], "rotation": 180, "texture": "#missing"},
				"down": {"uv": [0, 0, 5, 1], "rotation": 180, "texture": "#1"}
			}
		},
		{
			"from": [10, 12, 15],
			"to": [16, 13, 16],
			"rotation": {"angle": 0, "axis": "y", "origin": [14, 12, 16]},
			"faces": {
				"north": {"uv": [0, 0, 6, 1], "texture": "#missing"},
				"east": {"uv": [0, 0, 1, 1], "texture": "#2"},
				"south": {"uv": [10, 3, 16, 4], "texture": "#2"},
				"west": {"uv": [0, 0, 1, 1], "texture": "#1"},
				"up": {"uv": [0, 0, 6, 1], "rotation": 180, "texture": "#missing"},
				"down": {"uv": [0, 0, 6, 1], "rotation": 180, "texture": "#1"}
			}
		},
		{
			"from": [1, 13, 15],
			"to": [7, 14, 16],
			"rotation": {"angle": 0, "axis": "y", "origin": [3, 13, 16]},
			"faces": {
				"north": {"uv": [0, 0, 6, 1], "texture": "#missing"},
				"east": {"uv": [0, 0, 1, 1], "texture": "#1"},
				"south": {"uv": [1, 2, 7, 3], "texture": "#2"},
				"west": {"uv": [0, 0, 1, 1], "texture": "#missing"},
				"up": {"uv": [0, 0, 6, 1], "rotation": 180, "texture": "#missing"},
				"down": {"uv": [0, 0, 6, 1], "rotation": 180, "texture": "#1"}
			}
		},
		{
			"from": [9, 13, 15],
			"to": [16, 14, 16],
			"rotation": {"angle": 0, "axis": "y", "origin": [14, 13, 16]},
			"faces": {
				"north": {"uv": [0, 0, 7, 1], "texture": "#missing"},
				"east": {"uv": [0, 0, 1, 1], "texture": "#2"},
				"south": {"uv": [9, 2, 16, 3], "texture": "#2"},
				"west": {"uv": [0, 0, 1, 1], "texture": "#1"},
				"up": {"uv": [0, 0, 7, 1], "rotation": 180, "texture": "#missing"},
				"down": {"uv": [0, 0, 7, 1], "rotation": 180, "texture": "#1"}
			}
		},
		{
			"from": [1, 14, 15],
			"to": [16, 15, 16],
			"rotation": {"angle": 0, "axis": "y", "origin": [3, 14, 16]},
			"faces": {
				"north": {"uv": [0, 0, 15, 1], "texture": "#missing"},
				"east": {"uv": [0, 0, 1, 1], "texture": "#2"},
				"south": {"uv": [1, 1, 16, 2], "texture": "#2"},
				"west": {"uv": [0, 0, 1, 1], "texture": "#missing"},
				"up": {"uv": [0, 0, 15, 1], "rotation": 180, "texture": "#missing"},
				"down": {"uv": [0, 0, 15, 1], "rotation": 180, "texture": "#1"}
			}
		},
		{
			"from": [5, 4, 14.5],
			"to": [11, 9, 15.5],
			"rotation": {"angle": 0, "axis": "y", "origin": [14, 3, 15.5]},
			"faces": {
				"north": {"uv": [0, 0, 6, 5], "texture": "#missing"},
				"east": {"uv": [0, 0, 1, 5], "texture": "#1"},
				"south": {"uv": [5, 7, 11, 12], "texture": "#2"},
				"west": {"uv": [0, 0, 1, 5], "texture": "#1"},
				"up": {"uv": [0, 0, 6, 1], "rotation": 180, "texture": "#1"},
				"down": {"uv": [0, 0, 6, 1], "rotation": 180, "texture": "#1"}
			}
		},
		{
			"from": [15, 0, 0],
			"to": [16, 3, 15],
			"rotation": {"angle": 0, "axis": "y", "origin": [16, 3, 2]},
			"faces": {
				"north": {"uv": [0, 13, 1, 16], "texture": "#2"},
				"east": {"uv": [1, 13, 16, 16], "texture": "#2"},
				"south": {"uv": [0, 0, 1, 3], "texture": "#missing"},
				"west": {"uv": [0, 0, 15, 3], "texture": "#missing"},
				"up": {"uv": [0, 0, 15, 1], "rotation": 90, "texture": "#1"},
				"down": {"uv": [0, 0, 15, 1], "rotation": 270, "texture": "#1"}
			}
		},
		{
			"from": [15, 3, 12],
			"to": [16, 11, 15],
			"rotation": {"angle": 0, "axis": "y", "origin": [16, 3, 13]},
			"faces": {
				"north": {"uv": [0, 0, 1, 8], "texture": "#1"},
				"east": {"uv": [1, 6, 4, 14], "texture": "#2"},
				"south": {"uv": [0, 0, 1, 8], "texture": "#missing"},
				"west": {"uv": [0, 0, 3, 8], "texture": "#missing"},
				"up": {"uv": [0, 0, 3, 1], "rotation": 90, "texture": "#missing"},
				"down": {"uv": [0, 0, 3, 1], "rotation": 270, "texture": "#missing"}
			}
		},
		{
			"from": [15, 3, 0],
			"to": [16, 11, 4],
			"rotation": {"angle": 0, "axis": "y", "origin": [16, 3, 2]},
			"faces": {
				"north": {"uv": [0, 5, 1, 13], "texture": "#2"},
				"east": {"uv": [12, 5, 16, 13], "texture": "#2"},
				"south": {"uv": [0, 0, 1, 8], "texture": "#1"},
				"west": {"uv": [0, 0, 4, 8], "texture": "#missing"},
				"up": {"uv": [0, 0, 4, 1], "rotation": 90, "texture": "#missing"},
				"down": {"uv": [0, 0, 4, 1], "rotation": 270, "texture": "#1"}
			}
		},
		{
			"from": [15, 11, 11],
			"to": [16, 12, 15],
			"rotation": {"angle": 0, "axis": "y", "origin": [16, 11, 13]},
			"faces": {
				"north": {"uv": [0, 0, 1, 1], "texture": "#1"},
				"east": {"uv": [1, 4, 5, 5], "texture": "#2"},
				"south": {"uv": [0, 0, 1, 1], "texture": "#missing"},
				"west": {"uv": [0, 0, 4, 1], "texture": "#missing"},
				"up": {"uv": [0, 0, 4, 1], "rotation": 90, "texture": "#missing"},
				"down": {"uv": [0, 0, 4, 1], "rotation": 270, "texture": "#1"}
			}
		},
		{
			"from": [15, 11, 0],
			"to": [16, 12, 5],
			"rotation": {"angle": 0, "axis": "y", "origin": [16, 11, 2]},
			"faces": {
				"north": {"uv": [0, 4, 1, 5], "texture": "#2"},
				"east": {"uv": [11, 4, 16, 5], "texture": "#2"},
				"south": {"uv": [0, 0, 1, 1], "texture": "#1"},
				"west": {"uv": [0, 0, 5, 1], "texture": "#missing"},
				"up": {"uv": [0, 0, 5, 1], "rotation": 90, "texture": "#missing"},
				"down": {"uv": [0, 0, 5, 1], "rotation": 270, "texture": "#1"}
			}
		},
		{
			"from": [15, 12, 10],
			"to": [16, 13, 15],
			"rotation": {"angle": 0, "axis": "y", "origin": [16, 12, 13]},
			"faces": {
				"north": {"uv": [0, 0, 1, 1], "texture": "#1"},
				"east": {"uv": [1, 3, 6, 4], "texture": "#2"},
				"south": {"uv": [0, 0, 1, 1], "texture": "#missing"},
				"west": {"uv": [0, 0, 5, 1], "texture": "#missing"},
				"up": {"uv": [0, 0, 5, 1], "rotation": 90, "texture": "#missing"},
				"down": {"uv": [0, 0, 5, 1], "rotation": 270, "texture": "#1"}
			}
		},
		{
			"from": [15, 12, 0],
			"to": [16, 13, 6],
			"rotation": {"angle": 0, "axis": "y", "origin": [16, 12, 2]},
			"faces": {
				"north": {"uv": [0, 0, 1, 1], "texture": "#2"},
				"east": {"uv": [10, 3, 16, 4], "texture": "#2"},
				"south": {"uv": [0, 0, 1, 1], "texture": "#1"},
				"west": {"uv": [0, 0, 6, 1], "texture": "#missing"},
				"up": {"uv": [0, 0, 6, 1], "rotation": 90, "texture": "#missing"},
				"down": {"uv": [0, 0, 6, 1], "rotation": 270, "texture": "#1"}
			}
		},
		{
			"from": [15, 13, 9],
			"to": [16, 14, 15],
			"rotation": {"angle": 0, "axis": "y", "origin": [16, 13, 13]},
			"faces": {
				"north": {"uv": [0, 0, 1, 1], "texture": "#1"},
				"east": {"uv": [1, 2, 7, 3], "texture": "#2"},
				"south": {"uv": [0, 0, 1, 1], "texture": "#missing"},
				"west": {"uv": [0, 0, 6, 1], "texture": "#missing"},
				"up": {"uv": [0, 0, 6, 1], "rotation": 90, "texture": "#missing"},
				"down": {"uv": [0, 0, 6, 1], "rotation": 270, "texture": "#1"}
			}
		},
		{
			"from": [15, 13, 0],
			"to": [16, 14, 7],
			"rotation": {"angle": 0, "axis": "y", "origin": [16, 13, 2]},
			"faces": {
				"north": {"uv": [0, 0, 1, 1], "texture": "#2"},
				"east": {"uv": [9, 2, 16, 3], "texture": "#2"},
				"south": {"uv": [0, 0, 1, 1], "texture": "#1"},
				"west": {"uv": [0, 0, 7, 1], "texture": "#missing"},
				"up": {"uv": [0, 0, 7, 1], "rotation": 90, "texture": "#missing"},
				"down": {"uv": [0, 0, 7, 1], "rotation": 270, "texture": "#1"}
			}
		},
		{
			"from": [15, 14, 0],
			"to": [16, 15, 15],
			"rotation": {"angle": 0, "axis": "y", "origin": [16, 14, 13]},
			"faces": {
				"north": {"uv": [0, 0, 1, 1], "texture": "#2"},
				"east": {"uv": [1, 1, 16, 2], "texture": "#2"},
				"south": {"uv": [0, 0, 1, 1], "texture": "#missing"},
				"west": {"uv": [0, 0, 15, 1], "texture": "#missing"},
				"up": {"uv": [0, 0, 15, 1], "rotation": 90, "texture": "#missing"},
				"down": {"uv": [0, 0, 15, 1], "rotation": 270, "texture": "#1"}
			}
		},
		{
			"from": [14.5, 4, 5],
			"to": [15.5, 9, 11],
			"rotation": {"angle": 0, "axis": "y", "origin": [15.5, 3, 2]},
			"faces": {
				"north": {"uv": [0, 0, 1, 5], "texture": "#1"},
				"east": {"uv": [5, 7, 11, 12], "texture": "#2"},
				"south": {"uv": [0, 0, 1, 5], "texture": "#1"},
				"west": {"uv": [0, 0, 6, 5], "texture": "#missing"},
				"up": {"uv": [0, 0, 6, 1], "rotation": 90, "texture": "#1"},
				"down": {"uv": [0, 0, 6, 1], "rotation": 270, "texture": "#1"}
			}
		},
		{
			"from": [0, 15, 0],
			"to": [2, 16, 16],
			"rotation": {"angle": 0, "axis": "y", "origin": [0, 15, 0]},
			"faces": {
				"north": {"uv": [14, 0, 16, 1], "texture": "#0"},
				"east": {"uv": [0, 0, 16, 1], "texture": "#1"},
				"south": {"uv": [0, 0, 2, 1], "texture": "#2"},
				"west": {"uv": [0, 0, 16, 1], "texture": "#2"},
				"up": {"uv": [0, 0, 2, 16], "texture": "#0"},
				"down": {"uv": [0, 0, 2, 16], "texture": "#missing"}
			}
		},
		{
			"from": [14, 15, 0],
			"to": [16, 16, 16],
			"rotation": {"angle": 0, "axis": "y", "origin": [14, 15, 0]},
			"faces": {
				"north": {"uv": [0, 0, 2, 1], "texture": "#0"},
				"east": {"uv": [0, 0, 16, 1], "texture": "#2"},
				"south": {"uv": [14, 0, 16, 1], "texture": "#2"},
				"west": {"uv": [0, 0, 16, 1], "texture": "#1"},
				"up": {"uv": [14, 0, 16, 16], "texture": "#0"},
				"down": {"uv": [0, 0, 2, 16], "texture": "#missing"}
			}
		},
		{
			"from": [2, 15, 14],
			"to": [14, 16, 16],
			"rotation": {"angle": 0, "axis": "y", "origin": [6, 15, 0]},
			"faces": {
				"north": {"uv": [0, 0, 12, 1], "texture": "#1"},
				"east": {"uv": [0, 0, 2, 1], "texture": "#missing"},
				"south": {"uv": [2, 0, 14, 1], "texture": "#2"},
				"west": {"uv": [0, 0, 2, 1], "texture": "#missing"},
				"up": {"uv": [2, 14, 14, 16], "texture": "#0"},
				"down": {"uv": [0, 0, 12, 2], "texture": "#missing"}
			}
		},
		{
			"from": [2, 15, 0],
			"to": [14, 16, 2],
			"rotation": {"angle": 0, "axis": "y", "origin": [6, 15, -14]},
			"faces": {
				"north": {"uv": [2, 0, 14, 1], "texture": "#0"},
				"east": {"uv": [0, 0, 2, 1], "texture": "#missing"},
				"south": {"uv": [0, 0, 12, 1], "texture": "#1"},
				"west": {"uv": [0, 0, 2, 1], "texture": "#missing"},
				"up": {"uv": [2, 0, 14, 2], "texture": "#0"},
				"down": {"uv": [0, 0, 12, 2], "texture": "#missing"}
			}
		},
		{
			"from": [3, 14.5, 3],
			"to": [13, 15.5, 7],
			"rotation": {"angle": 0, "axis": "y", "origin": [6, 14.5, -11]},
			"faces": {
				"north": {"uv": [0, 0, 10, 1], "texture": "#1"},
				"east": {"uv": [0, 0, 4, 1], "texture": "#1"},
				"south": {"uv": [0, 0, 10, 1], "texture": "#1"},
				"west": {"uv": [0, 0, 4, 1], "texture": "#1"},
				"up": {"uv": [3, 3, 13, 7], "texture": "#0"},
				"down": {"uv": [0, 0, 10, 4], "texture": "#missing"}
			}
		},
		{
			"from": [3, 14.5, 8],
			"to": [13, 15.5, 13],
			"rotation": {"angle": 0, "axis": "y", "origin": [6, 14.5, -6]},
			"faces": {
				"north": {"uv": [0, 0, 10, 1], "texture": "#1"},
				"east": {"uv": [0, 0, 5, 1], "texture": "#1"},
				"south": {"uv": [0, 0, 10, 1], "texture": "#1"},
				"west": {"uv": [0, 0, 5, 1], "texture": "#1"},
				"up": {"uv": [3, 8, 13, 13], "texture": "#0"},
				"down": {"uv": [0, 0, 10, 5], "texture": "#missing"}
			}
		},
		{
			"from": [2, 15, 13],
			"to": [3, 16, 14],
			"rotation": {"angle": 0, "axis": "y", "origin": [6, 15, -6]},
			"faces": {
				"north": {"uv": [0, 0, 1, 1], "texture": "#1"},
				"east": {"uv": [0, 0, 1, 1], "texture": "#1"},
				"south": {"uv": [0, 0, 1, 1], "texture": "#missing"},
				"west": {"uv": [0, 0, 1, 1], "texture": "#missing"},
				"up": {"uv": [3, 2, 2, 3], "texture": "#0"},
				"down": {"uv": [0, 0, 1, 1], "texture": "#missing"}
			}
		},
		{
			"from": [2, 15, 2],
			"to": [3, 16, 3],
			"rotation": {"angle": 0, "axis": "y", "origin": [6, 15, -17]},
			"faces": {
				"north": {"uv": [0, 0, 1, 1], "texture": "#missing"},
				"east": {"uv": [0, 0, 1, 1], "texture": "#1"},
				"south": {"uv": [0, 0, 1, 1], "texture": "#1"},
				"west": {"uv": [0, 0, 1, 1], "texture": "#missing"},
				"up": {"uv": [13, 2, 14, 3], "texture": "#0"},
				"down": {"uv": [0, 0, 1, 1], "texture": "#missing"}
			}
		},
		{
			"from": [13, 15, 13],
			"to": [14, 16, 14],
			"rotation": {"angle": 0, "axis": "y", "origin": [17, 15, -6]},
			"faces": {
				"north": {"uv": [0, 0, 1, 1], "texture": "#1"},
				"east": {"uv": [0, 0, 1, 1], "texture": "#missing"},
				"south": {"uv": [0, 0, 1, 1], "texture": "#missing"},
				"west": {"uv": [0, 0, 1, 1], "texture": "#1"},
				"up": {"uv": [13, 14, 14, 13], "texture": "#0"},
				"down": {"uv": [0, 0, 1, 1], "texture": "#missing"}
			}
		},
		{
			"from": [13, 15, 2],
			"to": [14, 16, 3],
			"rotation": {"angle": 0, "axis": "y", "origin": [17, 15, -17]},
			"faces": {
				"north": {"uv": [0, 0, 1, 1], "texture": "#missing"},
				"east": {"uv": [0, 0, 1, 1], "texture": "#missing"},
				"south": {"uv": [0, 0, 1, 1], "texture": "#1"},
				"west": {"uv": [0, 0, 1, 1], "texture": "#1"},
				"up": {"uv": [2, 13, 3, 14], "texture": "#0"},
				"down": {"uv": [0, 0, 1, 1], "texture": "#missing"}
			}
		}
	],
	"groups": [
		0,
		{
			"name": "group",
			"origin": [2, 3, 0],
			"color": 0,
			"children": [1, 2, 3, 4, 5, 6, 7, 8, 9, 10, 11]
		},
		{
			"name": "group",
			"origin": [2, 3, 0],
			"color": 0,
			"children": [12, 13, 14, 15, 16, 17, 18, 19, 20, 21, 22]
		},
		{
			"name": "group",
			"origin": [2, 3, 0],
			"color": 0,
			"children": [23, 24, 25, 26, 27, 28, 29, 30, 31, 32, 33]
		},
		{
			"name": "group",
			"origin": [2, 3, 0],
			"color": 0,
			"children": [34, 35, 36, 37, 38, 39, 40, 41, 42, 43, 44]
		},
		45,
		46,
		47,
		48,
		49,
		50,
		51,
		52,
		53,
		54
	]
}