{
	"credit": "Made with Blockbench",
	"textures": {
		"0": "createdieselgenerators:block/andesite_girder"
	},
	"render_type": "cutout",
	"elements": [
		{
			"from": [10, 4, 0],
			"to": [10, 12, 16],
			"rotation": {"angle": 0, "axis": "y", "origin": [8, 8, 8]},
			"faces": {
				"east": {"uv": [0, 5, 8, 9], "texture": "#0"},
				"west": {"uv": [8, 5, 0, 9], "texture": "#0"}
			}
		},
		{
			"from": [6, 4, 0],
			"to": [6, 12, 16],
			"rotation": {"angle": 0, "axis": "y", "origin": [8, 8, 8]},
			"faces": {
				"east": {"uv": [0, 5, 8, 9], "texture": "#0"},
				"west": {"uv": [8, 5, 0, 9], "texture": "#0"}
			}
		},
		{
			"from": [4, 2, 0],
			"to": [12, 4, 16],
			"faces": {
				"north": {"uv": [12, 2, 16, 3], "texture": "#0"},
				"east": {"uv": [0, 4, 8, 5], "rotation": 180, "texture": "#0"},
				"south": {"uv": [12, 2, 16, 3], "texture": "#0"},
				"west": {"uv": [0, 4, 8, 5], "rotation": 180, "texture": "#0"},
				"up": {"uv": [8, 0, 16, 4], "rotation": 90, "texture": "#0"},
				"down": {"uv": [0, 0, 8, 4], "rotation": 90, "texture": "#0"}
			}
		},
		{
			"from": [4, 12, 0],
			"to": [12, 14, 16],
			"rotation": {"angle": 0, "axis": "y", "origin": [8, 13, 8]},
			"faces": {
				"north": {"uv": [12, 1, 16, 2], "texture": "#0"},
				"east": {"uv": [0, 4, 8, 5], "texture": "#0"},
				"south": {"uv": [12, 1, 16, 2], "texture": "#0"},
				"west": {"uv": [0, 4, 8, 5], "texture": "#0"},
				"up": {"uv": [0, 0, 8, 4], "rotation": 270, "texture": "#0"},
				"down": {"uv": [8, 0, 16, 4], "rotation": 270, "texture": "#0"}
			}
		}
	],
	"groups": [
		{
			"name": "Beam Z",
			"origin": [8, 13, 8],
			"color": 0,
			"children": [0, 1, 2, 3]
		}
	]
}