	{"parent":"minecraft:block/block","ambientocclusion":false,"dynamic":false,"inner_model":{"parent":"minecraft:block/block","ambientocclusion":false,"automatic_culling":false,"flip_v":true,
"loader":"forge:obj","model":"immersiveengineering:models/block/metal_multiblock/arc_furnace.obj","textures":{"particle":"immersiveengineering:block/multiblocks/arc_furnace"}},"loader":"immersiveengineering:basic_split","split_parts":	[[-2,-1,-2],[-2,-1,-1],[-2,-1,0],[-1,-1,-2],[0,-1,-2],[1,-1,-2],[2,-1,-2],[2,-1,-1],[2,-1,0],[-2,0,-2],[-2,0,-1],[-2,0,0],[-2,0,2],[-1,0,-2],[-1,0,-1],[-1,0,0],[0,0,-2],[0,0,-1],[0,0,0],[1,0,-2],[1,0,-1],[1,0,0],[2,0,-2],[2,0,-1],[2,0,0],[-2,1,-2],[-2,1,0],[-1,1,-2],[-1,1,-1],[-1,1,0],[-1,1,1],[-1,1,2],[0,1,-2],[0,1,-1],[0,1,0],[0,1,1],[0,1,2],[1,1,-2],[1,1,-1],[1,1,0],[1,1,1],[1,1,2],[2,1,-2],[2,1,0],[-1,2,-1],[-1,2,0],[-1,2,1],[0,2,-2],[0,2,-1],[0,2,0],[0,2,1],[1,2,-1],[1,2,0],[1,2,1],[0,3,-2],[0,3,-1],[0,3,0],[-2,-1,1],[-2,-1,2],[-1,-1,-1],[-1,-1,0],[-1,-1,1],[-1,-1,2],[0,-1,-1],[0,-1,0],[0,-1,1],[0,-1,2],[1,-1,-1],[1,-1,0],[1,-1,1],[1,-1,2],[2,-1,1],[2,-1,2],[-1,2,-2],[1,2,-2],[-1,3,-2],[1,3,-2]],"textures":{"particle":"immersiveengineering:block/multiblocks/arc_furnace"}}