	{"parent":"minecraft:block/block","ambientocclusion":false,"dynamic":false,"inner_model":{"parent":"minecraft:block/block","ambientocclusion":false,"automatic_culling":false,"flip_v":true,
"loader":"forge:obj","model":"immersiveengineering:models/block/metal_multiblock/assembler.obj","textures":{"particle":"immersiveengineering:block/conveyor/conveyor"}},"loader":"immersiveengineering:basic_split","split_parts":[[-1,-1,	0],[0,-1,0],[1,-1,0],[-1,0,-1],[-1,0,0],[-1,0,1],[0,0,0],[1,0,-1],[1,0,0],[1,0,1],[0,1,-1],[0,1,0],[0,1,1],[-1,-1,-1],[-1,-1,1],[0,-1,-1],[0,-1,1],[1,-1,-1],[1,-1,1],[-1,1,-1],[-1,1,0],[-1,1,1],[1,1,-1],[1,1,0],[1,1,1],[0,0,-1],[0,0,1]],"textures":{"particle":"immersiveengineering:block/conveyor/conveyor"}}