{
	"parent":"minecraft:block/block",
	"ambientocclusion":false,
	"dynamic":false,"inner_model":{
		"inner_model":{
			"parent":"minecraft:block/block",
			"ambientocclusion":false,
			"automatic_culling":false,
			"flip_v":true,
			"loader":"forge:obj",
			"model":"immersiveengineering:models/block/metal_multiblock/auto_workbench.obj",
			"textures":{
				"particle":"immersiveengineering:block/conveyor/conveyor"
			}
		},
		"loader":"immersiveengineering:mirror"
	},
	"loader":"immersiveengineering:basic_split",
	"split_parts":[[1,-1,0],[1,-1,1],[0,-1,1],[-1,-1,-1],[1,0,0],[1,0,1],[-1,0,-1],[1,-1,-1],[0,-1,-1],[0,-1,0],[-1,-1,0],[-1,-1,1],[0,0,1],[-1,0,1],[1,0,-1],[0,0,-1],[0,0,0],[-1,0,0]]
}