{
	"parent":"minecraft:block/block",
	"ambientocclusion":false,
	"dynamic":true,"inner_model":{
		"inner_model":{
			"parent":"minecraft:block/block",
			"ambientocclusion":false,
			"callbacks":"immersiveengineering:bottling_machine",
			"layers":["solid","translucent"],
			"loader":"immersiveengineering:ie_obj",
			"model":"immersiveengineering:models/block/metal_multiblock/bottling_machine.obj.ie",
			"textures":{
				"particle":"immersiveengineering:block/multiblocks/bottling_machine"
			}
		},
		"loader":"immersiveengineering:mirror"
	},
	"loader":"immersiveengineering:basic_split",
	"split_parts":[[1,-1,0],[0,-1,1],[-1,-1,0],[1,0,0],[-1,0,0],[1,-1,1],[0,-1,0],[-1,-1,1],[1,0,1],[0,0,0],[0,0,1],[-1,0,1],[0,1,0]]
}