{"parent":"minecraft:block/block","ambientocclusion":false,"render_type":"cutout","dynamic":false,"inner_model":{"inner_model":{"parent":"minecraft:block/block","ambientocclusion":false,"render_type":"cutout","automatic_culling":false,"flip_v":true,"loader":"forge:obj","model":"immersiveengineering:models/block/metal_multiblock/crusher.obj","textures":{"particle":"immersiveengineering:block/multiblocks/multiblock_base"}},"loader":"immersiveengineering:mirror"},"loader":"immersiveengineering:basic_split","split_parts":[[0,-1,0],[0,-1,1],[-2,-1,-1],[-2,-1,0],[-2,-1,1],[2,0,0],[2,0,1],[0,0,0],[-2,0,-1],[-2,0,0],[-2,0,1],[2,-1,-1],[2,-1,0],[2,-1,1],[1,-1,-1],[1,-1,0],[1,-1,1],[0,-1,-1],[-1,-1,-1],[-1,-1,0],[-1,-1,1],[1,0,-1],[1,0,0],[1,0,1],[0,0,-1],[0,0,1],[-1,0,-1],[-1,0,0],[-1,0,1],[1,1,-1],[1,1,0],[1,1,1],[0,1,-1],[0,1,0],[0,1,1],[-1,1,-1],[-1,1,0],[-1,1,1]]}