{"parent":"minecraft:block/block","ambientocclusion":false,"dynamic":false,"inner_model":{"parent":"minecraft:block/block","ambientocclusion":false,"automatic_culling":false,"flip_v":true,"loader":"forge:obj","model":"immersiveengineering:models/block/metal_multiblock/silo.obj","textures":{"particle":"immersiveengineering:block/multiblocks/silo"}},"loader":"immersiveengineering:basic_split","split_parts":[[0,0,0],[-1,1,-1],[-1,1,0],[-1,1,1],[0,1,-1],[0,1,1],[1,1,-1],[1,1,0],[1,1,1],[-1,2,-1],[-1,2,0],[-1,2,1],[0,2,-1],[0,2,1],[1,2,-1],[1,2,0],[1,2,1],[-1,3,-1],[-1,3,0],[-1,3,1],[0,3,-1],[0,3,1],[1,3,-1],[1,3,0],[1,3,1],[-1,4,-1],[-1,4,0],[-1,4,1],[0,4,-1],[0,4,1],[1,4,-1],[1,4,0],[1,4,1],[-1,5,-1],[-1,5,0],[-1,5,1],[0,5,-1],[0,5,1],[1,5,-1],[1,5,0],[1,5,1],[-1,6,-1],[-1,6,0],[-1,6,1],[0,6,-1],[0,6,0],[0,6,1],[1,6,-1],[1,6,0],[1,6,1],[-1,0,-1],[-1,0,1],[1,0,-1],[1,0,1]],"textures":{"particle":"immersiveengineering:block/multiblocks/silo"}}