{
"parent":"minecraft:block/block","ambientocclusion":false,
"dynamic":false,"inner_model":
{"parent":"minecraft:block/block","ambientocclusion":false,
"automatic_culling":false,
"flip_v":true,
"loader":"forge:obj",
"model":"immersiveengineering:models/block/metal_multiblock/tank.obj",
"render_type":"minecraft:cutout_mipped",
"textures":{"particle":"immersiveengineering:block/multiblocks/tank"}},
"loader":"immersiveengineering:basic_split",
"split_parts":[[0,0,0],[-1,1,-1],[-1,1,0],[-1,1,1],[0,1,-1],[0,1,1],[1,1,-1],[1,1,0],[1,1,1],[-1,2,-1],[-1,2,0],[-1,2,1],[0,2,-1],[0,2,1],[1,2,-1],[1,2,0],[1,2,1],[-1,3,-1],[-1,3,0],[-1,3,1],[0,3,-1],[0,3,1],[1,3,-1],[1,3,0],[1,3,1],[-1,4,-1],[-1,4,0],[-1,4,1],[0,4,-1],[0,4,0],[0,4,1],[1,4,-1],[1,4,0],[1,4,1],[-1,0,-1],[-1,0,1],[1,0,-1],[1,0,1]],
"textures":{"particle":"immersiveengineering:block/multiblocks/tank"}}