{
	"credit": "Made with Blockbench",
	"texture_size": [64, 64],
	"textures": {
		"0": "createdieselgenerators:item/chemical_sprayer",
		"2": "createdieselgenerators:block/chemical_sprayer_turret",
		"particle": "createdieselgenerators:item/chemical_sprayer"
	},
	"elements": [
		{
			"from": [-3, 4, 22],
			"to": [3, 4, 25],
			"rotation": {"angle": 0, "axis": "y", "origin": [0, 2, 9]},
			"faces": {
				"up": {"uv": [11.5, 0, 12.25, 1.5], "rotation": 270, "texture": "#2"},
				"down": {"uv": [11.5, 1.5, 10.75, 0], "rotation": 270, "texture": "#2"}
			}
		},
		{
			"from": [3, -2, 22],
			"to": [3, 4, 25],
			"rotation": {"angle": 0, "axis": "z", "origin": [0, 1, 23.5]},
			"faces": {
				"east": {"uv": [12.25, 0, 11.5, 1.5], "rotation": 180, "texture": "#2"},
				"west": {"uv": [10.75, 0, 11.5, 1.5], "rotation": 180, "texture": "#2"}
			}
		},
		{
			"from": [-3, -2, 22],
			"to": [-3, 4, 25],
			"rotation": {"angle": 0, "axis": "z", "origin": [0, 1, 23.5]},
			"faces": {
				"east": {"uv": [11.5, 0, 10.75, 1.5], "rotation": 180, "texture": "#2"},
				"west": {"uv": [11.5, 1.5, 12.25, 0], "rotation": 180, "texture": "#2"}
			}
		},
		{
			"from": [-3, -2, 22],
			"to": [3, -2, 25],
			"rotation": {"angle": 0, "axis": "y", "origin": [0, 2, 9]},
			"faces": {
				"up": {"uv": [10.75, 0, 11.5, 1.5], "rotation": 270, "texture": "#2"},
				"down": {"uv": [12.25, 1.5, 11.5, 0], "rotation": 270, "texture": "#2"}
			}
		},
		{
			"from": [-4, -3, 20],
			"to": [4, 5, 22],
			"rotation": {"angle": 0, "axis": "y", "origin": [0, 2, 9]},
			"faces": {
				"north": {"uv": [10.5, 1.5, 12.5, 3.5], "texture": "#2"},
				"east": {"uv": [10, 1.5, 10.5, 3.5], "texture": "#2"},
				"south": {"uv": [8, 1.5, 10, 3.5], "texture": "#2"},
				"west": {"uv": [10.5, 1.5, 10, 3.5], "texture": "#2"},
				"up": {"uv": [10, 1.5, 10.5, 3.5], "rotation": 270, "texture": "#2"},
				"down": {"uv": [10.5, 1.5, 10, 3.5], "rotation": 270, "texture": "#2"}
			}
		},
		{
			"from": [-4, -3, 7],
			"to": [4, 5, 9],
			"rotation": {"angle": 0, "axis": "y", "origin": [0, 2, 9]},
			"faces": {
				"north": {"uv": [10.5, 1.5, 12.5, 3.5], "texture": "#2"},
				"east": {"uv": [10, 1.5, 10.5, 3.5], "texture": "#2"},
				"south": {"uv": [8, 1.5, 10, 3.5], "texture": "#2"},
				"west": {"uv": [10.5, 1.5, 10, 3.5], "texture": "#2"},
				"up": {"uv": [10, 1.5, 10.5, 3.5], "rotation": 270, "texture": "#2"},
				"down": {"uv": [10.5, 1.5, 10, 3.5], "rotation": 270, "texture": "#2"}
			}
		},
		{
			"from": [-4, -1, -3],
			"to": [4, 5, -1],
			"rotation": {"angle": 0, "axis": "y", "origin": [0, 2, 9]},
			"faces": {
				"north": {"uv": [12.5, 2, 14.5, 3.5], "texture": "#2"},
				"east": {"uv": [14.5, 0, 14, 1.5], "texture": "#2"},
				"south": {"uv": [0.25, 1.5, 2.25, 3], "texture": "#2"},
				"west": {"uv": [14, 0, 14.5, 1.5], "texture": "#2"},
				"up": {"uv": [9.25, 3.25, 9.75, 5.25], "rotation": 270, "texture": "#2"},
				"down": {"uv": [0, 0, 2, 0.5], "rotation": 180, "texture": "#2"}
			}
		},
		{
			"from": [-3.989, -0.99, -2.99],
			"to": [3.991, 0.99, -0.182],
			"rotation": {"angle": 45, "axis": "x", "origin": [0, -1, -3]},
			"faces": {
				"north": {"uv": [0, 0, 1.9995, 0.4995], "texture": "#2"},
				"east": {"uv": [12.5, 1.75, 13.2065, 2.2495], "rotation": 180, "texture": "#2"},
				"south": {"uv": [0, 0, 1.9995, 0.4995], "rotation": 180, "texture": "#2"},
				"west": {"uv": [12.5, 2.2495, 13.2065, 1.75], "texture": "#2"},
				"up": {"uv": [0, 0, 1.9995, 0.7065], "texture": "#2"},
				"down": {"uv": [12.5005, 2.75, 14.5, 3.4565], "rotation": 180, "texture": "#2"}
			}
		},
		{
			"from": [-4, -3, -1],
			"to": [4, 5, 4],
			"rotation": {"angle": 0, "axis": "y", "origin": [0, 2, 9]},
			"faces": {
				"north": {"uv": [10.5, 1.5, 12.5, 3.5], "texture": "#2"},
				"east": {"uv": [12.5, 0, 13.75, 2], "texture": "#2"},
				"south": {"uv": [10.5, 1.5, 12.5, 3.5], "texture": "#2"},
				"west": {"uv": [13.75, 0, 12.5, 2], "texture": "#2"},
				"up": {"uv": [8, 3.5, 9.25, 5.5], "rotation": 270, "texture": "#2"},
				"down": {"uv": [12.5, 3.5, 14.5, 2.25], "rotation": 180, "texture": "#2"}
			}
		},
		{
			"from": [-3, -2, 9],
			"to": [3, 4, 20],
			"rotation": {"angle": 0, "axis": "y", "origin": [0, 2, 9]},
			"faces": {
				"east": {"uv": [8, 0, 10.75, 1.5], "texture": "#2"},
				"west": {"uv": [8, 1.5, 10.75, 0], "texture": "#2"},
				"up": {"uv": [8, 1.5, 10.75, 0], "rotation": 270, "texture": "#2"},
				"down": {"uv": [8, 0, 10.75, 1.5], "rotation": 270, "texture": "#2"}
			}
		},
		{
			"from": [4, 2, -7],
			"to": [5, 4, 0],
			"rotation": {"angle": 45, "axis": "x", "origin": [0, 3, -1]},
			"faces": {
				"north": {"uv": [7.5, 3, 8, 4], "texture": "#0"},
				"east": {"uv": [7.5, 3, 8.5, 6.5], "rotation": 270, "texture": "#0"},
				"south": {"uv": [7.5, 3, 8, 4], "rotation": 180, "texture": "#0"},
				"west": {"uv": [7.5, 3, 8.5, 6.5], "rotation": 90, "texture": "#0"},
				"up": {"uv": [7.5, 3, 8, 6.5], "rotation": 180, "texture": "#0"},
				"down": {"uv": [7.5, 3, 8, 6.5], "texture": "#0"}
			}
		},
		{
			"from": [-5, 2, -7],
			"to": [-4, 4, 0],
			"rotation": {"angle": 45, "axis": "x", "origin": [0, 3, -1]},
			"faces": {
				"north": {"uv": [7.5, 3, 8, 4], "texture": "#0"},
				"east": {"uv": [7.5, 3, 8.5, 6.5], "rotation": 270, "texture": "#0"},
				"south": {"uv": [7.5, 3, 8, 4], "rotation": 180, "texture": "#0"},
				"west": {"uv": [7.5, 3, 8.5, 6.5], "rotation": 90, "texture": "#0"},
				"up": {"uv": [7.5, 3, 8, 6.5], "rotation": 180, "texture": "#0"},
				"down": {"uv": [7.5, 3, 8, 6.5], "texture": "#0"}
			}
		},
		{
			"from": [-4, 2, -7],
			"to": [4, 4, -5],
			"rotation": {"angle": 45, "axis": "x", "origin": [0, 3, -1]},
			"faces": {
				"north": {"uv": [6, 0, 8, 0.5], "texture": "#2"},
				"south": {"uv": [6, 0.5, 8, 0], "rotation": 180, "texture": "#2"},
				"up": {"uv": [6, 0, 8, 0.5], "rotation": 180, "texture": "#2"},
				"down": {"uv": [8, 0, 6, 0.5], "texture": "#2"}
			}
		},
		{
			"from": [4, 0, -2],
			"to": [11, 2, 0],
			"rotation": {"angle": 0, "axis": "y", "origin": [0, 2, 9]},
			"faces": {
				"north": {"uv": [8.5, 7, 12, 8], "texture": "#0"},
				"east": {"uv": [12, 7, 13, 8], "texture": "#0"},
				"south": {"uv": [8.5, 7, 12, 8], "texture": "#0"},
				"up": {"uv": [8.5, 7, 12, 8], "rotation": 180, "texture": "#0"},
				"down": {"uv": [8.5, 7, 12, 8], "rotation": 180, "texture": "#0"}
			}
		},
		{
			"from": [-11, 0, -2],
			"to": [-4, 2, 0],
			"rotation": {"angle": 0, "axis": "y", "origin": [0, 2, 9]},
			"faces": {
				"north": {"uv": [8.5, 7, 12, 8], "texture": "#0"},
				"south": {"uv": [8.5, 7, 12, 8], "texture": "#0"},
				"west": {"uv": [12, 7, 13, 8], "texture": "#0"},
				"up": {"uv": [8.5, 7, 12, 8], "texture": "#0"},
				"down": {"uv": [8.5, 7, 12, 8], "texture": "#0"}
			}
		}
	],
	"display": {
		"thirdperson_righthand": {
			"rotation": [75, 45, 0],
			"translation": [0, 2.5, 0],
			"scale": [0.375, 0.375, 0.375]
		},
		"thirdperson_lefthand": {
			"rotation": [75, 45, 0],
			"translation": [0, 2.5, 0],
			"scale": [0.375, 0.375, 0.375]
		},
		"firstperson_righthand": {
			"rotation": [0, 45, 0],
			"scale": [0.4, 0.4, 0.4]
		},
		"firstperson_lefthand": {
			"rotation": [0, 225, 0],
			"scale": [0.4, 0.4, 0.4]
		},
		"ground": {
			"translation": [0, 3, 0],
			"scale": [0.25, 0.25, 0.25]
		},
		"gui": {
			"rotation": [30, 225, 0],
			"translation": [0, -2.25, 0],
			"scale": [0.45, 0.45, 0.45]
		},
		"head": {
			"translation": [0, 13.75, 0]
		},
		"fixed": {
			"scale": [0.5, 0.5, 0.5]
		}
	}
}