{
	"credit": "Made with Blockbench",
	"texture_size": [64, 64],
	"textures": {
		"2": "createdieselgenerators:block/chemical_sprayer_turret",
		"particle": "createdieselgenerators:item/chemical_sprayer"
	},
	"elements": [
		{
			"from": [6, 19, 7],
			"to": [10, 22, 17],
			"rotation": {"angle": -45, "axis": "x", "origin": [0, 19, 14]},
			"faces": {
				"north": {"uv": [7, 0, 8, 0.75], "rotation": 180, "texture": "#2"},
				"east": {"uv": [7, 2.5, 6.25, 0], "rotation": 90, "texture": "#2"},
				"south": {"uv": [7, 0, 8, 0.75], "texture": "#2"},
				"west": {"uv": [6.25, 0, 7, 2.5], "rotation": 90, "texture": "#2"},
				"up": {"uv": [7, 0, 8, 2.5], "rotation": 180, "texture": "#2"},
				"down": {"uv": [7, 0, 8, 2.5], "texture": "#2"}
			}
		}
	],
	"display": {
		"thirdperson_righthand": {
			"rotation": [75, 45, 0],
			"translation": [0, 2.5, 0],
			"scale": [0.375, 0.375, 0.375]
		},
		"thirdperson_lefthand": {
			"rotation": [75, 45, 0],
			"translation": [0, 2.5, 0],
			"scale": [0.375, 0.375, 0.375]
		},
		"firstperson_righthand": {
			"rotation": [0, 45, 0],
			"scale": [0.4, 0.4, 0.4]
		},
		"firstperson_lefthand": {
			"rotation": [0, 225, 0],
			"scale": [0.4, 0.4, 0.4]
		},
		"ground": {
			"translation": [0, 3, 0],
			"scale": [0.25, 0.25, 0.25]
		},
		"gui": {
			"rotation": [30, 225, 0],
			"translation": [0, -2.5, 0],
			"scale": [0.45, 0.45, 0.45]
		},
		"head": {
			"translation": [0, 13.75, 0]
		},
		"fixed": {
			"scale": [0.5, 0.5, 0.5]
		}
	}
}