{
	"credit": "Made with Blockbench",
	"parent": "create:block/bearing/block",
	"textures": {
		"side": "createdieselgenerators:block/pumpjack_bearing_side",
		"back": "createdieselgenerators:block/pumpjack_bearing_back"
	},
	"elements": [
		{
			"from": [0, 0, 0],
			"to": [16, 12, 16],
			"faces": {
				"north": {"uv": [0, 4, 16, 16], "texture": "#side"},
				"east": {"uv": [0, 4, 16, 16], "texture": "#side"},
				"south": {"uv": [0, 4, 16, 16], "texture": "#side"},
				"west": {"uv": [0, 4, 16, 16], "texture": "#side"},
				"up": {"uv": [0, 0, 16, 16], "texture": "#back"},
				"down": {"uv": [0, 0, 16, 16], "texture": "#back"}
			}
		}
	]
}