{
	"credit": "Made with Blockbench",
	"texture_size": [32, 32],
	"textures": {
		"0": "createdieselgenerators:block/pumpjack_hole",
		"particle": "createdieselgenerators:block/pumpjack_hole"
	},
	"elements": [
		{
			"from": [0, 2, 0],
			"to": [16, 14, 2],
			"faces": {
				"north": {"uv": [0, 8.5, 8, 14.5], "texture": "#0"},
				"east": {"uv": [2, 14.5, 8, 15.5], "rotation": 90, "texture": "#0"},
				"south": {"uv": [8, 8.5, 16, 14.5], "texture": "#0"},
				"west": {"uv": [2, 15.5, 8, 14.5], "rotation": 90, "texture": "#0"},
				"up": {"uv": [8, 14.5, 16, 15.5], "texture": "#0"},
				"down": {"uv": [8, 15.5, 16, 14.5], "texture": "#0"}
			}
		},
		{
			"from": [2, 2, 2],
			"to": [4, 14, 14],
			"faces": {
				"east": {"uv": [10, 0, 16, 6], "texture": "#0"},
				"south": {"uv": [4, 0, 3, 6], "texture": "#0"},
				"west": {"uv": [4, 0, 10, 6], "texture": "#0"},
				"up": {"uv": [4, 0, 3, 6], "texture": "#0"},
				"down": {"uv": [4, 0, 3, 6], "texture": "#0"}
			}
		},
		{
			"from": [12, 2, 2],
			"to": [14, 14, 14],
			"faces": {
				"east": {"uv": [4, 0, 10, 6], "texture": "#0"},
				"south": {"uv": [3, 0, 4, 6], "texture": "#0"},
				"west": {"uv": [10, 0, 16, 6], "texture": "#0"},
				"up": {"uv": [3, 0, 4, 6], "texture": "#0"},
				"down": {"uv": [3, 0, 4, 6], "texture": "#0"}
			}
		},
		{
			"from": [4, 7, 7],
			"to": [12, 9, 9],
			"faces": {
				"north": {"uv": [0, 6, 4, 7], "texture": "#0"},
				"east": {"uv": [0, 6, 1, 7], "texture": "#0"},
				"south": {"uv": [0, 7, 4, 6], "texture": "#0"},
				"west": {"uv": [0, 6, 1, 7], "texture": "#0"},
				"up": {"uv": [0, 6, 4, 7], "texture": "#0"},
				"down": {"uv": [0, 6, 4, 7], "texture": "#0"}
			}
		}
	],
	"display": {
		"thirdperson_righthand": {
			"rotation": [75, 135, 0],
			"translation": [0, 2.5, 0],
			"scale": [0.375, 0.375, 0.375]
		},
		"thirdperson_lefthand": {
			"rotation": [75, 135, 0],
			"translation": [0, 2.5, 0],
			"scale": [0.375, 0.375, 0.375]
		},
		"firstperson_righthand": {
			"rotation": [0, 135, 0],
			"scale": [0.4, 0.4, 0.4]
		},
		"firstperson_lefthand": {
			"rotation": [0, 135, 0],
			"scale": [0.4, 0.4, 0.4]
		},
		"ground": {
			"translation": [0, 3, 0],
			"scale": [0.25, 0.25, 0.25]
		},
		"gui": {
			"rotation": [30, 45, 0],
			"translation": [0.75, -0.25, 0],
			"scale": [0.625, 0.625, 0.625]
		},
		"head": {
			"rotation": [-90, 0, 0],
			"translation": [0, 15.5, 0],
			"scale": [1.2, 1.2, 1.2]
		},
		"fixed": {
			"scale": [0.5, 0.5, 0.5]
		}
	}
}