{
	"credit": "Made with Blockbench",
	"textures": {
		"0": "createdieselgenerators:block/pumpjack_hole",
		"particle": "createdieselgenerators:block/pumpjack_hole"
	},
	"elements": [
		{
			"from": [0, -16, -1],
			"to": [0, 0, 1],
			"faces": {
				"east": {"uv": [16, 15.5, 15, 16], "texture": "#0"},
				"west": {"uv": [15, 15.5, 16, 16], "texture": "#0"}
			}
		},
		{
			"from": [-1, -16, 0],
			"to": [1, 0, 0],
			"faces": {
				"north": {"uv": [15, 15.5, 16, 16], "texture": "#0"},
				"south": {"uv": [16, 15.5, 15, 16], "texture": "#0"}
			}
		}
	]
}