{
    "parent": "item/handheld",
    "textures": {
        "layer0": "tfc:item/metal/boots/copper_0"
    },
    "overrides": [
        {
            "predicate": {
                "damaged": 1,
                "damage": 0.40
            },
            "model": "tfc:item/metal/boots/damage/copper_1"
        },
        {
            "predicate": {
                "damaged": 1,
                "damage": 0.80
            },
            "model": "tfc:item/metal/boots/damage/copper_2"
        },
        {
            "predicate": {
                "damaged": 1,
                "damage": 0.95
            },
            "model": "tfc:item/metal/boots/damage/copper_3"
        }
    ]
}