{
	"credit": "Made with Blockbench",
	"textures": {
		"0": "createdieselgenerators:block/fluid_coupling",
		"particle": "createdieselgenerators:block/fluid_coupling"
	},
	"elements": [
		{
			"from": [0, 0, 8],
			"to": [16, 16, 16],
			"rotation": {"angle": 0, "axis": "y", "origin": [0, 0, 4]},
			"faces": {
				"north": {"uv": [0, 0, 8, 8], "texture": "#0"},
				"east": {"uv": [16, 0, 12, 8], "texture": "#0"},
				"south": {"uv": [0, 8, 8, 16], "texture": "#0"},
				"west": {"uv": [12, 0, 16, 8], "texture": "#0"},
				"up": {"uv": [12, 0, 16, 8], "rotation": 90, "texture": "#0"},
				"down": {"uv": [16, 0, 12, 8], "rotation": 90, "texture": "#0"}
			}
		},
		{
			"from": [2, 2, 5],
			"to": [14, 14, 8],
			"rotation": {"angle": 0, "axis": "y", "origin": [0, 0, 4]},
			"faces": {
				"north": {"uv": [1, 1, 7, 7], "texture": "#0"},
				"east": {"uv": [8, 8, 9.5, 14], "texture": "#0"},
				"south": {"uv": [1, 1, 7, 7], "texture": "#0"},
				"west": {"uv": [8, 14, 9.5, 8], "texture": "#0"},
				"up": {"uv": [9.5, 8, 8, 14], "rotation": 90, "texture": "#0"},
				"down": {"uv": [9.5, 14, 8, 8], "rotation": 90, "texture": "#0"}
			}
		}
	]
}