{
	"credit": "Made with Blockbench",
	"textures": {
		"0": "createdieselgenerators:block/fluid_coupling",
		"1": "create:block/axis",
		"2": "create:block/axis_top",
		"particle": "createdieselgenerators:block/fluid_coupling"
	},
	"elements": [
		{
			"from": [6, 6, -0.1],
			"to": [10, 10, 15.9],
			"rotation": {"angle": 22.5, "axis": "z", "origin": [8, 8, 7.9]},
			"faces": {
				"north": {"uv": [6, 6, 10, 10], "texture": "#2"},
				"east": {"uv": [6, 0, 10, 16], "rotation": 90, "texture": "#1"},
				"south": {"uv": [6, 6, 10, 10], "texture": "#2"},
				"west": {"uv": [6, 0, 10, 16], "rotation": 90, "texture": "#1"},
				"up": {"uv": [6, 0, 10, 16], "texture": "#1"},
				"down": {"uv": [6, 0, 10, 16], "texture": "#1"}
			}
		},
		{
			"from": [0, 0, 8],
			"to": [16, 16, 16],
			"rotation": {"angle": 0, "axis": "y", "origin": [0, 0, 4]},
			"faces": {
				"north": {"uv": [0, 0, 8, 8], "texture": "#0"},
				"east": {"uv": [12, 0, 8, 8], "texture": "#0"},
				"south": {"uv": [0, 8, 8, 16], "texture": "#0"},
				"west": {"uv": [8, 0, 12, 8], "texture": "#0"},
				"up": {"uv": [8, 0, 12, 8], "rotation": 90, "texture": "#0"},
				"down": {"uv": [12, 0, 8, 8], "rotation": 90, "texture": "#0"}
			}
		},
		{
			"from": [2, 2, 5],
			"to": [14, 14, 8],
			"rotation": {"angle": 0, "axis": "y", "origin": [0, 0, 4]},
			"faces": {
				"north": {"uv": [1, 1, 7, 7], "texture": "#0"},
				"east": {"uv": [8, 8, 9.5, 14], "texture": "#0"},
				"south": {"uv": [1, 1, 7, 7], "texture": "#0"},
				"west": {"uv": [8, 14, 9.5, 8], "texture": "#0"},
				"up": {"uv": [9.5, 8, 8, 14], "rotation": 90, "texture": "#0"},
				"down": {"uv": [9.5, 14, 8, 8], "rotation": 90, "texture": "#0"}
			}
		}
	],
	"display": {
		"thirdperson_righthand": {
			"rotation": [75, 45, 0],
			"translation": [0, 2.5, 0],
			"scale": [0.375, 0.375, 0.375]
		},
		"thirdperson_lefthand": {
			"rotation": [75, 45, 0],
			"translation": [0, 2.5, 0],
			"scale": [0.375, 0.375, 0.375]
		},
		"firstperson_righthand": {
			"rotation": [0, 45, 0],
			"scale": [0.4, 0.4, 0.4]
		},
		"firstperson_lefthand": {
			"rotation": [0, 225, 0],
			"scale": [0.4, 0.4, 0.4]
		},
		"ground": {
			"translation": [0, 3, 0],
			"scale": [0.25, 0.25, 0.25]
		},
		"gui": {
			"rotation": [30, 225, 0],
			"scale": [0.625, 0.625, 0.625]
		},
		"head": {
			"translation": [0, 0, -14.25]
		},
		"fixed": {
			"scale": [0.5, 0.5, 0.5]
		}
	}
}