{
	"format_version": "1.21.6",
	"credit": "Made with Blockbench",
	"parent": "block/block",
	"textures": {
		"particle": "#0"
	},
	"elements": [
		{
			"name": "large_chain",
			"from": [7.5, 11, 10],
			"to": [8.5, 16, 12],
			"rotation": {"angle": 0, "axis": "y", "origin": [8, 7.75, 8]},
			"faces": {
				"north": {"uv": [9, 0, 10, 5], "texture": "#0"},
				"east": {"uv": [8, 0, 10, 5], "texture": "#0"},
				"south": {"uv": [8, 0, 9, 5], "texture": "#0"},
				"west": {"uv": [10, 0, 8, 5], "texture": "#0"},
				"up": {"uv": [8, 0, 10, 1], "rotation": 270, "texture": "#0"},
				"down": {"uv": [8, 4, 10, 5], "rotation": 90, "texture": "#0"}
			}
		},
		{
			"name": "large_chain",
			"from": [7.5, 11, 4],
			"to": [8.5, 16, 6],
			"rotation": {"angle": 0, "axis": "y", "origin": [8, 7.75, 8]},
			"faces": {
				"north": {"uv": [15, 0, 16, 5], "texture": "#0"},
				"east": {"uv": [14, 0, 16, 5], "texture": "#0"},
				"south": {"uv": [14, 0, 15, 5], "texture": "#0"},
				"west": {"uv": [16, 0, 14, 5], "texture": "#0"},
				"up": {"uv": [14, 0, 16, 1], "rotation": 270, "texture": "#0"},
				"down": {"uv": [14, 4, 16, 5], "rotation": 90, "texture": "#0"}
			}
		},
		{
			"name": "large_chain",
			"from": [5, 12, 7.5],
			"to": [11, 15, 8.5],
			"rotation": {"angle": 0, "axis": "y", "origin": [4, 0, 7.5]},
			"faces": {
				"north": {"uv": [7, 1, 1, 4], "texture": "#0"},
				"east": {"uv": [6, 1, 7, 4], "texture": "#0"},
				"south": {"uv": [1, 1, 7, 4], "texture": "#0"},
				"west": {"uv": [1, 1, 2, 4], "texture": "#0"},
				"up": {"uv": [1, 1, 7, 2], "texture": "#0"},
				"down": {"uv": [1, 3, 7, 4], "texture": "#0"}
			}
		},
		{
			"name": "large_chain",
			"from": [4, 3, 7.5],
			"to": [5, 14, 8.5],
			"rotation": {"angle": 0, "axis": "y", "origin": [4, 0, 7.5]},
			"faces": {
				"north": {"uv": [1, 2, 0, 13], "texture": "#0"},
				"east": {"uv": [0, 2, 1, 13], "texture": "#0"},
				"south": {"uv": [0, 2, 1, 13], "texture": "#0"},
				"west": {"uv": [0, 2, 1, 13], "texture": "#0"},
				"up": {"uv": [0, 2, 1, 3], "texture": "#0"},
				"down": {"uv": [0, 12, 1, 13], "texture": "#0"}
			}
		},
		{
			"name": "large_chain",
			"from": [11, 3, 7.5],
			"to": [12, 14, 8.5],
			"rotation": {"angle": 0, "axis": "y", "origin": [4, 0, 7.5]},
			"faces": {
				"north": {"uv": [8, 2, 7, 13], "texture": "#0"},
				"east": {"uv": [7, 2, 8, 13], "texture": "#0"},
				"south": {"uv": [7, 2, 8, 13], "texture": "#0"},
				"west": {"uv": [7, 2, 8, 13], "texture": "#0"},
				"up": {"uv": [7, 2, 8, 3], "texture": "#0"},
				"down": {"uv": [7, 12, 8, 13], "texture": "#0"}
			}
		},
		{
			"name": "large_chain",
			"from": [7.5, 10, 6],
			"to": [8.5, 13, 10],
			"rotation": {"angle": 0, "axis": "y", "origin": [8, 7.75, 8]},
			"faces": {
				"north": {"uv": [13, 3, 14, 6], "texture": "#0"},
				"east": {"uv": [10, 3, 14, 6], "texture": "#0"},
				"south": {"uv": [10, 3, 11, 6], "texture": "#0"},
				"west": {"uv": [14, 3, 10, 6], "texture": "#0"},
				"up": {"uv": [10, 3, 14, 4], "rotation": 270, "texture": "#0"},
				"down": {"uv": [10, 5, 14, 6], "rotation": 90, "texture": "#0"}
			}
		},
		{
			"name": "large_chain",
			"from": [5, 2, 7.5],
			"to": [6, 12, 8.5],
			"rotation": {"angle": 0, "axis": "y", "origin": [4, 0, 7.5]},
			"faces": {
				"north": {"uv": [2, 4, 1, 14], "texture": "#0"},
				"east": {"uv": [1, 4, 2, 14], "texture": "#0"},
				"south": {"uv": [1, 4, 2, 14], "texture": "#0"},
				"west": {"uv": [1, 4, 2, 14], "texture": "#0"},
				"up": {"uv": [1, 4, 2, 5], "texture": "#0"},
				"down": {"uv": [1, 13, 2, 14], "texture": "#0"}
			}
		},
		{
			"name": "large_chain",
			"from": [10, 2, 7.5],
			"to": [11, 12, 8.5],
			"rotation": {"angle": 0, "axis": "y", "origin": [4, 0, 7.5]},
			"faces": {
				"north": {"uv": [7, 4, 6, 14], "texture": "#0"},
				"east": {"uv": [6, 4, 7, 14], "texture": "#0"},
				"south": {"uv": [6, 4, 7, 14], "texture": "#0"},
				"west": {"uv": [6, 4, 7, 14], "texture": "#0"},
				"up": {"uv": [6, 4, 7, 5], "texture": "#0"},
				"down": {"uv": [6, 13, 7, 14], "texture": "#0"}
			}
		},
		{
			"name": "large_chain",
			"from": [7.5, 10, 10],
			"to": [8.5, 11, 11],
			"rotation": {"angle": 0, "axis": "y", "origin": [8, 7.75, 8]},
			"faces": {
				"north": {"uv": [9, 5, 10, 6], "texture": "#0"},
				"east": {"uv": [9, 5, 10, 6], "texture": "#0"},
				"south": {"uv": [9, 5, 10, 6], "texture": "#0"},
				"west": {"uv": [10, 5, 9, 6], "texture": "#0"},
				"up": {"uv": [9, 5, 10, 6], "rotation": 270, "texture": "#0"},
				"down": {"uv": [9, 5, 10, 6], "rotation": 90, "texture": "#0"}
			}
		},
		{
			"name": "large_chain",
			"from": [7.5, 10, 5],
			"to": [8.5, 11, 6],
			"rotation": {"angle": 0, "axis": "y", "origin": [8, 7.75, 8]},
			"faces": {
				"north": {"uv": [14, 5, 15, 6], "texture": "#0"},
				"east": {"uv": [14, 5, 15, 6], "texture": "#0"},
				"south": {"uv": [14, 5, 15, 6], "texture": "#0"},
				"west": {"uv": [15, 5, 14, 6], "texture": "#0"},
				"up": {"uv": [14, 5, 15, 6], "rotation": 270, "texture": "#0"},
				"down": {"uv": [14, 5, 15, 6], "rotation": 90, "texture": "#0"}
			}
		},
		{
			"name": "large_chain",
			"from": [7.5, 4, 5],
			"to": [8.5, 7, 11],
			"rotation": {"angle": 0, "axis": "y", "origin": [8, 7.75, 8]},
			"faces": {
				"north": {"uv": [14, 9, 15, 12], "texture": "#0"},
				"east": {"uv": [9, 9, 15, 12], "texture": "#0"},
				"south": {"uv": [9, 9, 10, 12], "texture": "#0"},
				"west": {"uv": [15, 9, 9, 12], "texture": "#0"},
				"up": {"uv": [9, 9, 15, 10], "rotation": 270, "texture": "#0"},
				"down": {"uv": [9, 11, 15, 12], "rotation": 90, "texture": "#0"}
			}
		},
		{
			"name": "large_chain",
			"from": [7.5, 0, 11],
			"to": [8.5, 6, 12],
			"rotation": {"angle": 0, "axis": "y", "origin": [8, 7.75, 8]},
			"faces": {
				"north": {"uv": [8, 10, 9, 16], "texture": "#0"},
				"east": {"uv": [8, 10, 9, 16], "texture": "#0"},
				"south": {"uv": [8, 10, 9, 16], "texture": "#0"},
				"west": {"uv": [9, 10, 8, 16], "texture": "#0"},
				"up": {"uv": [8, 10, 9, 11], "rotation": 270, "texture": "#0"},
				"down": {"uv": [8, 15, 9, 16], "rotation": 90, "texture": "#0"}
			}
		},
		{
			"name": "large_chain",
			"from": [7.5, 0, 4],
			"to": [8.5, 6, 5],
			"rotation": {"angle": 0, "axis": "y", "origin": [8, 7.75, 8]},
			"faces": {
				"north": {"uv": [15, 10, 16, 16], "texture": "#0"},
				"east": {"uv": [15, 10, 16, 16], "texture": "#0"},
				"south": {"uv": [15, 10, 16, 16], "texture": "#0"},
				"west": {"uv": [16, 10, 15, 16], "texture": "#0"},
				"up": {"uv": [15, 10, 16, 11], "rotation": 270, "texture": "#0"},
				"down": {"uv": [15, 15, 16, 16], "rotation": 90, "texture": "#0"}
			}
		},
		{
			"name": "large_chain",
			"from": [6, 2, 7.5],
			"to": [10, 5, 8.5],
			"rotation": {"angle": 0, "axis": "y", "origin": [4, 0, 7.5]},
			"faces": {
				"north": {"uv": [6, 11, 2, 14], "texture": "#0"},
				"east": {"uv": [5, 11, 6, 14], "texture": "#0"},
				"south": {"uv": [2, 11, 6, 14], "texture": "#0"},
				"west": {"uv": [2, 11, 3, 14], "texture": "#0"},
				"up": {"uv": [2, 11, 6, 12], "texture": "#0"},
				"down": {"uv": [2, 13, 6, 14], "texture": "#0"}
			}
		},
		{
			"name": "large_chain",
			"from": [7.5, 0, 10],
			"to": [8.5, 4, 11],
			"rotation": {"angle": 0, "axis": "y", "origin": [8, 7.75, 8]},
			"faces": {
				"north": {"uv": [9, 12, 10, 16], "texture": "#0"},
				"east": {"uv": [9, 12, 10, 16], "texture": "#0"},
				"south": {"uv": [9, 12, 10, 16], "texture": "#0"},
				"west": {"uv": [10, 12, 9, 16], "texture": "#0"},
				"up": {"uv": [9, 12, 10, 13], "rotation": 270, "texture": "#0"},
				"down": {"uv": [9, 15, 10, 16], "rotation": 90, "texture": "#0"}
			}
		},
		{
			"name": "large_chain",
			"from": [7.5, 0, 5],
			"to": [8.5, 4, 6],
			"rotation": {"angle": 0, "axis": "y", "origin": [8, 7.75, 8]},
			"faces": {
				"north": {"uv": [14, 12, 15, 16], "texture": "#0"},
				"east": {"uv": [14, 12, 15, 16], "texture": "#0"},
				"south": {"uv": [14, 12, 15, 16], "texture": "#0"},
				"west": {"uv": [15, 12, 14, 16], "texture": "#0"},
				"up": {"uv": [14, 12, 15, 13], "rotation": 270, "texture": "#0"},
				"down": {"uv": [14, 15, 15, 16], "rotation": 90, "texture": "#0"}
			}
		}
	],
	"gui_light": "front",
	"display": {
		"gui": {
			"translation": [0, -0.6, 0],
			"scale": [1.23, 1.23, 1.23]
		}
	},
	"groups": [
		{
			"name": "large_chain",
			"origin": [8, 8, 8],
			"color": 0,
			"children": [0, 1, 2, 3, 4, 5, 6, 7, 8, 9, 10, 11, 12, 13, 14, 15]
		}
	]
}