{
	"credit": "Made with Blockbench",
	"texture_size": [64, 64],
	"textures": {
		"1": "create:block/millstone",
		"particle": "createdieselgenerators:item/chemical_sprayer"
	},
	"elements": [
		{
			"name": "Gear5",
			"from": [6.5, 6, -1],
			"to": [9.5, 12, 17],
			"rotation": {"angle": 0, "axis": "y", "origin": [0, -0.5, 0]},
			"faces": {
				"north": {"uv": [9, 10, 10.5, 13], "texture": "#1"},
				"east": {"uv": [0, 10, 9, 13], "texture": "#1"},
				"south": {"uv": [9, 10, 10.5, 13], "texture": "#1"},
				"west": {"uv": [0, 10, 9, 13], "texture": "#1"},
				"up": {"uv": [0, 8.5, 9, 10], "rotation": 90, "texture": "#1"},
				"down": {"uv": [0, 8.5, 9, 10], "rotation": 90, "texture": "#1"}
			}
		},
		{
			"name": "Gear6",
			"from": [6.5, 6, -1],
			"to": [9.5, 12, 17],
			"rotation": {"angle": 45, "axis": "y", "origin": [8, 7.5, 8]},
			"faces": {
				"north": {"uv": [9, 10, 10.5, 13], "texture": "#1"},
				"east": {"uv": [0, 10, 9, 13], "texture": "#1"},
				"south": {"uv": [9, 10, 10.5, 13], "texture": "#1"},
				"west": {"uv": [0, 10, 9, 13], "texture": "#1"},
				"up": {"uv": [0, 8.5, 9, 10], "rotation": 90, "texture": "#1"},
				"down": {"uv": [0, 8.5, 9, 10], "rotation": 90, "texture": "#1"}
			}
		},
		{
			"name": "Gear7",
			"from": [-1, 6, 6.5],
			"to": [17, 12, 9.5],
			"rotation": {"angle": 45, "axis": "y", "origin": [8, 7.5, 8]},
			"faces": {
				"north": {"uv": [0, 10, 9, 13], "texture": "#1"},
				"east": {"uv": [9, 10, 10.5, 13], "texture": "#1"},
				"south": {"uv": [0, 10, 9, 13], "texture": "#1"},
				"west": {"uv": [9, 10, 10.5, 13], "texture": "#1"},
				"up": {"uv": [0, 8.5, 9, 10], "texture": "#1"},
				"down": {"uv": [0, 8.5, 9, 10], "rotation": 180, "texture": "#1"}
			}
		},
		{
			"name": "Gear7",
			"from": [-1, 6, 6.5],
			"to": [17, 12, 9.5],
			"rotation": {"angle": 0, "axis": "y", "origin": [0, -0.5, 0]},
			"faces": {
				"north": {"uv": [0, 10, 9, 13], "texture": "#1"},
				"east": {"uv": [9, 10, 10.5, 13], "texture": "#1"},
				"south": {"uv": [0, 10, 9, 13], "texture": "#1"},
				"west": {"uv": [9, 10, 10.5, 13], "texture": "#1"},
				"up": {"uv": [0, 8.5, 9, 10], "texture": "#1"},
				"down": {"uv": [0, 8.5, 9, 10], "rotation": 180, "texture": "#1"}
			}
		},
		{
			"name": "GearCaseInner",
			"from": [2, 6.5, 2],
			"to": [14, 11.5, 14],
			"rotation": {"angle": 0, "axis": "y", "origin": [8, 8, 8]},
			"faces": {
				"north": {"uv": [0, 6, 6, 8.5], "texture": "#1"},
				"east": {"uv": [0, 6, 6, 8.5], "texture": "#1"},
				"south": {"uv": [0, 6, 6, 8.5], "texture": "#1"},
				"west": {"uv": [0, 6, 6, 8.5], "texture": "#1"},
				"up": {"uv": [0, 0, 6, 6], "texture": "#1"},
				"down": {"uv": [0, 0, 6, 6], "texture": "#1"}
			}
		}
	],
	"display": {
		"thirdperson_righthand": {
			"rotation": [75, 45, 0],
			"translation": [0, 2.5, 0],
			"scale": [0.375, 0.375, 0.375]
		},
		"thirdperson_lefthand": {
			"rotation": [75, 45, 0],
			"translation": [0, 2.5, 0],
			"scale": [0.375, 0.375, 0.375]
		},
		"firstperson_righthand": {
			"rotation": [0, 45, 0],
			"scale": [0.4, 0.4, 0.4]
		},
		"firstperson_lefthand": {
			"rotation": [0, 225, 0],
			"scale": [0.4, 0.4, 0.4]
		},
		"ground": {
			"translation": [0, 3, 0],
			"scale": [0.25, 0.25, 0.25]
		},
		"gui": {
			"rotation": [30, 225, 0],
			"translation": [0, -2.5, 0],
			"scale": [0.45, 0.45, 0.45]
		},
		"head": {
			"translation": [0, 13.75, 0]
		},
		"fixed": {
			"scale": [0.5, 0.5, 0.5]
		}
	}
}