{
	"credit": "Made with Blockbench",
	"texture_size": [64, 64],
	"textures": {
		"2": "createdieselgenerators:block/chemical_sprayer_turret",
		"particle": "createdieselgenerators:item/chemical_sprayer"
	},
	"elements": [
		{
			"from": [-4.99, -0.99, 4.01],
			"to": [4.99, 0.99, 6.99],
			"rotation": {"angle": 45, "axis": "z", "origin": [0, 0, 5.5]},
			"faces": {
				"north": {"uv": [9.75, 3.5, 12.245, 3.995], "texture": "#2"},
				"east": {"uv": [14.495, 3.995, 13.75, 3.5], "texture": "#2"},
				"south": {"uv": [9.75, 3.5, 12.245, 3.995], "texture": "#2"},
				"west": {"uv": [13.75, 3.995, 14.495, 3.5], "texture": "#2"},
				"up": {"uv": [9.75, 4.745, 12.245, 4], "texture": "#2"},
				"down": {"uv": [9.75, 4, 12.245, 4.745], "texture": "#2"}
			}
		},
		{
			"from": [-0.99, -4.99, 4.01],
			"to": [0.99, 4.99, 6.99],
			"rotation": {"angle": 45, "axis": "z", "origin": [0, 0, 5.5]},
			"faces": {
				"north": {"uv": [9.75, 3.5, 12.245, 3.995], "rotation": 90, "texture": "#2"},
				"east": {"uv": [9.75, 4, 12.245, 4.745], "rotation": 270, "texture": "#2"},
				"south": {"uv": [9.75, 3.5, 12.245, 3.995], "rotation": 270, "texture": "#2"},
				"west": {"uv": [9.75, 4.745, 12.245, 4], "rotation": 270, "texture": "#2"},
				"up": {"uv": [14.495, 3.995, 13.75, 3.5], "rotation": 270, "texture": "#2"},
				"down": {"uv": [13.75, 3.995, 14.495, 3.5], "rotation": 270, "texture": "#2"}
			}
		},
		{
			"from": [-5, -1, 4],
			"to": [5, 1, 7],
			"rotation": {"angle": 0, "axis": "y", "origin": [0, 0, 5.5]},
			"faces": {
				"north": {"uv": [9.75, 3.5, 12.25, 4], "texture": "#2"},
				"east": {"uv": [14.5, 4, 13.75, 3.5], "texture": "#2"},
				"south": {"uv": [9.75, 3.5, 12.25, 4], "texture": "#2"},
				"west": {"uv": [13.75, 4, 14.5, 3.5], "texture": "#2"},
				"up": {"uv": [9.75, 4.75, 12.25, 4], "texture": "#2"},
				"down": {"uv": [9.75, 4, 12.25, 4.75], "texture": "#2"}
			}
		},
		{
			"from": [-1, -5, 4],
			"to": [1, 5, 7],
			"rotation": {"angle": 0, "axis": "y", "origin": [0, 0, 5.5]},
			"faces": {
				"north": {"uv": [9.75, 3.5, 12.25, 4], "rotation": 90, "texture": "#2"},
				"east": {"uv": [9.75, 4, 12.25, 4.75], "rotation": 270, "texture": "#2"},
				"south": {"uv": [9.75, 3.5, 12.25, 4], "rotation": 270, "texture": "#2"},
				"west": {"uv": [9.75, 4.75, 12.25, 4], "rotation": 270, "texture": "#2"},
				"up": {"uv": [14.5, 4, 13.75, 3.5], "rotation": 270, "texture": "#2"},
				"down": {"uv": [13.75, 4, 14.5, 3.5], "rotation": 270, "texture": "#2"}
			}
		}
	],
	"display": {
		"thirdperson_righthand": {
			"rotation": [75, 45, 0],
			"translation": [0, 2.5, 0],
			"scale": [0.375, 0.375, 0.375]
		},
		"thirdperson_lefthand": {
			"rotation": [75, 45, 0],
			"translation": [0, 2.5, 0],
			"scale": [0.375, 0.375, 0.375]
		},
		"firstperson_righthand": {
			"rotation": [0, 45, 0],
			"scale": [0.4, 0.4, 0.4]
		},
		"firstperson_lefthand": {
			"rotation": [0, 225, 0],
			"scale": [0.4, 0.4, 0.4]
		},
		"ground": {
			"translation": [0, 3, 0],
			"scale": [0.25, 0.25, 0.25]
		},
		"gui": {
			"rotation": [30, 225, 0],
			"translation": [0, -2.25, 0],
			"scale": [0.45, 0.45, 0.45]
		},
		"head": {
			"translation": [0, 13.75, 0]
		},
		"fixed": {
			"scale": [0.5, 0.5, 0.5]
		}
	}
}