{
	"format_version": "1.21.6",
	"credit": "Made with Blockbench",
	"render_type": "cutout",
	"textures": {
		"3": "createdieselgenerators:block/engine_silencer",
		"particle": "createdieselgenerators:block/diesel_engine"
	},
	"elements": [
		{
			"from": [-0.5, 8, 8.5],
			"to": [4.5, 11, 13.5],
			"rotation": {"angle": 45, "axis": "z", "origin": [1.5, 8, 3]},
			"faces": {
				"north": {"uv": [0, 4, 5, 7], "texture": "#3"},
				"east": {"uv": [5, 4, 0, 7], "texture": "#3"},
				"south": {"uv": [0, 4, 5, 7], "texture": "#3"},
				"west": {"uv": [5, 4, 0, 7], "texture": "#3"},
				"up": {"uv": [0, 0, 5, 5], "texture": "#3"}
			}
		},
		{
			"from": [-0.5, 8, 2.5],
			"to": [4.5, 11, 7.5],
			"rotation": {"angle": 45, "axis": "z", "origin": [1.5, 8, 3]},
			"faces": {
				"north": {"uv": [0, 4, 5, 7], "texture": "#3"},
				"east": {"uv": [5, 4, 0, 7], "texture": "#3"},
				"south": {"uv": [0, 4, 5, 7], "texture": "#3"},
				"west": {"uv": [5, 4, 0, 7], "texture": "#3"},
				"up": {"uv": [0, 0, 5, 5], "texture": "#3"}
			}
		},
		{
			"from": [11.8, 8.7, 8.5],
			"to": [16.8, 11.7, 13.5],
			"rotation": {"angle": -45, "axis": "z", "origin": [13.8, 8.7, 3]},
			"faces": {
				"north": {"uv": [0, 4, 5, 7], "texture": "#3"},
				"east": {"uv": [5, 4, 0, 7], "texture": "#3"},
				"south": {"uv": [0, 4, 5, 7], "texture": "#3"},
				"west": {"uv": [5, 4, 0, 7], "texture": "#3"},
				"up": {"uv": [0, 0, 5, 5], "texture": "#3"}
			}
		},
		{
			"from": [11.8, 8.7, 2.5],
			"to": [16.8, 11.7, 7.5],
			"rotation": {"angle": -45, "axis": "z", "origin": [13.8, 8.7, 3]},
			"faces": {
				"north": {"uv": [0, 4, 5, 7], "texture": "#3"},
				"east": {"uv": [5, 4, 0, 7], "texture": "#3"},
				"south": {"uv": [0, 4, 5, 7], "texture": "#3"},
				"west": {"uv": [5, 4, 0, 7], "texture": "#3"},
				"up": {"uv": [0, 0, 5, 5], "texture": "#3"}
			}
		},
		{
			"from": [1, 4, 4],
			"to": [3, 6, 12],
			"rotation": {"angle": 0, "axis": "y", "origin": [1, 4, 4]},
			"faces": {
				"north": {"uv": [14, 0, 16, 2], "texture": "#3"},
				"east": {"uv": [6, 0, 14, 2], "texture": "#3"},
				"south": {"uv": [14, 2, 16, 0], "texture": "#3"},
				"west": {"uv": [6, 2, 14, 0], "texture": "#3"},
				"up": {"uv": [6, 0, 14, 2], "rotation": 90, "texture": "#3"},
				"down": {"uv": [6, 0, 14, 2], "rotation": 90, "texture": "#3"}
			}
		},
		{
			"from": [2, 4, 0],
			"to": [2, 11, 9],
			"rotation": {"angle": 0, "axis": "y", "origin": [0, 4, -1]},
			"faces": {
				"east": {"uv": [14, 2, 5, 9], "texture": "#3"},
				"west": {"uv": [5, 2, 14, 9], "texture": "#3"}
			}
		},
		{
			"from": [13, 4, 4],
			"to": [15, 6, 12],
			"rotation": {"angle": 0, "axis": "y", "origin": [13, 4, 4]},
			"faces": {
				"north": {"uv": [14, 0, 16, 2], "texture": "#3"},
				"east": {"uv": [6, 0, 14, 2], "texture": "#3"},
				"south": {"uv": [14, 2, 16, 0], "texture": "#3"},
				"west": {"uv": [6, 2, 14, 0], "texture": "#3"},
				"up": {"uv": [6, 0, 14, 2], "rotation": 90, "texture": "#3"},
				"down": {"uv": [6, 0, 14, 2], "rotation": 90, "texture": "#3"}
			}
		},
		{
			"from": [14, 4, 0],
			"to": [14, 11, 9],
			"rotation": {"angle": 0, "axis": "y", "origin": [12, 4, -1]},
			"faces": {
				"east": {"uv": [14, 2, 5, 9], "texture": "#3"},
				"west": {"uv": [5, 2, 14, 9], "texture": "#3"}
			}
		}
	],
	"display": {
		"thirdperson_righthand": {
			"rotation": [75, 45, 0],
			"translation": [0, 2.5, 0],
			"scale": [0.375, 0.375, 0.375]
		},
		"thirdperson_lefthand": {
			"rotation": [75, 45, 0],
			"translation": [0, 2.5, 0],
			"scale": [0.375, 0.375, 0.375]
		},
		"firstperson_righthand": {
			"rotation": [0, 45, 0],
			"scale": [0.4, 0.4, 0.4]
		},
		"firstperson_lefthand": {
			"rotation": [0, -135, 0],
			"scale": [0.4, 0.4, 0.4]
		},
		"ground": {
			"translation": [0, 3, 0],
			"scale": [0.25, 0.25, 0.25]
		},
		"gui": {
			"rotation": [30, -135, 0],
			"scale": [0.625, 0.625, 0.625]
		},
		"fixed": {
			"rotation": [0, -90, 0],
			"scale": [0.5, 0.5, 0.5]
		}
	}
}