{
	"format_version": "1.21.6",
	"credit": "Made with Blockbench",
	"render_type": "cutout",
	"textures": {
		"3": "createdieselgenerators:block/engine_turbocharger",
		"particle": "createdieselgenerators:block/diesel_engine"
	},
	"elements": [
		{
			"from": [-0.5, 8, 8.5],
			"to": [4.5, 11, 13.5],
			"rotation": {"angle": 45, "axis": "z", "origin": [1.5, 7, 3]},
			"faces": {
				"north": {"uv": [0, 4, 5, 7], "texture": "#3"},
				"east": {"uv": [5, 4, 0, 7], "texture": "#3"},
				"south": {"uv": [0, 4, 5, 7], "texture": "#3"},
				"west": {"uv": [5, 4, 0, 7], "texture": "#3"},
				"up": {"uv": [0, 0, 5, 5], "texture": "#3"}
			}
		},
		{
			"from": [14.8, 4.7, 2.5],
			"to": [17.8, 9.7, 7.5],
			"rotation": {"angle": 45, "axis": "z", "origin": [13.8, 7.7, 3]},
			"faces": {
				"north": {"uv": [0, 4, 5, 7], "rotation": 270, "texture": "#3"},
				"east": {"uv": [0, 0, 5, 5], "rotation": 90, "texture": "#3"},
				"south": {"uv": [0, 4, 5, 7], "rotation": 90, "texture": "#3"},
				"up": {"uv": [5, 4, 0, 7], "rotation": 90, "texture": "#3"},
				"down": {"uv": [5, 4, 0, 7], "rotation": 90, "texture": "#3"}
			}
		},
		{
			"from": [14.8, 4.7, 8.5],
			"to": [17.8, 9.7, 13.5],
			"rotation": {"angle": 45, "axis": "z", "origin": [13.8, 7.7, 3]},
			"faces": {
				"north": {"uv": [0, 4, 5, 7], "rotation": 270, "texture": "#3"},
				"east": {"uv": [0, 0, 5, 5], "rotation": 90, "texture": "#3"},
				"south": {"uv": [0, 4, 5, 7], "rotation": 90, "texture": "#3"},
				"up": {"uv": [5, 4, 0, 7], "rotation": 90, "texture": "#3"},
				"down": {"uv": [5, 4, 0, 7], "rotation": 90, "texture": "#3"}
			}
		},
		{
			"from": [-0.5, 8, 2.5],
			"to": [4.5, 11, 7.5],
			"rotation": {"angle": 45, "axis": "z", "origin": [1.5, 7, 3]},
			"faces": {
				"north": {"uv": [0, 4, 5, 7], "texture": "#3"},
				"east": {"uv": [5, 4, 0, 7], "texture": "#3"},
				"south": {"uv": [0, 4, 5, 7], "texture": "#3"},
				"west": {"uv": [5, 4, 0, 7], "texture": "#3"},
				"up": {"uv": [0, 0, 5, 5], "texture": "#3"}
			}
		},
		{
			"from": [0.01, 4.01, 3.01],
			"to": [2.99, 9.99, 8.99],
			"rotation": {"angle": 0, "axis": "y", "origin": [0, 0, 2]},
			"faces": {
				"north": {"uv": [11, 6, 5, 9], "rotation": 90, "texture": "#3"},
				"east": {"uv": [5, 0, 11, 6], "texture": "#3"},
				"south": {"uv": [5, 9, 11, 6], "rotation": 90, "texture": "#3"},
				"west": {"uv": [11, 0, 5, 6], "texture": "#3"},
				"up": {"uv": [11, 6, 5, 9], "rotation": 90, "texture": "#3"},
				"down": {"uv": [11, 6, 5, 9], "rotation": 90, "texture": "#3"}
			}
		},
		{
			"from": [0, 6, 1],
			"to": [3, 10, 3],
			"rotation": {"angle": 0, "axis": "y", "origin": [0, 0, 2]},
			"faces": {
				"north": {"uv": [12, 0, 15, 4], "texture": "#3"},
				"east": {"uv": [11, 0, 13, 4], "texture": "#3"},
				"west": {"uv": [13, 0, 11, 4], "texture": "#3"},
				"up": {"uv": [10, 0, 13, 2], "texture": "#3"},
				"down": {"uv": [10, 3, 12, 6], "rotation": 270, "texture": "#3"}
			}
		},
		{
			"from": [13, 6, 13],
			"to": [16, 10, 15],
			"rotation": {"angle": 0, "axis": "y", "origin": [16.75, 7.5, 0]},
			"faces": {
				"east": {"uv": [13, 0, 11, 4], "texture": "#3"},
				"south": {"uv": [12, 0, 15, 4], "texture": "#3"},
				"west": {"uv": [11, 0, 13, 4], "texture": "#3"},
				"up": {"uv": [10, 0, 13, 2], "rotation": 180, "texture": "#3"},
				"down": {"uv": [10, 3, 12, 6], "rotation": 90, "texture": "#3"}
			}
		},
		{
			"from": [13.01, 4.01, 7.01],
			"to": [15.99, 9.99, 12.99],
			"rotation": {"angle": 0, "axis": "y", "origin": [16.75, 7.5, 0]},
			"faces": {
				"north": {"uv": [5, 9, 11, 6], "rotation": 90, "texture": "#3"},
				"east": {"uv": [11, 0, 5, 6], "texture": "#3"},
				"south": {"uv": [11, 6, 5, 9], "rotation": 90, "texture": "#3"},
				"west": {"uv": [5, 0, 11, 6], "texture": "#3"},
				"up": {"uv": [11, 6, 5, 9], "rotation": 270, "texture": "#3"},
				"down": {"uv": [11, 6, 5, 9], "rotation": 270, "texture": "#3"}
			}
		}
	],
	"display": {
		"thirdperson_righthand": {
			"rotation": [75, 45, 0],
			"translation": [0, 2.5, 0],
			"scale": [0.375, 0.375, 0.375]
		},
		"thirdperson_lefthand": {
			"rotation": [75, 45, 0],
			"translation": [0, 2.5, 0],
			"scale": [0.375, 0.375, 0.375]
		},
		"firstperson_righthand": {
			"rotation": [0, 45, 0],
			"scale": [0.4, 0.4, 0.4]
		},
		"firstperson_lefthand": {
			"rotation": [0, -135, 0],
			"scale": [0.4, 0.4, 0.4]
		},
		"ground": {
			"translation": [0, 3, 0],
			"scale": [0.25, 0.25, 0.25]
		},
		"gui": {
			"rotation": [30, -135, 0],
			"scale": [0.625, 0.625, 0.625]
		},
		"fixed": {
			"rotation": [0, -90, 0],
			"scale": [0.5, 0.5, 0.5]
		}
	}
}