{
	"credit": "Made with Blockbench",
	"render_type": "cutout",
	"textures": {
		"3": "createdieselgenerators:block/engine_silencer",
		"particle": "createdieselgenerators:block/diesel_engine"
	},
	"elements": [
		{
			"from": [3.1, 8.5, -1.75],
			"to": [8.1, 13.5, 1.25],
			"rotation": {"angle": 45, "axis": "y", "origin": [5.6, 11, 2.75]},
			"faces": {
				"north": {"uv": [0, 0, 5, 5], "rotation": 180, "texture": "#3"},
				"east": {"uv": [5, 4, 0, 7], "rotation": 90, "texture": "#3"},
				"west": {"uv": [5, 4, 0, 7], "rotation": 270, "texture": "#3"},
				"up": {"uv": [0, 4, 5, 7], "texture": "#3"},
				"down": {"uv": [0, 4, 5, 7], "rotation": 180, "texture": "#3"}
			}
		},
		{
			"from": [3.1, 2.5, -1.75],
			"to": [8.1, 7.5, 1.25],
			"rotation": {"angle": 45, "axis": "y", "origin": [5.6, 11, 2.75]},
			"faces": {
				"north": {"uv": [0, 0, 5, 5], "rotation": 180, "texture": "#3"},
				"east": {"uv": [5, 4, 0, 7], "rotation": 90, "texture": "#3"},
				"west": {"uv": [5, 4, 0, 7], "rotation": 270, "texture": "#3"},
				"up": {"uv": [0, 4, 5, 7], "texture": "#3"},
				"down": {"uv": [0, 4, 5, 7], "rotation": 180, "texture": "#3"}
			}
		},
		{
			"from": [10.97868, 8.5, -1.87132],
			"to": [13.97868, 13.5, 3.12868],
			"rotation": {"angle": 45, "axis": "y", "origin": [12.47868, 8, 0.62868]},
			"faces": {
				"north": {"uv": [5, 4, 0, 7], "rotation": 270, "texture": "#3"},
				"east": {"uv": [0, 0, 5, 5], "rotation": 180, "texture": "#3"},
				"south": {"uv": [5, 4, 0, 7], "rotation": 90, "texture": "#3"},
				"up": {"uv": [0, 4, 5, 7], "rotation": 90, "texture": "#3"},
				"down": {"uv": [0, 4, 5, 7], "rotation": 90, "texture": "#3"}
			}
		},
		{
			"from": [10.97868, 2.5, -1.87132],
			"to": [13.97868, 7.5, 3.12868],
			"rotation": {"angle": 45, "axis": "y", "origin": [12.47868, 8, 0.62868]},
			"faces": {
				"north": {"uv": [5, 4, 0, 7], "rotation": 270, "texture": "#3"},
				"east": {"uv": [0, 0, 5, 5], "rotation": 180, "texture": "#3"},
				"south": {"uv": [5, 4, 0, 7], "rotation": 90, "texture": "#3"},
				"up": {"uv": [0, 4, 5, 7], "rotation": 90, "texture": "#3"},
				"down": {"uv": [0, 4, 5, 7], "rotation": 90, "texture": "#3"}
			}
		},
		{
			"from": [7, 4.5, 0.25],
			"to": [9, 12.5, 2.25],
			"rotation": {"angle": 0, "axis": "z", "origin": [6.75, 10.25, 1.25]},
			"faces": {
				"north": {"uv": [6, 2, 14, 0], "rotation": 90, "texture": "#3"},
				"east": {"uv": [6, 2, 14, 0], "rotation": 270, "texture": "#3"},
				"south": {"uv": [6, 0, 14, 2], "rotation": 270, "texture": "#3"},
				"west": {"uv": [6, 0, 14, 2], "rotation": 90, "texture": "#3"},
				"up": {"uv": [14, 0, 16, 2], "rotation": 270, "texture": "#3"},
				"down": {"uv": [14, 2, 16, 0], "rotation": 270, "texture": "#3"}
			}
		},
		{
			"from": [2, 7.5, 1.25],
			"to": [9, 16.5, 1.25],
			"rotation": {"angle": 0, "axis": "z", "origin": [6.75, 10.25, 1.25]},
			"faces": {
				"north": {"uv": [5, 2, 14, 9], "rotation": 90, "texture": "#3"},
				"south": {"uv": [14, 2, 5, 9], "rotation": 270, "texture": "#3"}
			}
		},
		{
			"from": [7, 0.5, 1],
			"to": [14, 9.5, 1],
			"rotation": {"angle": 0, "axis": "z", "origin": [19, 7, 1]},
			"faces": {
				"north": {"uv": [5, 2, 14, 9], "rotation": 270, "texture": "#3"},
				"south": {"uv": [14, 2, 5, 9], "rotation": 90, "texture": "#3"}
			}
		}
	],
	"display": {
		"thirdperson_righthand": {
			"rotation": [75, 45, 0],
			"translation": [0, 2.5, 0],
			"scale": [0.375, 0.375, 0.375]
		},
		"thirdperson_lefthand": {
			"rotation": [75, 45, 0],
			"translation": [0, 2.5, 0],
			"scale": [0.375, 0.375, 0.375]
		},
		"firstperson_righthand": {
			"rotation": [0, 45, 0],
			"scale": [0.4, 0.4, 0.4]
		},
		"firstperson_lefthand": {
			"rotation": [0, 225, 0],
			"scale": [0.4, 0.4, 0.4]
		},
		"ground": {
			"translation": [0, 3, 0],
			"scale": [0.25, 0.25, 0.25]
		},
		"gui": {
			"rotation": [30, 225, 0],
			"scale": [0.625, 0.625, 0.625]
		},
		"fixed": {
			"rotation": [0, -90, 0],
			"scale": [0.5, 0.5, 0.5]
		}
	}
}