{
	"format_version": "1.21.6",
	"credit": "Made with Blockbench",
	"ambientocclusion": false,
	"textures": {
		"particle": "farmersdelight:block/skillet_side",
		"side": "farmersdelight:block/skillet_side",
		"top": "farmersdelight:block/skillet_top",
		"bottom": "farmersdelight:block/skillet_bottom",
		"tray_top": "farmersdelight:block/cooking_pot_tray_top",
		"tray_side": "farmersdelight:block/cooking_pot_tray_side"
	},
	"elements": [
		{
			"name": "bottom",
			"from": [1, 0, 1],
			"to": [15, 1, 15],
			"faces": {
				"north": {"uv": [1, 3, 15, 4], "texture": "#side"},
				"east": {"uv": [1, 3, 15, 4], "texture": "#side"},
				"south": {"uv": [1, 3, 15, 4], "texture": "#side"},
				"west": {"uv": [1, 3, 15, 4], "texture": "#side"},
				"up": {"uv": [1, 1, 15, 15], "texture": "#top"},
				"down": {"uv": [1, 1, 15, 15], "texture": "#bottom", "cullface": "down"}
			}
		},
		{
			"name": "side north",
			"from": [1, 1, 1],
			"to": [15, 4, 2],
			"faces": {
				"north": {"uv": [1, 0, 15, 3], "texture": "#side"},
				"east": {"uv": [14, 0, 15, 3], "texture": "#side"},
				"south": {"uv": [1, 0, 15, 3], "texture": "#side"},
				"west": {"uv": [1, 0, 2, 3], "texture": "#side"},
				"up": {"uv": [1, 1, 15, 2], "texture": "#top"}
			}
		},
		{
			"name": "side south",
			"from": [1, 1, 14],
			"to": [15, 4, 15],
			"faces": {
				"north": {"uv": [1, 0, 15, 3], "texture": "#side"},
				"east": {"uv": [14, 0, 15, 3], "texture": "#side"},
				"south": {"uv": [1, 0, 15, 3], "texture": "#side"},
				"west": {"uv": [1, 0, 2, 3], "texture": "#side"},
				"up": {"uv": [1, 1, 15, 2], "texture": "#top"}
			}
		},
		{
			"name": "side west",
			"from": [1, 1, 2],
			"to": [2, 4, 14],
			"faces": {
				"east": {"uv": [2, 0, 14, 3], "texture": "#side"},
				"west": {"uv": [2, 0, 14, 3], "texture": "#side"},
				"up": {"uv": [1, 2, 2, 14], "texture": "#top"}
			}
		},
		{
			"name": "side east",
			"from": [14, 1, 2],
			"to": [15, 4, 14],
			"faces": {
				"east": {"uv": [2, 0, 14, 3], "texture": "#side"},
				"west": {"uv": [2, 0, 14, 3], "texture": "#side"},
				"up": {"uv": [1, 2, 2, 14], "texture": "#top"}
			}
		},
		{
			"name": "handle",
			"from": [7, 1, 15],
			"to": [9, 3, 27],
			"faces": {
				"north": {"uv": [7, 14, 9, 16], "texture": "#side"},
				"east": {"uv": [9, 4, 11, 16], "rotation": 90, "texture": "#side"},
				"south": {"uv": [3, 14, 5, 16], "texture": "#side"},
				"west": {"uv": [5, 4, 7, 16], "rotation": 270, "texture": "#side"},
				"up": {"uv": [7, 4, 9, 16], "texture": "#side"},
				"down": {"uv": [11, 4, 13, 16], "rotation": 180, "texture": "#side"}
			}
		},
		{
			"name": "grate",
			"from": [0.3168, -1.1386, 0.3168],
			"to": [15.6832, -0.1782, 15.6832],
			"rotation": {"angle": 0, "axis": "y", "origin": [0.3168, -0.1782, 0.3168]},
			"faces": {
				"north": {"uv": [0, 0, 16, 1], "texture": "#tray_top"},
				"east": {"uv": [0, 0, 16, 1], "texture": "#tray_top"},
				"south": {"uv": [0, 0, 16, 1], "texture": "#tray_top"},
				"west": {"uv": [0, 0, 16, 1], "texture": "#tray_top"},
				"up": {"uv": [0, 0, 16, 16], "texture": "#tray_top"},
				"down": {"uv": [0, 0, 16, 16], "texture": "#tray_top"}
			}
		},
		{
			"name": "leg SE",
			"from": [14.7228, -16, 14.7228],
			"to": [15.6832, -1.1386, 15.6832],
			"rotation": {"angle": 0, "axis": "y", "origin": [0.3168, -0.1782, 0.3168]},
			"faces": {
				"north": {"uv": [0, 1, 1, 16], "texture": "#tray_side"},
				"east": {"uv": [0, 1, 1, 16], "texture": "#tray_side"},
				"south": {"uv": [15, 1, 16, 16], "texture": "#tray_side"},
				"west": {"uv": [15, 1, 16, 16], "texture": "#tray_side"},
				"up": {"uv": [0, 0, 0.5, 0.5], "texture": "#tray_side"},
				"down": {"uv": [0, 0, 0.5, 0.5], "texture": "#tray_side"}
			}
		},
		{
			"name": "leg SW",
			"from": [0.3168, -16, 14.7228],
			"to": [1.2772, -1.1386, 15.6832],
			"rotation": {"angle": 0, "axis": "y", "origin": [0.3168, -0.1782, 0.3168]},
			"faces": {
				"north": {"uv": [15, 1, 16, 16], "texture": "#tray_side"},
				"east": {"uv": [0, 1, 1, 16], "texture": "#tray_side"},
				"south": {"uv": [0, 1, 1, 16], "texture": "#tray_side"},
				"west": {"uv": [15, 1, 16, 16], "texture": "#tray_side"},
				"up": {"uv": [0, 0, 0.5, 0.5], "texture": "#tray_side"},
				"down": {"uv": [0, 0, 0.5, 0.5], "texture": "#tray_side"}
			}
		},
		{
			"name": "leg NE",
			"from": [14.7228, -16, 0.3168],
			"to": [15.6832, -1.1386, 1.2772],
			"rotation": {"angle": 0, "axis": "y", "origin": [0.3168, -0.1782, 0.3168]},
			"faces": {
				"north": {"uv": [0, 1, 1, 16], "texture": "#tray_side"},
				"east": {"uv": [15, 1, 16, 16], "texture": "#tray_side"},
				"south": {"uv": [15, 1, 16, 16], "texture": "#tray_side"},
				"west": {"uv": [0, 1, 1, 16], "texture": "#tray_side"},
				"up": {"uv": [0, 0, 0.5, 0.5], "texture": "#tray_side"},
				"down": {"uv": [0, 0, 0.5, 0.5], "texture": "#tray_side"}
			}
		},
		{
			"name": "leg NW",
			"from": [0.3168, -16, 0.3168],
			"to": [1.2772, -1.1386, 1.2772],
			"rotation": {"angle": 0, "axis": "y", "origin": [0.3168, -0.1782, 0.3168]},
			"faces": {
				"north": {"uv": [15, 1, 16, 16], "texture": "#tray_side"},
				"east": {"uv": [15, 1, 16, 16], "texture": "#tray_side"},
				"south": {"uv": [0, 1, 1, 16], "texture": "#tray_side"},
				"west": {"uv": [0, 1, 1, 16], "texture": "#tray_side"},
				"up": {"uv": [0, 0, 0.5, 0.5], "texture": "#tray_side"},
				"down": {"uv": [0, 0, 0.5, 0.5], "texture": "#tray_side"}
			}
		}
	],
	"groups": [
		{
			"name": "pan",
			"origin": [8, 8, 8],
			"color": 0,
			"children": [0, 1, 2, 3, 4]
		},
		5,
		{
			"name": "tray",
			"origin": [8, 8, 8],
			"color": 0,
			"children": [6, 7, 8, 9, 10]
		}
	]
}