{
    "parent": "item/handheld",
    "textures": {
        "layer0": "precisionprospecting:item/metal/mineral_prospector/black_steel_0"
    },
    "overrides": [
        {
            "predicate": {
                "damaged": 1,
                "damage": 0.4
            },
            "model": "precisionprospecting:item/metal/mineral_prospector/damage/black_steel_1"
        },
        {
            "predicate": {
                "damaged": 1,
                "damage": 0.8
            },
            "model": "precisionprospecting:item/metal/mineral_prospector/damage/black_steel_2"
        },
        {
            "predicate": {
                "damaged": 1,
                "damage": 0.95
            },
            "model": "precisionprospecting:item/metal/mineral_prospector/damage/black_steel_3"
        }
    ]
}