{
    "parent": "item/handheld",
    "textures": {
        "layer0": "tfc:item/metal/axe/red_steel_0"
    },
    "overrides": [
        {
            "predicate": {
                "damaged": 1,
                "damage": 0.40
            },
            "model": "tfc:item/metal/axe/damage/red_steel_1"
        },
        {
            "predicate": {
                "damaged": 1,
                "damage": 0.80
            },
            "model": "tfc:item/metal/axe/damage/red_steel_2"
        },
        {
            "predicate": {
                "damaged": 1,
                "damage": 0.95
            },
            "model": "tfc:item/metal/axe/damage/red_steel_3"
        }
    ]
}