{
	"format_version": "1.21.6",
	"credit": "Made with Blockbench",
	"render_type": "cutout",
	"texture_size": [32, 32],
	"textures": {
		"0": "createdieselgenerators:block/engine_piston_block",
		"2": "create:block/cam_linkage",
		"3": "create:block/axis_top",
		"5": "create:block/axis",
		"particle": "createdieselgenerators:block/engine_piston_block"
	},
	"elements": [
		{
			"from": [12.6, 12.6, 16.1],
			"to": [3.4, 3.4, -0.1],
			"rotation": {"angle": 0, "axis": "y", "origin": [1, 9, 15]},
			"faces": {
				"east": {"uv": [9, 11, 16, 15], "texture": "#0"},
				"west": {"uv": [9, 11, 16, 15], "texture": "#0"},
				"up": {"uv": [9, 11, 16, 15], "rotation": 90, "texture": "#0"},
				"down": {"uv": [9, 11, 16, 15], "rotation": 90, "texture": "#0"}
			}
		},
		{
			"from": [4, 4, -2],
			"to": [12, 12, 4],
			"rotation": {"angle": 0, "axis": "y", "origin": [8, 7, 15]},
			"faces": {
				"north": {"uv": [9.5, 7, 13.5, 11], "texture": "#0"},
				"east": {"uv": [16, 7, 13.5, 11], "rotation": 180, "texture": "#0"},
				"west": {"uv": [13.5, 7, 16, 11], "rotation": 180, "texture": "#0"},
				"up": {"uv": [13.5, 11, 16, 7], "rotation": 90, "texture": "#0"},
				"down": {"uv": [13.5, 7, 16, 11], "rotation": 90, "texture": "#0"}
			}
		},
		{
			"from": [4, 4, 12],
			"to": [12, 12, 18],
			"faces": {
				"north": {"uv": [9.5, 7, 13.5, 11], "texture": "#0"},
				"east": {"uv": [13.5, 7, 16, 11], "rotation": 180, "texture": "#0"},
				"south": {"uv": [9.5, 7, 13.5, 11], "texture": "#0"},
				"west": {"uv": [16, 7, 13.5, 11], "rotation": 180, "texture": "#0"},
				"up": {"uv": [13.5, 11, 16, 7], "rotation": 90, "texture": "#0"},
				"down": {"uv": [13.5, 7, 16, 11], "rotation": 90, "texture": "#0"}
			}
		},
		{
			"from": [5, 5, -14.5],
			"to": [11, 11, 4.5],
			"rotation": {"angle": 0, "axis": "y", "origin": [8, 12.5, 8]},
			"faces": {
				"north": {"uv": [4, 3.5, 7, 6.5], "rotation": 180, "texture": "#2"},
				"east": {"uv": [1, 6.5, 4, 16], "rotation": 90, "texture": "#2"},
				"west": {"uv": [1, 6.5, 4, 16], "rotation": 270, "texture": "#2"},
				"up": {"uv": [4, 6.5, 7, 16], "texture": "#2"},
				"down": {"uv": [4, 6.5, 7, 16], "rotation": 180, "texture": "#2"}
			}
		},
		{
			"from": [6, 5.1, -15.5],
			"to": [10, 11.1, -7.5],
			"rotation": {"angle": 0, "axis": "x", "origin": [8, 18, -4.5]},
			"faces": {
				"north": {"uv": [8.5, 14, 10.5, 11], "rotation": 180, "texture": "#2"},
				"east": {"uv": [10.5, 14, 14.5, 11], "rotation": 180, "texture": "#2"},
				"south": {"uv": [8.5, 14, 10.5, 11], "rotation": 180, "texture": "#2"},
				"west": {"uv": [10.5, 14, 14.5, 11], "rotation": 180, "texture": "#2"},
				"up": {"uv": [14.5, 9, 10.5, 11], "rotation": 270, "texture": "#2"},
				"down": {"uv": [10.5, 9, 14.5, 11], "rotation": 90, "texture": "#2"}
			}
		},
		{
			"from": [6, 11.1, -13.5],
			"to": [10, 16.1, -9.5],
			"rotation": {"angle": 0, "axis": "x", "origin": [8, 18, -4.5]},
			"faces": {
				"north": {"uv": [0, 0, 2, 2.5], "texture": "#0"},
				"east": {"uv": [0, 0, 2, 2.5], "texture": "#0"},
				"south": {"uv": [0, 0, 2, 2.5], "texture": "#0"},
				"west": {"uv": [0, 0, 2, 2.5], "texture": "#0"}
			}
		},
		{
			"from": [1.98, 18.98, -14.51],
			"to": [5.02, 25.02, -8.47],
			"faces": {
				"north": {"uv": [9.5, 1.5, 11, 4.5], "texture": "#2"},
				"east": {"uv": [11, 1.5, 14, 4.5], "texture": "#2"},
				"south": {"uv": [9.5, 1.5, 11, 4.5], "texture": "#2"},
				"west": {"uv": [11, 1.5, 14, 4.5], "texture": "#2"},
				"up": {"uv": [11, 0, 14, 1.5], "rotation": 90, "texture": "#2"},
				"down": {"uv": [11, 4.5, 14, 6], "rotation": 90, "texture": "#2"}
			}
		},
		{
			"from": [0, 20, -13.5],
			"to": [2, 24, -9.5],
			"rotation": {"angle": 0, "axis": "z", "origin": [8, 8, 8]},
			"faces": {
				"north": {"uv": [6, 0, 10, 2], "rotation": 270, "texture": "#5"},
				"east": {"uv": [0, 0, 0, 0], "rotation": 270, "texture": "#3"},
				"south": {"uv": [6, 0, 10, 2], "rotation": 90, "texture": "#5"},
				"west": {"uv": [6, 6, 10, 10], "rotation": 270, "texture": "#3"},
				"up": {"uv": [6, 0, 10, 2], "rotation": 90, "texture": "#5"},
				"down": {"uv": [6, 0, 10, 2], "rotation": 270, "texture": "#5"}
			}
		},
		{
			"from": [14, 20, -13.5],
			"to": [16, 24, -9.5],
			"rotation": {"angle": 0, "axis": "z", "origin": [8, 8, 8]},
			"faces": {
				"north": {"uv": [6, 0, 10, 2], "rotation": 90, "texture": "#5"},
				"east": {"uv": [6, 6, 10, 10], "rotation": 90, "texture": "#3"},
				"south": {"uv": [6, 0, 10, 2], "rotation": 270, "texture": "#5"},
				"west": {"uv": [0, 0, 0, 0], "rotation": 270, "texture": "#3"},
				"up": {"uv": [6, 0, 10, 2], "rotation": 90, "texture": "#5"},
				"down": {"uv": [6, 0, 10, 2], "rotation": 270, "texture": "#5"}
			}
		},
		{
			"from": [10, 15, -14.5],
			"to": [13, 21, -8.5],
			"faces": {
				"north": {"uv": [9.5, 1.5, 11, 4.5], "rotation": 180, "texture": "#2"},
				"east": {"uv": [11, 1.5, 14, 4.5], "rotation": 180, "texture": "#2"},
				"south": {"uv": [9.5, 1.5, 11, 4.5], "rotation": 180, "texture": "#2"},
				"west": {"uv": [11, 1.5, 14, 4.5], "rotation": 180, "texture": "#2"},
				"up": {"uv": [11, 4.5, 14, 6], "rotation": 270, "texture": "#2"},
				"down": {"uv": [11, 0, 14, 1.5], "rotation": 270, "texture": "#2"}
			}
		},
		{
			"from": [10.98, 18.98, -14.51],
			"to": [14.02, 25.02, -8.47],
			"faces": {
				"north": {"uv": [9.5, 1.5, 11, 4.5], "texture": "#2"},
				"east": {"uv": [11, 1.5, 14, 4.5], "texture": "#2"},
				"south": {"uv": [9.5, 1.5, 11, 4.5], "texture": "#2"},
				"west": {"uv": [11, 1.5, 14, 4.5], "texture": "#2"},
				"up": {"uv": [11, 0, 14, 1.5], "rotation": 270, "texture": "#2"},
				"down": {"uv": [11, 4.5, 14, 6], "rotation": 270, "texture": "#2"}
			}
		},
		{
			"from": [3, 15, -14.5],
			"to": [6, 21, -8.5],
			"faces": {
				"north": {"uv": [9.5, 1.5, 11, 4.5], "rotation": 180, "texture": "#2"},
				"east": {"uv": [11, 1.5, 14, 4.5], "rotation": 180, "texture": "#2"},
				"south": {"uv": [9.5, 1.5, 11, 4.5], "rotation": 180, "texture": "#2"},
				"west": {"uv": [11, 1.5, 14, 4.5], "rotation": 180, "texture": "#2"},
				"up": {"uv": [11, 4.5, 14, 6], "rotation": 90, "texture": "#2"},
				"down": {"uv": [11, 0, 14, 1.5], "rotation": 90, "texture": "#2"}
			}
		},
		{
			"from": [6, 15, -14.5],
			"to": [10, 21, -8.5],
			"faces": {
				"north": {"uv": [0, 2.5, 2, 5.5], "rotation": 180, "texture": "#0"},
				"east": {"uv": [11, 1.5, 14, 4.5], "rotation": 180, "texture": "#0"},
				"south": {"uv": [0, 2.5, 2, 5.5], "rotation": 180, "texture": "#0"},
				"west": {"uv": [11, 1.5, 14, 4.5], "rotation": 180, "texture": "#0"},
				"up": {"uv": [0, 2.5, 2, 5.5], "texture": "#0"},
				"down": {"uv": [0, 2.5, 2, 5.5], "texture": "#0"}
			}
		},
		{
			"from": [0, 0, 0],
			"to": [16, 16, 16],
			"rotation": {"angle": 0, "axis": "x", "origin": [8, 8, 8]},
			"faces": {
				"north": {"uv": [9, 0, 16, 7], "rotation": 180, "texture": "#0"},
				"east": {"uv": [2, 0, 9, 7], "rotation": 270, "texture": "#0"},
				"south": {"uv": [9, 0, 16, 7], "rotation": 180, "texture": "#0"},
				"west": {"uv": [2, 0, 9, 7], "rotation": 90, "texture": "#0"},
				"up": {"uv": [2, 7, 9, 14], "rotation": 180, "texture": "#0"},
				"down": {"uv": [2, 0, 9, 7], "texture": "#0"}
			}
		}
	],
	"display": {
		"thirdperson_righthand": {
			"rotation": [75, 45, 0],
			"translation": [0, 2.5, 0],
			"scale": [0.375, 0.375, 0.375]
		},
		"thirdperson_lefthand": {
			"rotation": [75, 45, 0],
			"translation": [0, 2.5, 0],
			"scale": [0.375, 0.375, 0.375]
		},
		"firstperson_righthand": {
			"rotation": [0, 45, 0],
			"scale": [0.4, 0.4, 0.4]
		},
		"firstperson_lefthand": {
			"rotation": [0, -135, 0],
			"scale": [0.4, 0.4, 0.4]
		},
		"ground": {
			"translation": [0, 3, 0],
			"scale": [0.25, 0.25, 0.25]
		},
		"gui": {
			"rotation": [30, -135, 0],
			"translation": [-2.75, 0, 0],
			"scale": [0.5, 0.5, 0.5]
		},
		"head": {
			"rotation": [90, 0, -180],
			"scale": [0.9, 0.9, 0.9]
		},
		"fixed": {
			"scale": [0.5, 0.5, 0.5]
		}
	},
	"groups": [
		0,
		1,
		2,
		3,
		4,
		5,
		6,
		7,
		8,
		9,
		10,
		11,
		12,
		{
			"name": "group",
			"origin": [8, 8, 8],
			"color": 0,
			"children": [13]
		}
	]
}