{
	"format_version": "1.21.6",
	"credit": "Made with Blockbench",
	"texture_size": [32, 32],
	"textures": {
		"1": "create:block/cam_linkage",
		"particle": "createdieselgenerators:block/engine_piston_block"
	},
	"elements": [
		{
			"from": [1.98, 4.98, 4.99],
			"to": [5.02, 11.02, 11.03],
			"faces": {
				"north": {"uv": [9.5, 1.5, 11, 4.5], "texture": "#1"},
				"east": {"uv": [11, 1.5, 14, 4.5], "texture": "#1"},
				"south": {"uv": [9.5, 1.5, 11, 4.5], "texture": "#1"},
				"west": {"uv": [11, 1.5, 14, 4.5], "texture": "#1"},
				"up": {"uv": [11, 0, 14, 1.5], "rotation": 90, "texture": "#1"},
				"down": {"uv": [11, 4.5, 14, 6], "rotation": 90, "texture": "#1"}
			}
		},
		{
			"from": [10, 1, 5],
			"to": [13, 7, 11],
			"faces": {
				"north": {"uv": [9.5, 1.5, 11, 4.5], "rotation": 180, "texture": "#1"},
				"east": {"uv": [11, 1.5, 14, 4.5], "rotation": 180, "texture": "#1"},
				"south": {"uv": [9.5, 1.5, 11, 4.5], "rotation": 180, "texture": "#1"},
				"west": {"uv": [11, 1.5, 14, 4.5], "rotation": 180, "texture": "#1"},
				"up": {"uv": [11, 4.5, 14, 6], "rotation": 270, "texture": "#1"},
				"down": {"uv": [11, 0, 14, 1.5], "rotation": 270, "texture": "#1"}
			}
		},
		{
			"from": [6, 1, 5],
			"to": [10, 7, 11],
			"rotation": {"angle": 45, "axis": "x", "origin": [8, 4, 8]},
			"faces": {
				"north": {"uv": [0, 2.5, 2, 5.5], "rotation": 180, "texture": "#particle"},
				"east": {"uv": [10, 7.5, 13, 10.5], "rotation": 180, "texture": "#particle"},
				"south": {"uv": [0, 2.5, 2, 5.5], "rotation": 180, "texture": "#particle"},
				"west": {"uv": [10, 7.5, 13, 10.5], "rotation": 180, "texture": "#particle"},
				"up": {"uv": [0, 2.5, 2, 5.5], "rotation": 180, "texture": "#particle"},
				"down": {"uv": [0, 2.5, 2, 5.5], "rotation": 180, "texture": "#particle"}
			}
		},
		{
			"from": [10.98, 4.98, 4.99],
			"to": [14.02, 11.02, 11.03],
			"faces": {
				"north": {"uv": [9.5, 1.5, 11, 4.5], "texture": "#1"},
				"east": {"uv": [11, 1.5, 14, 4.5], "texture": "#1"},
				"south": {"uv": [9.5, 1.5, 11, 4.5], "texture": "#1"},
				"west": {"uv": [11, 1.5, 14, 4.5], "texture": "#1"},
				"up": {"uv": [11, 0, 14, 1.5], "rotation": 270, "texture": "#1"},
				"down": {"uv": [11, 4.5, 14, 6], "rotation": 270, "texture": "#1"}
			}
		},
		{
			"from": [3, 1, 5],
			"to": [6, 7, 11],
			"faces": {
				"north": {"uv": [9.5, 1.5, 11, 4.5], "rotation": 180, "texture": "#1"},
				"east": {"uv": [11, 1.5, 14, 4.5], "rotation": 180, "texture": "#1"},
				"south": {"uv": [9.5, 1.5, 11, 4.5], "rotation": 180, "texture": "#1"},
				"west": {"uv": [11, 1.5, 14, 4.5], "rotation": 180, "texture": "#1"},
				"up": {"uv": [11, 4.5, 14, 6], "rotation": 90, "texture": "#1"},
				"down": {"uv": [11, 0, 14, 1.5], "rotation": 90, "texture": "#1"}
			}
		}
	]
}