{
	"format_version": "1.8.0",
	"animations": {
		"axe_sneak": {
			"loop": true,
			"animation_length": 1.75,
			"bones": {
				"head": {
					"position": {
						"0.0": {
							"vector": [0, -4, 5]
						},
						"0.2083": {
							"vector": [0, -4.3, 6.5]
						},
						"0.3333": {
							"vector": [0.5, -4.3, 3]
						},
						"0.4583": {
							"vector": [0.5, -4.3, 3.4]
						},
						"0.5833": {
							"vector": [0, -4, 5]
						},
						"0.7917": {
							"vector": [0, -4.3, 6.5]
						},
						"0.9167": {
							"vector": [0.5, -4.3, 3]
						},
						"1.0417": {
							"vector": [0.5, -4.3, 3.4]
						},
						"1.1667": {
							"vector": [0, -4, 5]
						},
						"1.375": {
							"vector": [0, -4.3, 6.5]
						},
						"1.5": {
							"vector": [0.5, -4.3, 3]
						},
						"1.625": {
							"vector": [0.5, -4.3, 3.4]
						},
						"1.75": {
							"vector": [0, -4, 5]
						}
					}
				},
				"torso": {
					"rotation": {
						"0.0": {
							"vector": [0, 0, 0]
						},
						"0.2083": {
							"vector": [-10.45107, 22.38126, -1.40458]
						},
						"0.3333": {
							"vector": [10.51859, -24.8805, -1.43166]
						},
						"0.4583": {
							"vector": [4.87408, -15.03749, 0.44938]
						},
						"0.5833": {
							"vector": [0, 0, 0]
						},
						"0.7917": {
							"vector": [-10.45107, 22.38126, -1.40458]
						},
						"0.9167": {
							"vector": [10.51859, -24.8805, -1.43166]
						},
						"1.0417": {
							"vector": [4.87408, -15.03749, 0.44938]
						},
						"1.1667": {
							"vector": [0, 0, 0]
						},
						"1.375": {
							"vector": [-10.45107, 22.38126, -1.40458]
						},
						"1.5": {
							"vector": [10.51859, -24.8805, -1.43166]
						},
						"1.625": {
							"vector": [4.87408, -15.03749, 0.44938]
						},
						"1.75": {
							"vector": [0, 0, 0]
						}
					},
					"position": {
						"0.0": {
							"vector": [0, -4, 5]
						},
						"0.2083": {
							"vector": [0, -4, 7]
						},
						"0.3333": {
							"vector": [0, -4, 3]
						},
						"0.4583": {
							"vector": [0, -4, 3.5]
						},
						"0.5833": {
							"vector": [0, -4, 5]
						},
						"0.7917": {
							"vector": [0, -4, 7]
						},
						"0.9167": {
							"vector": [0, -4, 3]
						},
						"1.0417": {
							"vector": [0, -4, 3.5]
						},
						"1.1667": {
							"vector": [0, -4, 5]
						},
						"1.375": {
							"vector": [0, -4, 7]
						},
						"1.5": {
							"vector": [0, -4, 3]
						},
						"1.625": {
							"vector": [0, -4, 3.5]
						},
						"1.75": {
							"vector": [0, -4, 5]
						}
					}
				},
				"leftArm": {
					"rotation": {
						"0.0": {
							"vector": [-25.26439, 30, 35.26439]
						},
						"0.2083": {
							"vector": [21.59776, 38.63209, 122.06095]
						},
						"0.25": {
							"vector": [-33.6856, 31.61431, 67.94379]
						},
						"0.3333": {
							"vector": [-62.13918, 8.86042, 4.65468]
						},
						"0.4583": {
							"vector": [-66.6004, 16.57641, 5.51502]
						},
						"0.5833": {
							"vector": [-25.26439, 30, 35.26439]
						},
						"0.7917": {
							"vector": [22.39177, 45.07461, 93.26327]
						},
						"0.9167": {
							"vector": [-75, 0, 0]
						},
						"1.0417": {
							"vector": [-72.15279, 12.06754, 3.28396]
						},
						"1.1667": {
							"vector": [-25.26439, 30, 35.26439]
						},
						"1.375": {
							"vector": [22.39177, 45.07461, 93.26327]
						},
						"1.5": {
							"vector": [-75, 0, 0]
						},
						"1.625": {
							"vector": [-72.15279, 12.06754, 3.28396]
						},
						"1.75": {
							"vector": [-25.26439, 30, 35.26439]
						}
					},
					"position": {
						"0.0": {
							"vector": [-1, -4, 3]
						},
						"0.2083": {
							"vector": [-4, -4, 3]
						},
						"0.3333": {
							"vector": [0, -4.7, 4.5]
						},
						"0.4583": {
							"vector": [0, -4, 5]
						},
						"0.5833": {
							"vector": [-1, -4, 3]
						},
						"0.7917": {
							"vector": [-5, -4, 3]
						},
						"0.9167": {
							"vector": [0, -4, 5]
						},
						"1.0417": {
							"vector": [0, -4, 5]
						},
						"1.1667": {
							"vector": [-1, -4, 3]
						},
						"1.375": {
							"vector": [-5, -4, 3]
						},
						"1.5": {
							"vector": [0, -4, 5]
						},
						"1.625": {
							"vector": [0, -4, 5]
						},
						"1.75": {
							"vector": [-1, -4, 3]
						}
					}
				},
				"rightArm": {
					"rotation": {
						"0.0": {
							"vector": [-39.3569, -7.13136, -10.29284]
						},
						"0.2083": {
							"vector": [-146.7717, 52.84562, -27.6463]
						},
						"0.25": {
							"vector": [-100.42229, 17.62556, -43.93918]
						},
						"0.3333": {
							"vector": [-21.76981, -15.12955, -48.18144]
						},
						"0.4583": {
							"vector": [-35.75508, -14.8281, -49.91133]
						},
						"0.5833": {
							"vector": [-39.3569, -7.13136, -10.29284]
						},
						"0.7917": {
							"vector": [-166.4826, 17.40618, -90.07946]
						},
						"0.9167": {
							"vector": [-20, 0, -72.5]
						},
						"1.0417": {
							"vector": [-42.5, 0, -72.5]
						},
						"1.1667": {
							"vector": [-39.3569, -7.13136, -10.29284]
						},
						"1.375": {
							"vector": [-166.4826, 17.40618, -90.07946]
						},
						"1.5": {
							"vector": [-20, 0, -72.5]
						},
						"1.625": {
							"vector": [-42.5, 0, -72.5]
						},
						"1.75": {
							"vector": [-39.3569, -7.13136, -10.29284]
						}
					},
					"position": {
						"0.0": {
							"vector": [0, -4, 5]
						},
						"0.2083": {
							"vector": [2, -4, 7]
						},
						"0.3333": {
							"vector": [1.6, -3.1, -1]
						},
						"0.4583": {
							"vector": [1.6, -3.1, 1]
						},
						"0.5833": {
							"vector": [0, -4, 5]
						},
						"0.7917": {
							"vector": [2, -4, 7]
						},
						"0.9167": {
							"vector": [1.6, -3.1, -1]
						},
						"1.0417": {
							"vector": [1.6, -3.1, 1]
						},
						"1.1667": {
							"vector": [0, -4, 5]
						},
						"1.375": {
							"vector": [2, -4, 7]
						},
						"1.5": {
							"vector": [1.6, -3.1, -1]
						},
						"1.625": {
							"vector": [1.6, -3.1, 1]
						},
						"1.75": {
							"vector": [0, -4, 5]
						}
					}
				},
				"body": {
					"rotation": {
						"0.0": {
							"vector": [0, 0, 0]
						},
						"0.2083": {
							"vector": [0, 10, 0]
						},
						"0.3333": {
							"vector": [0, -17.5, 0]
						},
						"0.4583": {
							"vector": [0, 0, 0]
						},
						"0.5833": {
							"vector": [0, 0, 0]
						},
						"0.7917": {
							"vector": [0, 10, 0]
						},
						"0.9167": {
							"vector": [0, -17.5, 0]
						},
						"1.0417": {
							"vector": [0, 0, 0]
						},
						"1.1667": {
							"vector": [0, 0, 0]
						},
						"1.375": {
							"vector": [0, 10, 0]
						},
						"1.5": {
							"vector": [0, -17.5, 0]
						},
						"1.625": {
							"vector": [0, 0, 0]
						},
						"1.75": {
							"vector": [0, 0, 0]
						}
					}
				}
			}
		}
	}
}