{
	"format_version": "1.8.0",
	"animations": {
		"climbing_sneak": {
			"loop": true,
			"animation_length": 1.5,
			"bones": {
				"torso": {
					"rotation": {
						"0.0": {
							"vector": [-0.07286, -1.66841, 2.50106]
						},
						"0.25": {
							"vector": [5, 5, 0]
						},
						"0.75": {
							"vector": [0.11629, -1.66261, -4.00169]
						},
						"1.0": {
							"vector": [7.5, -5, 0]
						},
						"1.5": {
							"vector": [-0.07286, -1.66841, 2.50106]
						}
					},
					"position": {
						"0.0": {
							"vector": [0, -4, 0]
						},
						"1.5": {
							"vector": [0, -4, 0]
						}
					}
				},
				"rightArm": {
					"rotation": {
						"0.0": {
							"vector": [-135, 0, 0]
						},
						"0.25": {
							"vector": [-172.5, 0, 0]
						},
						"0.75": {
							"vector": [-127.5, 0, 0]
						},
						"1.5": {
							"vector": [-135, 0, 0]
						}
					},
					"position": {
						"0.0": {
							"vector": [0, -6, 0]
						},
						"0.25": {
							"vector": [0, -6, 2]
						},
						"0.5": {
							"vector": [0, -3, 1]
						},
						"0.75": {
							"vector": [0, -1, 0]
						},
						"1.5": {
							"vector": [0, -6, 0]
						}
					}
				},
				"leftArm": {
					"rotation": {
						"0.0": {
							"vector": [-135, 0, 0]
						},
						"0.75": {
							"vector": [-127.5, 0, 0]
						},
						"1.0": {
							"vector": [-172.5, 0, 0]
						},
						"1.5": {
							"vector": [-135, 0, 0]
						}
					},
					"position": {
						"0.0": {
							"vector": [0, -1, 0]
						},
						"0.75": {
							"vector": [0, -6, 0]
						},
						"1.0": {
							"vector": [0, -6, 2]
						},
						"1.25": {
							"vector": [0, -3, 1]
						},
						"1.5": {
							"vector": [0, -1, 0]
						}
					}
				},
				"rightLeg": {
					"rotation": {
						"0.0": {
							"vector": [-14.96271, 0.86717, 4.92442]
						},
						"0.25": {
							"vector": [-14.93194, 1.09678, 6.23809]
						},
						"0.5": {
							"vector": [-14.90449, 1.2388, 7.05952]
						},
						"0.75": {
							"vector": [-14.90462, 1.38481, 7.88]
						},
						"1.0": {
							"vector": [10, 0, 0]
						},
						"1.5": {
							"vector": [-14.96271, 0.86717, 4.92442]
						}
					},
					"position": {
						"0.0": {
							"vector": [-0.6, 3, -3]
						},
						"0.75": {
							"vector": [0, 0, -3]
						},
						"1.0": {
							"vector": [0, 0, -3]
						},
						"1.25": {
							"vector": [0, 3.5, -3.4]
						},
						"1.5": {
							"vector": [-0.6, 3, -3]
						}
					}
				},
				"leftLeg": {
					"rotation": {
						"0.0": {
							"vector": [-9.96271, -0.86717, -4.92442]
						},
						"0.25": {
							"vector": [10, 0, 0]
						},
						"0.5": {
							"vector": [0.02328, -0.43184, -3.70516]
						},
						"0.75": {
							"vector": [-14.98637, -0.64686, -2.41492]
						},
						"1.0": {
							"vector": [-15.79371, -1.00683, -4.04298]
						},
						"1.25": {
							"vector": [-14.62274, -0.9068, -3.98054]
						},
						"1.5": {
							"vector": [-15.96271, -0.86717, -4.92442]
						}
					},
					"position": {
						"0.0": {
							"vector": [0, 0, -3]
						},
						"0.25": {
							"vector": [0, 0, -4]
						},
						"0.5": {
							"vector": [0, 4, -4]
						},
						"0.75": {
							"vector": [0.8, 3, -3]
						},
						"1.5": {
							"vector": [0, 0, -3]
						}
					}
				},
				"head": {
					"position": {
						"0.0": {
							"vector": [0.1, -4.2, 0]
						},
						"0.4167": {
							"vector": [-0.07, -3.8, 0]
						},
						"0.75": {
							"vector": [-0.2, -4.2, 0]
						},
						"1.1667": {
							"vector": [0.08, -3.8, 0]
						},
						"1.5": {
							"vector": [0.1, -4.2, 0]
						}
					}
				}
			}
		}
	}
}