{
	"format_version": "1.8.0",
	"animations": {
		"climbing": {
			"loop": true,
			"animation_length": 1.5,
			"bones": {
				"torso": {
					"rotation": {
						"0.0": {
							"vector": [-7.35441, -1.66364, -5.00211]
						},
						"0.25": {
							"vector": [0, 5, 0]
						},
						"0.75": {
							"vector": [-7.6453, -1.66032, 5.00211]
						},
						"1.0": {
							"vector": [0, -5, 0]
						},
						"1.5": {
							"vector": [-7.35441, -1.66364, -5.00211]
						}
					},
					"position": {
						"0.0": {
							"vector": [0, 0, 0]
						},
						"1.5": {
							"vector": [0, 0, 0]
						}
					}
				},
				"rightArm": {
					"rotation": {
						"0.0": {
							"vector": [-127.60555, 3.9649, -3.04868]
						},
						"0.25": {
							"vector": [-172.5, 0, 0]
						},
						"0.75": {
							"vector": [-132.5, 0, 0]
						},
						"1.5": {
							"vector": [-127.60555, 3.9649, -3.04868]
						}
					},
					"position": {
						"0.0": {
							"vector": [0.5, -2, 0.6]
						},
						"0.25": {
							"vector": [0, -2, 2]
						},
						"0.5": {
							"vector": [0, 1, 1]
						},
						"0.75": {
							"vector": [0, 3, -0.2]
						},
						"1.5": {
							"vector": [0.5, -2, 0.6]
						}
					}
				},
				"leftArm": {
					"rotation": {
						"0.0": {
							"vector": [-147.5, 0, 0]
						},
						"0.75": {
							"vector": [-127.73802, -5.94383, 4.58217]
						},
						"1.0": {
							"vector": [-172.5, 0, 0]
						},
						"1.5": {
							"vector": [-147.5, 0, 0]
						}
					},
					"position": {
						"0.0": {
							"vector": [0, 2, -1]
						},
						"0.75": {
							"vector": [-1, -2, 0]
						},
						"1.0": {
							"vector": [0, -2, 2]
						},
						"1.25": {
							"vector": [0, 1, 1]
						},
						"1.5": {
							"vector": [0, 2, -1]
						}
					}
				},
				"rightLeg": {
					"rotation": {
						"0.0": {
							"vector": [-15, 0, 0]
						},
						"0.75": {
							"vector": [-15, 0, 0]
						},
						"1.0": {
							"vector": [9.96271, -0.86717, 4.92442]
						},
						"1.25": {
							"vector": [-2.53787, -0.30122, 5.45935]
						},
						"1.5": {
							"vector": [-15, 0, 0]
						}
					},
					"position": {
						"0.0": {
							"vector": [0, 3, -3]
						},
						"0.75": {
							"vector": [-1, 0, -3]
						},
						"1.0": {
							"vector": [0, 0, -1]
						},
						"1.25": {
							"vector": [0, 3, -1]
						},
						"1.5": {
							"vector": [0, 3, -3]
						}
					}
				},
				"leftLeg": {
					"rotation": {
						"0.0": {
							"vector": [-15, 0, 0]
						},
						"0.25": {
							"vector": [9.96271, 0.86717, -4.92442]
						},
						"0.75": {
							"vector": [-14.5196, -1.26559, -4.87727]
						},
						"1.5": {
							"vector": [-15, 0, 0]
						}
					},
					"position": {
						"0.0": {
							"vector": [1, 0, -3]
						},
						"0.25": {
							"vector": [0, 0, -1]
						},
						"0.5": {
							"vector": [0, 3, -1]
						},
						"0.75": {
							"vector": [0, 3, -3]
						},
						"1.5": {
							"vector": [1, 0, -3]
						}
					}
				},
				"head": {
					"position": {
						"0.0": {
							"vector": [-0.3, -0.2, 0]
						},
						"0.4167": {
							"vector": [-0.02, 0.14, 0]
						},
						"0.75": {
							"vector": [0.2, -0.3, 0]
						},
						"1.1667": {
							"vector": [-0.08, 0.06, 0]
						},
						"1.5": {
							"vector": [-0.3, -0.2, 0]
						}
					}
				}
			}
		}
	}
}