{
	"format_version": "1.8.0",
	"animations": {
		"crawling": {
			"loop": true,
			"animation_length": 1.5,
			"bones": {
				"torso": {
					"rotation": {
						"0.0": {
							"vector": [-0.14559, -1.66364, 5.00211]
						},
						"0.25": {
							"vector": [5, -1.67, 0]
						},
						"0.75": {
							"vector": [0.14559, -1.66364, -5.00211]
						},
						"1.0833": {
							"vector": [7.5, -1.67, 0]
						},
						"1.5": {
							"vector": [-0.14559, -1.66364, 5.00211]
						}
					},
					"position": {
						"0.0": {
							"vector": [0, 0, -1.5]
						},
						"0.75": {
							"vector": [0, 0, -1.5]
						},
						"1.5": {
							"vector": [0, 0, -1.5]
						}
					}
				},
				"rightArm": {
					"rotation": {
						"0.0": {
							"vector": [-180, 0, 10]
						},
						"0.3333": {
							"vector": [-185, 0, 0]
						},
						"0.75": {
							"vector": [-180, 0, 0]
						},
						"1.5": {
							"vector": [-180, 0, 10]
						}
					},
					"position": {
						"0.0": {
							"vector": [0, 0, -3.5]
						},
						"0.3333": {
							"vector": [0, 5.22, -1.22]
						},
						"0.75": {
							"vector": [0, 5, -3.5]
						},
						"1.5": {
							"vector": [0, 0, -3.5]
						}
					}
				},
				"leftArm": {
					"rotation": {
						"0.0": {
							"vector": [-180, 0, 0]
						},
						"0.75": {
							"vector": [-180, 0, -10]
						},
						"1.0833": {
							"vector": [-182.22, 0, 0]
						},
						"1.5": {
							"vector": [-180, 0, 0]
						}
					},
					"position": {
						"0.0": {
							"vector": [0, 5, -3.5]
						},
						"0.75": {
							"vector": [0, 0, -3.5]
						},
						"1.0833": {
							"vector": [0, 4.22, -2.28]
						},
						"1.5": {
							"vector": [0, 5, -3.5]
						}
					}
				},
				"rightLeg": {
					"rotation": {
						"0.0": {
							"vector": [17.5, 85, 0]
						},
						"0.75": {
							"vector": [0, 90, 0]
						},
						"1.0": {
							"vector": [-77, 80, -84]
						},
						"1.25": {
							"vector": [5.5, 88, -1]
						},
						"1.5": {
							"vector": [17.5, 85, 0]
						}
					},
					"position": {
						"0.0": {
							"vector": [-4, 3, -3]
						},
						"0.75": {
							"vector": [-0.1, 0, -3]
						},
						"1.0": {
							"vector": [-1.83, 4.33, -1]
						},
						"1.25": {
							"vector": [-1.83, 4.33, -3]
						},
						"1.5": {
							"vector": [-4, 3, -3]
						}
					}
				},
				"leftLeg": {
					"rotation": {
						"0.0": {
							"vector": [0, -87.5, 0]
						},
						"0.25": {
							"vector": [-114, -79, 115]
						},
						"0.5": {
							"vector": [5, -82.5, 10]
						},
						"0.75": {
							"vector": [4, -80, 13]
						},
						"1.5": {
							"vector": [0, -87.5, 0]
						}
					},
					"position": {
						"0.0": {
							"vector": [0, 0, -3]
						},
						"0.25": {
							"vector": [1.33, 4, -1]
						},
						"0.5": {
							"vector": [2.9, 3.5, -3]
						},
						"0.75": {
							"vector": [3.9, 2.5, -3]
						},
						"1.5": {
							"vector": [0, 0, -3]
						}
					}
				},
				"head": {
					"position": {
						"0.0": {
							"vector": [0.2, 0, -1]
						},
						"0.75": {
							"vector": [-0.2, 0, -1.4]
						},
						"1.5": {
							"vector": [0.2, 0, -1]
						}
					}
				}
			}
		}
	}
}