{
	"format_version": "1.8.0",
	"animations": {
		"crawling_backwards": {
			"loop": true,
			"animation_length": 1.5,
			"bones": {
				"torso": {
					"rotation": {
						"0.0": {
							"vector": [-0.14559, -1.66364, 5.00211]
						},
						"0.4167": {
							"vector": [7.70145, 13.19971, 1.98853]
						},
						"0.75": {
							"vector": [0.14559, -1.66364, -5.00211]
						},
						"1.25": {
							"vector": [5.15402, -14.12136, -1.11457]
						},
						"1.5": {
							"vector": [-0.14559, -1.66364, 5.00211]
						}
					},
					"position": {
						"0.0": {
							"vector": [0, 0, -1.5]
						},
						"0.75": {
							"vector": [0, 0, -1.5]
						},
						"1.5": {
							"vector": [0, 0, -1.5]
						}
					}
				},
				"rightArm": {
					"rotation": {
						"0.0": {
							"vector": [-180, 0, 7.5]
						},
						"0.75": {
							"vector": [-180, 0, 7.5]
						},
						"1.0833": {
							"vector": [-182.5, 0, 0]
						},
						"1.5": {
							"vector": [-180, 0, 7.5]
						}
					},
					"position": {
						"0.0": {
							"vector": [0, 0, -3.5]
						},
						"0.75": {
							"vector": [0, 4, -3.5]
						},
						"1.0833": {
							"vector": [0, 1.22, -1]
						},
						"1.5": {
							"vector": [0, 0, -3.5]
						}
					}
				},
				"leftArm": {
					"rotation": {
						"0.0": {
							"vector": [-180, 0, -5]
						},
						"0.3333": {
							"vector": [-182.5, 0, 0]
						},
						"0.75": {
							"vector": [-180, 0, -5]
						},
						"1.5": {
							"vector": [-180, 0, -5]
						}
					},
					"position": {
						"0.0": {
							"vector": [0, 4, -3.5]
						},
						"0.3333": {
							"vector": [0, 1, -1]
						},
						"0.75": {
							"vector": [0, 0, -3.5]
						},
						"1.5": {
							"vector": [0, 4, -3.5]
						}
					}
				},
				"rightLeg": {
					"rotation": {
						"0.0": {
							"vector": [17.5, 85, 0]
						},
						"0.4167": {
							"vector": [-84.5, 80, -84]
						},
						"0.75": {
							"vector": [0, 90, 0]
						},
						"1.5": {
							"vector": [17.5, 85, 0]
						}
					},
					"position": {
						"0.0": {
							"vector": [-4, 3, -3]
						},
						"0.4167": {
							"vector": [-1.83, 4.33, -1]
						},
						"0.75": {
							"vector": [-0.1, 0, -3]
						},
						"1.5": {
							"vector": [-4, 3, -3]
						}
					}
				},
				"leftLeg": {
					"rotation": {
						"0.0": {
							"vector": [0, -87.5, 0]
						},
						"0.75": {
							"vector": [15, -87.5, 0]
						},
						"1.1667": {
							"vector": [-12, -78.5, 12.5]
						},
						"1.5": {
							"vector": [0, -87.5, 0]
						}
					},
					"position": {
						"0.0": {
							"vector": [0, 0, -3]
						},
						"0.75": {
							"vector": [4, 3, -3]
						},
						"1.1667": {
							"vector": [1.33, 3, -1]
						},
						"1.5": {
							"vector": [0, 0, -3]
						}
					}
				},
				"head": {
					"position": {
						"0.0": {
							"vector": [0.2, 0, 0]
						},
						"0.75": {
							"vector": [-0.2, 0, 0]
						},
						"1.5": {
							"vector": [0.2, 0, 0]
						}
					}
				}
			}
		}
	}
}