{
	"format_version": "1.8.0",
	"animations": {
		"idle_crawling": {
			"loop": true,
			"animation_length": 0.25,
			"bones": {
				"torso": {
					"rotation": {
						"vector": [-0.14559, -1.66364, 5.00211]
					},
					"position": {
						"vector": [0, 0, -1.5]
					}
				},
				"rightArm": {
					"rotation": {
						"vector": [-180, 0, 7.5]
					},
					"position": {
						"vector": [0, 0, -3.5]
					}
				},
				"leftArm": {
					"rotation": {
						"vector": [-180, 0, -5]
					},
					"position": {
						"vector": [0, 4, -3.5]
					}
				},
				"rightLeg": {
					"rotation": {
						"vector": [17.5, 85, 0]
					},
					"position": {
						"vector": [-4, 3, -3]
					}
				},
				"leftLeg": {
					"rotation": {
						"vector": [0, -87.5, 0]
					},
					"position": {
						"vector": [0, 0, -3]
					}
				},
				"head": {
					"position": {
						"vector": [0.2, 0, 0]
					}
				}
			}
		}
	}
}