{
	"format_version": "1.8.0",
	"animations": {
		"idle_sneak": {
			"loop": true,
			"animation_length": 4,
			"bones": {
				"head": {
					"position": {
						"0.0": {
							"vector": [0, -4.5, 0]
						},
						"2.0": {
							"vector": [0, -4, 0]
						},
						"4.0": {
							"vector": [0, -4.5, 0]
						}
					}
				},
				"torso": {
					"rotation": {
						"vector": [30, 0, 0]
					},
					"position": {
						"0.0": {
							"vector": [0, -4, 0]
						},
						"2.0": {
							"vector": [0, -3.5, 0]
						},
						"4.0": {
							"vector": [0, -4, 0]
						}
					}
				},
				"rightArm": {
					"rotation": {
						"0.0": {
							"vector": [-13.73381, -10.50834, 9.85431]
						},
						"2.0": {
							"vector": [-10.16669, -11.67884, 14.11218]
						},
						"4.0": {
							"vector": [-13.73381, -10.50834, 9.85431]
						}
					},
					"position": {
						"0.0": {
							"vector": [0, -4, 0]
						},
						"2.0": {
							"vector": [0, -3.5, 0]
						},
						"4.0": {
							"vector": [0, -4, 0]
						}
					}
				},
				"leftArm": {
					"rotation": {
						"0.0": {
							"vector": [11.79899, 0.11965, -8.69342]
						},
						"2.0": {
							"vector": [6.78297, 0.63058, -11.14071]
						},
						"4.0": {
							"vector": [11.79899, 0.11965, -8.69342]
						}
					},
					"position": {
						"0.0": {
							"vector": [0, -4, 0.7]
						},
						"2.0": {
							"vector": [0, -3.4, 0.7]
						},
						"4.0": {
							"vector": [0, -4, 0.7]
						}
					}
				},
				"rightLeg": {
					"rotation": {
						"0.0": {
							"vector": [0, 7.5, 0]
						},
						"2.0": {
							"vector": [0.5, 7.5, 0]
						},
						"4.0": {
							"vector": [0, 7.5, 0]
						}
					},
					"position": {
						"0.0": {
							"vector": [0, 0, 2.5]
						},
						"2.0": {
							"vector": [0, 0, 2.5]
						},
						"4.0": {
							"vector": [0, 0, 2.5]
						}
					}
				},
				"leftLeg": {
					"rotation": {
						"0.0": {
							"vector": [10, -2.5, -2.5]
						},
						"2.0": {
							"vector": [12.5, -2.5, -2.5]
						},
						"4.0": {
							"vector": [10, -2.5, -2.5]
						}
					},
					"position": {
						"0.0": {
							"vector": [0, 0, 4.5]
						},
						"2.0": {
							"vector": [0, 0, 4]
						},
						"4.0": {
							"vector": [0, 0, 4.5]
						}
					}
				}
			}
		}
	}
}