{
	"format_version": "1.8.0",
	"animations": {
		"idle_climbing": {
			"loop": true,
			"animation_length": 0.125,
			"bones": {
				"torso": {
					"rotation": {
						"vector": [-7.5, -1.67, 0]
					},
					"position": {
						"vector": [0, 0, 0]
					}
				},
				"rightArm": {
					"rotation": {
						"vector": [-127.52635, 1.98315, -1.52251]
					},
					"position": {
						"vector": [0, 0, 0]
					}
				},
				"leftArm": {
					"rotation": {
						"vector": [-127.52635, -1.98315, 1.52251]
					},
					"position": {
						"vector": [0, 0, 0]
					}
				},
				"rightLeg": {
					"rotation": {
						"vector": [-19.98247, 0.85481, 2.34941]
					},
					"position": {
						"vector": [-0.2, 0, -2]
					}
				},
				"leftLeg": {
					"rotation": {
						"vector": [-14.97911, -1.05627, -2.26603]
					},
					"position": {
						"vector": [0.3, 1.4, -3.2]
					}
				},
				"head": {
					"position": {
						"vector": [0, 0, 0]
					}
				}
			}
		}
	}
}