{
	"format_version": "1.8.0",
	"animations": {
		"idle_climbing_sneak": {
			"loop": true,
			"bones": {
				"torso": {
					"rotation": {
						"vector": [0, -1.67, 0]
					},
					"position": {
						"vector": [0, -4, 0]
					}
				},
				"rightArm": {
					"rotation": {
						"vector": [-127.60555, 3.9649, -3.04868]
					},
					"position": {
						"vector": [0, -4, 0]
					}
				},
				"leftArm": {
					"rotation": {
						"vector": [-127.60555, -3.9649, 3.04868]
					},
					"position": {
						"vector": [0, -4, 0]
					}
				},
				"rightLeg": {
					"rotation": {
						"vector": [-19.98247, 0.85481, 2.34941]
					},
					"position": {
						"vector": [0, 0, -2]
					}
				},
				"leftLeg": {
					"rotation": {
						"vector": [-24.97911, -1.05627, -2.26603]
					},
					"position": {
						"vector": [0.3, 0, -2]
					}
				},
				"head": {
					"position": {
						"vector": [0, -4, 0]
					}
				}
			}
		}
	}
}