{
	"format_version": "1.8.0",
	"animations": {
		"idle_standing": {
			"loop": true,
			"animation_length": 4,
			"bones": {
				"head": {
					"position": {
						"0.0": {
							"vector": [0, 0, 0]
						},
						"2.0": {
							"vector": [0, -0.4, -0.5],
							"easing": "linear"
						},
						"4.0": {
							"vector": [0, 0, 0]
						}
					}
				},
				"torso": {
					"rotation": {
						"0.0": {
							"vector": [0, 0, 0]
						},
						"2.0": {
							"vector": [2.5, 0, 0]
						},
						"4.0": {
							"vector": [0, 0, 0]
						}
					},
					"position": {
						"0.0": {
							"vector": [0, 0, 0]
						},
						"2.0": {
							"vector": [0, -0.35, -0.6]
						},
						"4.0": {
							"vector": [0, 0, 0]
						}
					}
				},
				"rightArm": {
					"rotation": {
						"0.0": {
							"vector": [0, 0, 5]
						},
						"1.0": {
							"vector": [-4, 0, 1.5],
							"easing": "linear"
						},
						"2.0": {
							"vector": [0, 0, 3],
							"easing": "linear"
						},
						"3.0": {
							"vector": [4, 0, 1.5],
							"easing": "linear"
						},
						"4.0": {
							"vector": [0, 0, 5]
						}
					},
					"position": {
						"0.0": {
							"vector": [0, 0, 0]
						},
						"2.0": {
							"vector": [0, -0.35, -0.5]
						},
						"4.0": {
							"vector": [0, 0, 0]
						}
					}
				},
				"leftArm": {
					"rotation": {
						"0.0": {
							"vector": [0, 0, -5]
						},
						"1.0": {
							"vector": [4, 0, -1.5],
							"easing": "linear"
						},
						"2.0": {
							"vector": [0, 0, -3],
							"easing": "linear"
						},
						"3.0": {
							"vector": [-4, 0, -1.5],
							"easing": "linear"
						},
						"4.0": {
							"vector": [0, 0, -5]
						}
					},
					"position": {
						"0.0": {
							"vector": [0, 0, 0]
						},
						"2.0": {
							"vector": [0, -0.35, -0.5]
						},
						"4.0": {
							"vector": [0, 0, 0]
						}
					}
				},
				"rightLeg": {
					"rotation": {
						"0.0": {
							"vector": [-2.279, 4.75537, 2.50929]
						},
						"2.0": {
							"vector": [-1.78047, 4.7769, 2.51222]
						},
						"4.0": {
							"vector": [-2.279, 4.75537, 2.50929]
						}
					},
					"position": {
						"0.0": {
							"vector": [-0.1, 0, 0]
						},
						"2.0": {
							"vector": [-0.1, 0, -0.2]
						},
						"4.0": {
							"vector": [-0.1, 0, 0]
						}
					}
				},
				"leftLeg": {
					"rotation": {
						"0.0": {
							"vector": [0.94067, -9.99038, -2.53852]
						},
						"2.0": {
							"vector": [4.94067, -9.99038, -2.53852]
						},
						"4.0": {
							"vector": [0.94067, -9.99038, -2.53852]
						}
					},
					"position": {
						"0.0": {
							"vector": [0.1, 0, 0.2]
						},
						"2.0": {
							"vector": [0.1, 0, -0.5]
						},
						"4.0": {
							"vector": [0.1, 0, 0.2]
						}
					}
				}
			}
		}
	}
}