{
	"format_version": "1.8.0",
	"animations": {
		"minecart_pickaxe": {
			"loop": true,
			"animation_length": 0.75,
			"bones": {
				"head": {
					"position": {
						"0.0": {
							"vector": [0, -1.5, 0.6]
						},
						"0.25": {
							"vector": [0, -1.5, 5.6]
						},
						"0.375": {
							"vector": [0, -0.5, -4]
						},
						"0.5": {
							"vector": [0, -0.5, -0.9]
						},
						"0.75": {
							"vector": [0, -1.5, 0.6]
						}
					}
				},
				"torso": {
					"rotation": {
						"0.0": {
							"vector": [-0.34527, 14.76689, -2.66399]
						},
						"0.25": {
							"vector": [-25.34527, 14.76689, -2.66399]
						},
						"0.375": {
							"vector": [15.50409, -14.47751, -3.96713],
							"easing": "linear"
						},
						"0.5": {
							"vector": [8.00409, -14.47751, -3.96713]
						},
						"0.75": {
							"vector": [-0.34527, 14.76689, -2.66399]
						}
					},
					"position": {
						"0.0": {
							"vector": [0, -1, 0.6]
						},
						"0.25": {
							"vector": [0, -1, 5.6]
						},
						"0.375": {
							"vector": [0, 0, -2.4]
						},
						"0.5": {
							"vector": [0, 0, -0.9]
						},
						"0.75": {
							"vector": [0, -1, 0.6]
						}
					}
				},
				"rightArm": {
					"rotation": {
						"0.0": {
							"vector": [339.51404, 5.71979, 29.42601]
						},
						"0.25": {
							"vector": [162.60739, 5.57247, -13.29107]
						},
						"0.375": {
							"vector": [351.58639, 3.84477, -25.71292],
							"easing": "easeInCirc"
						},
						"0.5": {
							"vector": [329.32939, -1.46675, -26.32894],
							"easing": "linear"
						},
						"0.75": {
							"vector": [339.51404, 5.71979, 29.42601]
						}
					},
					"position": {
						"0.0": {
							"vector": [0, -1, 1.6]
						},
						"0.25": {
							"vector": [1, 0, 5.6]
						},
						"0.375": {
							"vector": [1, 0, -3.4]
						},
						"0.5": {
							"vector": [1, 0, -1.4]
						},
						"0.75": {
							"vector": [0, -1, 1.6]
						}
					}
				},
				"leftArm": {
					"rotation": {
						"0.0": {
							"vector": [-12.5, 0, -15]
						},
						"0.25": {
							"vector": [-12.5, 0, -15]
						},
						"0.375": {
							"vector": [22.5, 0, -15]
						},
						"0.5": {
							"vector": [22.5, 0, -15]
						},
						"0.75": {
							"vector": [-12.5, 0, -15]
						}
					},
					"position": {
						"0.0": {
							"vector": [0, -1, -0.4]
						},
						"0.25": {
							"vector": [0, -1, 3.6]
						},
						"0.375": {
							"vector": [0, 0, -0.4]
						},
						"0.5": {
							"vector": [0, 0, 0.6]
						},
						"0.75": {
							"vector": [0, -1, -0.4]
						}
					}
				},
				"rightLeg": {
					"rotation": {
						"vector": [-87.29431, 22.47741, 1.03509]
					},
					"position": {
						"vector": [0, 0, 2.6]
					}
				},
				"leftLeg": {
					"rotation": {
						"vector": [-87.24194, -24.97457, -1.16524]
					},
					"position": {
						"vector": [0, 0, 2.6]
					}
				}
			}
		}
	}
}