{
	"format_version": "1.8.0",
	"animations": {
		"pickaxe": {
			"loop": true,
			"animation_length": 0.75,
			"bones": {
				"head": {
					"position": {
						"0.0": {
							"vector": [0, 0, 0]
						},
						"0.25": {
							"vector": [0, -1, 4]
						},
						"0.375": {
							"vector": [0, -0.5, -3.25],
							"easing": "easeInSine"
						},
						"0.5417": {
							"vector": [0, -0.3, -2.25],
							"easing": "easeInSine"
						},
						"0.75": {
							"vector": [0, 0, 0]
						}
					}
				},
				"torso": {
					"rotation": {
						"0.0": {
							"vector": [0, 0, 0]
						},
						"0.25": {
							"vector": [-20.34527, 14.76689, -2.66399]
						},
						"0.375": {
							"vector": [15.50409, -14.47751, -3.96713],
							"easing": "linear"
						},
						"0.5417": {
							"vector": [8.00409, -14.47751, -3.96713]
						},
						"0.75": {
							"vector": [0, 0, 0]
						}
					},
					"position": {
						"0.0": {
							"vector": [0, 0, 0]
						},
						"0.25": {
							"vector": [0, -1, 4]
						},
						"0.375": {
							"vector": [0, -0.5, -3.25],
							"easing": "easeInSine"
						},
						"0.5417": {
							"vector": [0, -0.2, -1.75],
							"easing": "easeInSine"
						},
						"0.75": {
							"vector": [0, 0, 0]
						}
					}
				},
				"rightArm": {
					"rotation": {
						"0.0": {
							"vector": [0, 0, 0]
						},
						"0.25": {
							"vector": [-197.39261, 5.57247, -13.29107]
						},
						"0.375": {
							"vector": [-8.41361, 3.84477, -25.71292],
							"easing": "easeInCirc"
						},
						"0.5417": {
							"vector": [-32.81358, 0.17227, -21.72185],
							"easing": "linear"
						},
						"0.75": {
							"vector": [0, 0, 0]
						}
					},
					"position": {
						"0.0": {
							"vector": [0, 0, 0]
						},
						"0.25": {
							"vector": [1, 0, 4]
						},
						"0.375": {
							"vector": [1, 0, -5]
						},
						"0.5417": {
							"vector": [1, 0, -4]
						},
						"0.75": {
							"vector": [0, 0, 0]
						}
					}
				},
				"leftArm": {
					"rotation": {
						"0.0": {
							"vector": [0, 0, 0]
						},
						"0.25": {
							"vector": [-12.5, 0, -15]
						},
						"0.375": {
							"vector": [22.19157, 3.81024, -24.25249]
						},
						"0.5417": {
							"vector": [22.5, 0, -15]
						},
						"0.75": {
							"vector": [0, 0, 0]
						}
					},
					"position": {
						"0.0": {
							"vector": [0, 0, 0]
						},
						"0.25": {
							"vector": [0, -1, 2]
						},
						"0.375": {
							"vector": [0, 0, -2]
						},
						"0.5417": {
							"vector": [0, 0, -2]
						},
						"0.75": {
							"vector": [0, 0, 0]
						}
					}
				}
			}
		}
	}
}