{
	"format_version": "1.8.0",
	"animations": {
		"running": {
			"loop": true,
			"animation_length": 1.5,
			"bones": {
				"torso": {
					"rotation": {
						"0.0": {
							"vector": [13.97546, 15.09782, -1.6369]
						},
						"0.25": {
							"vector": [7.49923, 1.71705, -0.57805]
						},
						"0.75": {
							"vector": [8.98219, -14.8802, 1.64764]
						},
						"1.0": {
							"vector": [7.49847, -1.56591, -1.1561]
						},
						"1.5": {
							"vector": [13.97546, 15.09782, -1.6369]
						}
					},
					"position": {
						"0.0": {
							"vector": [0, -1.2, 0]
						},
						"0.25": {
							"vector": [0, -2.2, 0]
						},
						"0.5": {
							"vector": [0, 0.8, 0]
						},
						"0.75": {
							"vector": [0, -1.2, 0]
						},
						"1.0": {
							"vector": [0, -2.2, 0]
						},
						"1.25": {
							"vector": [0, 1.3, 0]
						},
						"1.5": {
							"vector": [0, -1.2, 0]
						}
					}
				},
				"head": {
					"position": {
						"0.0": {
							"vector": [-0.2, -1.3, -0.5]
						},
						"0.25": {
							"vector": [-0.1, -3, -0.5]
						},
						"0.5": {
							"vector": [0.2, 1.35, -0.5]
						},
						"0.75": {
							"vector": [0.2, -1.4, -0.5]
						},
						"1.0": {
							"vector": [0.1, -2.2, -0.5]
						},
						"1.25": {
							"vector": [-0.2, 1.75, -0.5]
						},
						"1.5": {
							"vector": [-0.2, -1.3, -0.5]
						}
					}
				},
				"rightArm": {
					"rotation": {
						"0.0": {
							"vector": [-53.6357, -9.58304, 5.26653]
						},
						"0.25": {
							"vector": [-16.40885, -7.92648, 13.69332]
						},
						"0.75": {
							"vector": [58.992, 5.3437, 7.8486]
						},
						"1.0": {
							"vector": [21.29157, -1.29139, 12.02096]
						},
						"1.5": {
							"vector": [-53.6357, -9.58304, 5.26653]
						}
					},
					"position": {
						"0.0": {
							"vector": [0, -1, 0.5]
						},
						"0.25": {
							"vector": [0, -2.7, 0.47]
						},
						"0.5": {
							"vector": [0, 2.6, 0.43]
						},
						"0.75": {
							"vector": [0, 0, -0.5]
						},
						"1.0": {
							"vector": [0, -1.5, 0.04]
						},
						"1.25": {
							"vector": [0, 2, 0.57]
						},
						"1.5": {
							"vector": [0, -1, 0.5]
						}
					}
				},
				"leftArm": {
					"rotation": {
						"0.0": {
							"vector": [73.17359, -1.98128, -5.31091]
						},
						"0.25": {
							"vector": [31.14384, -0.44366, -15.30283]
						},
						"0.75": {
							"vector": [-53.37986, 7.61018, -5.32814]
						},
						"1.0": {
							"vector": [-10.88591, 1.09396, -15.29474]
						},
						"1.5": {
							"vector": [73.17359, -1.98128, -5.31091]
						}
					},
					"position": {
						"0.0": {
							"vector": [0, -1, -0.5]
						},
						"0.25": {
							"vector": [0, -1.7, 0.03]
						},
						"0.5": {
							"vector": [0, 2.6, 0.57]
						},
						"0.75": {
							"vector": [0, -1, 0.5]
						},
						"1.0": {
							"vector": [0, -1.5, 0.46]
						},
						"1.25": {
							"vector": [0, 2, 0.43]
						},
						"1.5": {
							"vector": [0, -1, -0.5]
						}
					}
				},
				"leftLeg": {
					"rotation": {
						"0.0": {
							"vector": [-37.5, 0, 0]
						},
						"0.75": {
							"vector": [69.92708, 1.68358, -2.45983]
						},
						"1.15": {
							"vector": [29.87629, 1.69981, 0.5238]
						},
						"1.5": {
							"vector": [-37.5, 0, 0]
						}
					},
					"position": {
						"0.0": {
							"vector": [1.3, -1, -0.8]
						},
						"0.25": {
							"vector": [0.23, 0, -0.27]
						},
						"0.4": {
							"vector": [0.2, 2, 0.5]
						},
						"0.75": {
							"vector": [-0.7, -1, 4.5]
						},
						"1.15": {
							"vector": [0, 4.4, -4.88]
						},
						"1.5": {
							"vector": [1.3, -1, -0.8]
						}
					}
				},
				"rightLeg": {
					"rotation": {
						"0.0": {
							"vector": [72.42138, -1.67592, 2.5705]
						},
						"0.4": {
							"vector": [27.5, 0, 0]
						},
						"0.75": {
							"vector": [-32.5, 0, 0]
						},
						"1.5": {
							"vector": [72.42776, 0.70742, 1.81562]
						}
					},
					"position": {
						"0.0": {
							"vector": [1, -1, 4.6]
						},
						"0.4": {
							"vector": [0, 4.33, -4.87]
						},
						"0.75": {
							"vector": [-1, -1, -1.8]
						},
						"1.0": {
							"vector": [0, -0.15, -0.85]
						},
						"1.15": {
							"vector": [0, 1.33, 0.13]
						},
						"1.5": {
							"vector": [1, -1, 4.6]
						}
					}
				}
			}
		}
	},
	"geckolib_format_version": 2
}