{
	"format_version": "1.8.0",
	"animations": {
		"shovel": {
			"loop": true,
			"animation_length": 0.8333,
			"bones": {
				"head": {
					"position": {
						"0.0": {
							"vector": [0, 0, 0]
						},
						"0.1667": {
							"vector": [0, 0, 1]
						},
						"0.25": {
							"vector": [0.8, -2, -5]
						},
						"0.3333": {
							"vector": [1.8, -2, -5]
						},
						"0.5": {
							"vector": [0, 0, 0]
						},
						"0.625": {
							"vector": [-0.5, 0, 1]
						},
						"0.8333": {
							"vector": [0, 0, 0]
						}
					}
				},
				"torso": {
					"rotation": {
						"0.0": {
							"vector": [0, 12.5, 0]
						},
						"0.1667": {
							"vector": [-7.5, -17.5, 0]
						},
						"0.25": {
							"vector": [27.5, -17.5, 0]
						},
						"0.3333": {
							"vector": [27.5, -17.5, 0]
						},
						"0.5": {
							"vector": [-2.5, -17.5, 0]
						},
						"0.625": {
							"vector": [-7.0252, -14.66852, 0]
						},
						"0.8333": {
							"vector": [0, 12.5, 0]
						}
					},
					"position": {
						"0.0": {
							"vector": [0, 0, 0]
						},
						"0.1667": {
							"vector": [0, 0, 1]
						},
						"0.25": {
							"vector": [1.75372, -1.5, -5.19929]
						},
						"0.3333": {
							"vector": [1.8, -1.5, -5.5]
						},
						"0.5": {
							"vector": [0, 0, 0]
						},
						"0.625": {
							"vector": [-0.5, 0, 1]
						},
						"0.8333": {
							"vector": [0, 0, 0]
						}
					}
				},
				"leftArm": {
					"rotation": {
						"0.0": {
							"vector": [27.40991, 75.0068, 78.98426]
						},
						"0.1667": {
							"vector": [-27.79959, -2.21843, 8.67409]
						},
						"0.25": {
							"vector": [-57.61149, 6.24084, 14.01524]
						},
						"0.3333": {
							"vector": [-57.61149, 6.24084, 14.01524]
						},
						"0.4167": {
							"vector": [-87.07415, 4.12645, 10.36831]
						},
						"0.5": {
							"vector": [-116.42983, 16.99221, 7.50081]
						},
						"0.625": {
							"vector": [-116.42983, 16.99221, 7.50081]
						},
						"0.8333": {
							"vector": [27.40991, 75.0068, 78.98426]
						}
					},
					"position": {
						"0.0": {
							"vector": [0, 0, -3]
						},
						"0.1667": {
							"vector": [0, 0, 1]
						},
						"0.25": {
							"vector": [0.8, -2, -4]
						},
						"0.3333": {
							"vector": [1.8, -2, -4]
						},
						"0.4167": {
							"vector": [-1, -1, -4]
						},
						"0.5": {
							"vector": [0, -1, 2]
						},
						"0.625": {
							"vector": [-0.5, -1, 3]
						},
						"0.8333": {
							"vector": [0, 0, -3]
						}
					}
				},
				"rightArm": {
					"rotation": {
						"0.0": {
							"vector": [-24.37402, -10.51794, -6.79286]
						},
						"0.1667": {
							"vector": [0.6358, -5.88013, -41.3658]
						},
						"0.25": {
							"vector": [-29.3642, -5.88013, -41.3658]
						},
						"0.3333": {
							"vector": [-29.3642, -5.88013, -41.3658]
						},
						"0.4167": {
							"vector": [-94.72596, -33.64592, 9.65724]
						},
						"0.5": {
							"vector": [-158.59102, -11.55025, 56.64085]
						},
						"0.625": {
							"vector": [-158.59102, -11.55025, 56.64085]
						},
						"0.8333": {
							"vector": [-24.37402, -10.51794, -6.79286]
						}
					},
					"position": {
						"0.0": {
							"vector": [0, 0, 1]
						},
						"0.1667": {
							"vector": [4, 0, -4]
						},
						"0.25": {
							"vector": [3.8, -1, -8]
						},
						"0.3333": {
							"vector": [4.8, -1, -8]
						},
						"0.5": {
							"vector": [4, 0, -5]
						},
						"0.625": {
							"vector": [3.5, 0, -3]
						},
						"0.8333": {
							"vector": [0, 0, 1]
						}
					}
				}
			}
		}
	}
}