{
	"format_version": "1.8.0",
	"animations": {
		"sword_attack": {
			"animation_length": 0.375,
			"bones": {
				"head": {
					"position": {
						"0.0": {
							"vector": [0, -0.5, 4]
						},
						"0.1875": {
							"vector": [0, -0.5, -3]
						}
					}
				},
				"torso": {
					"rotation": {
						"0.0": {
							"vector": [-21.17283, 18.74724, -9.09597]
						},
						"0.1875": {
							"vector": [26.12877, -40.93584, -19.71601]
						},
						"0.375": {
							"vector": [20.76658, -20.2298, -9.369]
						}
					},
					"position": {
						"0.0": {
							"vector": [0, -0.5, 4]
						},
						"0.1875": {
							"vector": [0, -0.5, -3]
						}
					}
				},
				"rightArm": {
					"rotation": {
						"0.0": {
							"vector": [-199.64042, 18.30157, -63.98523]
						},
						"0.1875": {
							"vector": [-11.23387, 6.49053, -59.78638]
						},
						"0.375": {
							"vector": [-44.47279, 4.97992, -67.1699]
						}
					},
					"position": {
						"0.0": {
							"vector": [0, 0, 5]
						},
						"0.1875": {
							"vector": [3, -1, -8]
						},
						"0.375": {
							"vector": [1, -1, -6]
						}
					}
				},
				"leftArm": {
					"rotation": {
						"0.0": {
							"vector": [-30, 0, -20]
						},
						"0.1875": {
							"vector": [59.00238, -21.07593, -28.0634]
						}
					},
					"position": {
						"0.0": {
							"vector": [0, 0.35, 2.19],
							"easing": "easeInOutSine"
						},
						"0.1875": {
							"vector": [-1, 0.35, 1.19]
						},
						"0.375": {
							"vector": [0, 0.35, -0.81]
						}
					}
				},
				"body": {
					"rotation": {
						"0.0": {
							"vector": [0, 0, 0]
						},
						"0.1875": {
							"vector": [0, -20, 0],
							"easing": "easeInOutSine"
						}
					}
				}
			}
		}
	}
}