{
	"format_version": "1.8.0",
	"animations": {
		"sword_attack_sneak": {
			"animation_length": 0.375,
			"bones": {
				"head": {
					"position": {
						"0.0": {
							"vector": [0, -4.5, 9]
						},
						"0.2083": {
							"vector": [0, -4.5, 2]
						}
					}
				},
				"torso": {
					"rotation": {
						"0.0": {
							"vector": [-21.17283, 18.74724, -9.09597]
						},
						"0.2083": {
							"vector": [26.12877, -40.93584, -19.71601]
						},
						"0.375": {
							"vector": [20.76658, -20.2298, -9.369]
						}
					},
					"position": {
						"0.0": {
							"vector": [0, -4.5, 9]
						},
						"0.2083": {
							"vector": [0, -4.5, 2]
						}
					}
				},
				"rightArm": {
					"rotation": {
						"0.0": {
							"vector": [-183.56321, 3.86771, -22.69834]
						},
						"0.2083": {
							"vector": [-19.57631, -3.8242, -39.8613]
						},
						"0.375": {
							"vector": [-34.57631, -3.8242, -39.8613]
						}
					},
					"position": {
						"0.0": {
							"vector": [0, -3, 10]
						},
						"0.2083": {
							"vector": [3.5, -6, -3]
						},
						"0.375": {
							"vector": [2.5, -6, -1]
						}
					}
				},
				"leftArm": {
					"rotation": {
						"0.0": {
							"vector": [-30, 0, -20]
						},
						"0.2083": {
							"vector": [46.21336, -3.68978, -38.22977]
						}
					},
					"position": {
						"0.0": {
							"vector": [0, -3.65, 7.19],
							"easing": "easeInOutSine"
						},
						"0.2083": {
							"vector": [-1, -3.65, 6.19]
						},
						"0.375": {
							"vector": [0, -3.65, 4.19]
						}
					}
				},
				"body": {
					"rotation": {
						"0.0": {
							"vector": [0, 0, 0]
						},
						"0.2083": {
							"vector": [0, -20, 0],
							"easing": "easeInOutSine"
						}
					}
				}
			}
		}
	}
}