{
	"format_version": "1.8.0",
	"animations": {
		"sword_attack_sneak2": {
			"animation_length": 0.375,
			"bones": {
				"head": {
					"position": {
						"0.0": {
							"vector": [0.4, -4, 6]
						},
						"0.2083": {
							"vector": [-1.6, -4, 2]
						},
						"0.375": {
							"vector": [-1.6, -4, 2.2]
						}
					}
				},
				"torso": {
					"rotation": {
						"0.0": {
							"vector": [-5, -17.5, 0]
						},
						"0.2083": {
							"vector": [18.81571, 25.35647, -5.31384]
						},
						"0.375": {
							"vector": [10.68926, 24.38218, -9.71659]
						}
					},
					"position": {
						"0.0": {
							"vector": [0, -4, 6]
						},
						"0.2083": {
							"vector": [-1, -4, 2]
						},
						"0.375": {
							"vector": [-1, -4, 2.7]
						}
					}
				},
				"rightArm": {
					"rotation": {
						"0.0": {
							"vector": [-153.85149, -0.06891, 43.55631]
						},
						"0.0833": {
							"vector": [-96.85658, -19.76665, 39.79319]
						},
						"0.2083": {
							"vector": [34.59162, -12.06367, 29.70583]
						},
						"0.375": {
							"vector": [17.3162, -2.22388, 27.9067]
						}
					},
					"position": {
						"0.0": {
							"vector": [2, -2, 1]
						},
						"0.2083": {
							"vector": [0, -5, 4]
						},
						"0.375": {
							"vector": [0, -5, 4.5]
						}
					}
				},
				"leftArm": {
					"rotation": {
						"0.0": {
							"vector": [-25.76926, -13.56626, -13.53934]
						},
						"0.2083": {
							"vector": [21.52702, 1.23093, -23.81389]
						},
						"0.375": {
							"vector": [28.4295, 7.8311, -31.35424]
						}
					},
					"position": {
						"0.0": {
							"vector": [0, -4, 7]
						},
						"0.2083": {
							"vector": [-2, -4, 0.5]
						},
						"0.375": {
							"vector": [-1, -4, 2]
						}
					}
				},
				"body": {
					"rotation": {
						"0.0": {
							"vector": [0, 0, 0]
						},
						"0.2083": {
							"vector": [0, 7.5, 0]
						},
						"0.375": {
							"vector": [0, 7.5, 0]
						}
					}
				}
			}
		}
	}
}