{
	"format_version": "1.8.0",
	"animations": {
		"sword_attack2": {
			"animation_length": 0.5,
			"bones": {
				"head": {
					"position": {
						"0.0": {
							"vector": [0.4, 0, 1]
						},
						"0.1875": {
							"vector": [-1.6, 0, -1]
						}
					}
				},
				"torso": {
					"rotation": {
						"0.0": {
							"vector": [-5, -17.5, 0]
						},
						"0.1875": {
							"vector": [11.434, 37.10183, -0.29257]
						},
						"0.375": {
							"vector": [9.84348, 22.3554, -3.47284]
						}
					},
					"position": {
						"0.0": {
							"vector": [0, 0, 1]
						},
						"0.1875": {
							"vector": [-1, 0, -2]
						},
						"0.375": {
							"vector": [-1, 0, -2]
						}
					}
				},
				"rightArm": {
					"rotation": {
						"0.0": {
							"vector": [-136.13884, -16.08592, 59.57334]
						},
						"0.1875": {
							"vector": [13.86116, -16.08592, 59.57334]
						},
						"0.375": {
							"vector": [-16.13884, -16.08592, 59.57334]
						}
					},
					"position": {
						"0.0": {
							"vector": [2, -1, -4]
						},
						"0.1875": {
							"vector": [-1, -2, 1]
						},
						"0.375": {
							"vector": [-1, -2, -1]
						}
					}
				},
				"leftArm": {
					"rotation": {
						"0.0": {
							"vector": [-25.76926, -13.56626, -13.53934]
						},
						"0.1875": {
							"vector": [21.52702, 1.23093, -23.81389]
						},
						"0.375": {
							"vector": [28.4295, 7.8311, -31.35424]
						}
					},
					"position": {
						"0.0": {
							"vector": [0, 0, 2]
						},
						"0.1875": {
							"vector": [-2, 0, -4.5]
						},
						"0.375": {
							"vector": [-1, 0, -3.5]
						}
					}
				},
				"body": {
					"rotation": {
						"0.0": {
							"vector": [0, 0, 0]
						},
						"0.1875": {
							"vector": [0, 7.5, 0]
						},
						"0.375": {
							"vector": [0, -2.5, 0]
						}
					}
				}
			}
		}
	}
}