{
	"format_version": "1.8.0",
	"animations": {
		"walking_sneak": {
			"loop": true,
			"animation_length": 4,
			"bones": {
				"head": {
					"position": {
						"0.0": {
							"vector": [0.3, -4.5, 0]
						},
						"0.5": {
							"vector": [0.2, -4.37, -0.5]
						},
						"1.0": {
							"vector": [0, -3.25, -1]
						},
						"2.0": {
							"vector": [-0.3, -4, 0]
						},
						"2.5": {
							"vector": [-0.2, -4.37, -0.5]
						},
						"3.0": {
							"vector": [0, -3.25, -1]
						},
						"4.0": {
							"vector": [0.3, -4.5, 0]
						}
					}
				},
				"torso": {
					"rotation": {
						"0.0": {
							"vector": [30.86748, -12.95254, -7.63074]
						},
						"1.0": {
							"vector": [35, 0, 0]
						},
						"2.0": {
							"vector": [30.59871, 10.80355, 6.32526]
						},
						"3.0": {
							"vector": [35, 0, 0]
						},
						"4.0": {
							"vector": [30.86748, -12.95254, -7.63074]
						}
					},
					"position": {
						"0.0": {
							"vector": [0, -4, 0]
						},
						"0.5": {
							"vector": [0, -3.93, -0.5]
						},
						"1.0": {
							"vector": [0, -2.87, -1]
						},
						"2.0": {
							"vector": [0, -3.5, 0]
						},
						"2.5": {
							"vector": [0, -3.93, -0.5]
						},
						"3.0": {
							"vector": [0, -2.87, -1]
						},
						"4.0": {
							"vector": [0, -4, 0]
						}
					}
				},
				"rightArm": {
					"rotation": {
						"0.0": {
							"vector": [2.14299, -8.73162, 8.96562]
						},
						"2.0": {
							"vector": [-39.69678, -19.0895, -3.4738]
						},
						"4.0": {
							"vector": [2.14299, -8.73162, 8.96562]
						}
					},
					"position": {
						"0.0": {
							"vector": [0, -4.3, 0]
						},
						"1.0": {
							"vector": [0, -3.25, -0.5]
						},
						"2.0": {
							"vector": [0, -4.5, 1]
						},
						"3.0": {
							"vector": [0, -3.25, -0.5]
						},
						"4.0": {
							"vector": [0, -4.3, 0]
						}
					}
				},
				"leftArm": {
					"rotation": {
						"0.0": {
							"vector": [-29.79023, 6.90379, 6.59797]
						},
						"2.0": {
							"vector": [-0.397, -2.72845, -10.82369]
						},
						"4.0": {
							"vector": [-29.79023, 6.90379, 6.59797]
						}
					},
					"position": {
						"0.0": {
							"vector": [0, -4.8, 0]
						},
						"1.0": {
							"vector": [0, -3.25, -0.5]
						},
						"2.0": {
							"vector": [0, -3.7, 1]
						},
						"3.0": {
							"vector": [0, -3.25, -0.5]
						},
						"4.0": {
							"vector": [0, -4.8, 0]
						}
					}
				},
				"rightLeg": {
					"rotation": {
						"0.0": {
							"vector": [-27.47766, 1.15408, 2.21783]
						},
						"2.0": {
							"vector": [37.5, 0, 0]
						},
						"3.5": {
							"vector": [-5, 0, 0]
						},
						"4.0": {
							"vector": [-27.47766, 1.15408, 2.21783]
						}
					},
					"position": {
						"0.0": {
							"vector": [0, -0.5, 1.5]
						},
						"1.0": {
							"vector": [0, 0.1, 2]
						},
						"2.0": {
							"vector": [0, -1.3, 2.5]
						},
						"3.5": {
							"vector": [0, 2, 1.5]
						},
						"4.0": {
							"vector": [0, -0.5, 1.5]
						}
					}
				},
				"leftLeg": {
					"rotation": {
						"0.0": {
							"vector": [30, 0, 0]
						},
						"1.5": {
							"vector": [-5, 0, 0]
						},
						"2.0": {
							"vector": [-25, 0, 0]
						},
						"4.0": {
							"vector": [30, 0, 0]
						}
					},
					"position": {
						"0.0": {
							"vector": [0, -1, 2.5]
						},
						"1.5": {
							"vector": [0, 2, 1.5]
						},
						"2.0": {
							"vector": [0, -0.4, 1.5]
						},
						"3.0": {
							"vector": [0, 0, 2]
						},
						"4.0": {
							"vector": [0, -1, 2.5]
						}
					}
				}
			}
		}
	}
}