{
	"format_version": "1.8.0",
	"animations": {
		"walking": {
			"loop": true,
			"animation_length": 6,
			"bones": {
				"torso": {
					"rotation": {
						"0.0": {
							"vector": [2.5, 5, 0]
						},
						"3.0": {
							"vector": [4.9977, -4.84886, -1.73415]
						},
						"6.0": {
							"vector": [2.5, 5, 0]
						}
					},
					"position": {
						"0.0": {
							"vector": [0, -0.2, 0]
						},
						"1.0": {
							"vector": [0, -2.2, -1]
						},
						"2.0": {
							"vector": [0, 0.8, -0.5]
						},
						"3.0": {
							"vector": [0, -0.2, 0]
						},
						"4.0": {
							"vector": [0, -2.2, -1]
						},
						"5.0": {
							"vector": [0, 0.8, -0.5]
						},
						"6.0": {
							"vector": [0, -0.2, 0]
						}
					}
				},
				"head": {
					"position": {
						"0.0": {
							"vector": [0, -0.3, 0]
						},
						"1.0": {
							"vector": [-0.23, -2.97, -1]
						},
						"2.0": {
							"vector": [-0.17, 0.86, -0.5]
						},
						"3.0": {
							"vector": [0, -0.3, 0]
						},
						"4.0": {
							"vector": [0.17, -3, -1]
						},
						"4.9583": {
							"vector": [0.23, 0.71, -0.52]
						},
						"5.0": {
							"vector": [0.1, 0.85, -0.5]
						},
						"6.0": {
							"vector": [0, -0.3, 0]
						}
					}
				},
				"rightArm": {
					"rotation": {
						"0.0": {
							"vector": [-39.89247, 3.21154, 3.83424]
						},
						"1.5": {
							"vector": [9.86939, 0.18794, 2.57808]
						},
						"3.0": {
							"vector": [39.89247, -3.21154, 3.83424]
						},
						"6.0": {
							"vector": [-39.89247, 3.21154, 3.83424]
						}
					},
					"position": {
						"0.0": {
							"vector": [0, 0, -0.5]
						},
						"1.0": {
							"vector": [0, -2, -0.67]
						},
						"2.0": {
							"vector": [0, 1, -0.09]
						},
						"3.0": {
							"vector": [0, 0, 0.5]
						},
						"4.0": {
							"vector": [0, -3, -0.33]
						},
						"5.0": {
							"vector": [0, 0.5, -0.41]
						},
						"6.0": {
							"vector": [0, 0, -0.5]
						}
					}
				},
				"leftArm": {
					"rotation": {
						"0.0": {
							"vector": [39.89247, 3.21154, -3.83424]
						},
						"3.0": {
							"vector": [-39.89247, -3.21154, -3.83424]
						},
						"4.5": {
							"vector": [8.34414, -0.12177, -2.55059]
						},
						"6.0": {
							"vector": [39.89247, 3.21154, -3.83424]
						}
					},
					"position": {
						"0.0": {
							"vector": [0, 0, 0.5]
						},
						"1.0": {
							"vector": [0, -2, -0.33]
						},
						"2.0": {
							"vector": [0, 1, -0.41]
						},
						"3.0": {
							"vector": [0, 0, -0.5]
						},
						"4.0": {
							"vector": [0, -3, -0.67]
						},
						"5.0": {
							"vector": [0, 0.5, -0.08]
						},
						"6.0": {
							"vector": [0, 0, 0.5]
						}
					}
				},
				"leftLeg": {
					"rotation": {
						"0.0": {
							"vector": [-27.5, 0, 0]
						},
						"1.5": {
							"vector": [0, 0, 0]
						},
						"3.0": {
							"vector": [40, 0, 0]
						},
						"4.5": {
							"vector": [9.86134, 1.00808, -2.5887]
						},
						"6.0": {
							"vector": [-27.5, 0, 0]
						}
					},
					"position": {
						"0.0": {
							"vector": [0.3, -0.4, -0.8]
						},
						"1.5": {
							"vector": [0.2, 0, 0]
						},
						"3.0": {
							"vector": [0.3, 0, 1.5]
						},
						"4.5": {
							"vector": [0.2, 2, -3.12]
						},
						"6.0": {
							"vector": [0.3, -0.4, -0.8]
						}
					}
				},
				"rightLeg": {
					"rotation": {
						"0.0": {
							"vector": [40, 0, 0]
						},
						"1.5": {
							"vector": [10, 0, 0]
						},
						"3.0": {
							"vector": [-27.5, 0, 0]
						},
						"6.0": {
							"vector": [40, 0, 0]
						}
					},
					"position": {
						"0.0": {
							"vector": [0, 0, 1.6]
						},
						"1.5": {
							"vector": [0, 2, -3.4]
						},
						"3.0": {
							"vector": [0, -0.5, -0.8]
						},
						"6.0": {
							"vector": [0, 0, 1.6]
						}
					}
				}
			}
		}
	},
	"geckolib_format_version": 2
}