{
  "callbacks": "immersiveengineering:chemthrower",
  "display": {
    "firstperson_lefthand": {
      "right_rotation": [
        -0.0,
        0.0,
        -0.0
      ],
      "rotation": [
        0.0,
        -90.0,
        0.0
      ],
      "scale": [
        0.37499994,
        0.37499997,
        -0.37499994
      ],
      "translation": [
        1.4999998,
        6.0,
        2.9999998
      ]
    },
    "firstperson_righthand": {
      "right_rotation": [
        -0.0,
        0.0,
        -0.0
      ],
      "rotation": [
        0.0,
        90.0,
        0.0
      ],
      "scale": [
        0.37499994,
        0.37499997,
        0.37499994
      ],
      "translation": [
        -1.5000002,
        6.0,
        3.0000002
      ]
    },
    "fixed": {
      "right_rotation": [
        -0.0,
        0.0,
        -0.0
      ],
      "rotation": [
        180.0,
        7.0167083E-15,
        -135.0
      ],
      "scale": [
        0.31250012,
        0.31250012,
        0.31250012
      ],
      "translation": [
        1.9999998,
        2.0000014,
        -4.000001
      ]
    },
    "ground": {
      "right_rotation": [
        -0.0,
        0.0,
        -0.0
      ],
      "scale": [
        0.25,
        0.25,
        0.25
      ],
      "translation": [
        0.0,
        4.0,
        2.0
      ]
    },
    "gui": {
      "right_rotation": [
        -0.0,
        0.0,
        -0.0
      ],
      "rotation": [
        -179.99998,
        -56.24999,
        157.49998
      ],
      "scale": [
        0.43749994,
        0.43749988,
        0.43749994
      ],
      "translation": [
        -2.9999995,
        5.0000005,
        -4.7683716E-7
      ]
    },
    "thirdperson_lefthand": {
      "right_rotation": [
        -0.0,
        0.0,
        -0.0
      ],
      "rotation": [
        81.99372,
        -74.14152,
        8.006275
      ],
      "scale": [
        0.49999997,
        0.5,
        -0.5
      ],
      "translation": [
        8.34465E-7,
        11.999999,
        3.0000007
      ]
    },
    "thirdperson_righthand": {
      "right_rotation": [
        -0.0,
        0.0,
        -0.0
      ],
      "rotation": [
        -98.006226,
        74.14153,
        171.99371
      ],
      "scale": [
        0.50000006,
        0.49999997,
        0.49999997
      ],
      "translation": [
        4.7683716E-7,
        12.000001,
        3.0000005
      ]
    }
  },
  "dynamic": true,
  "layers": [
    "cutout"
  ],
  "loader": "immersiveengineering:ie_obj",
  "model": "immersiveengineering:models/item/chemthrower.obj.ie"
}