{"parent":"minecraft:block/block",
"dynamic":true,
"inner_model":{"parent":"minecraft:block/block",
"callbacks":"immersiveengineering:cloche",
"layers":["solid","translucent"],
"loader":"immersiveengineering:ie_obj",
"model":"immersiveengineering:models/block/metal_device/cloche.obj.ie",
"textures":{"particle":"immersiveengineering:block/metal_device/cloche"}},
"loader":"immersiveengineering:basic_split",
"split_parts":[[0,0,0],[0,1,0],[0,2,0]],
"textures":{"particle":"immersiveengineering:block/metal_device/cloche"}}