{
	"parent": "block/block",
	"render_type": "minecraft:cutout",
	"textures": {
		"particle": "immersiveengineering:block/metal_device/hatch_front",
		"front": "immersiveengineering:block/metal_device/hatch_front"
	},
	"elements": [
		{
			"name": "base",
			"from": [3, 3, -1],
			"to": [13, 13, 1],
			"faces": {
				"north": {"uv": [5, 0, 10, 5], "texture": "#front"},
				"east": {"uv": [10, 0, 11, 5], "texture": "#front"},
				"south": {"uv": [0, 0, 5, 5], "texture": "#front"},
				"west": {"uv": [11, 0, 10, 5], "texture": "#front"},
				"up": {"uv": [5, 6, 0, 5], "texture": "#front"},
				"down": {"uv": [5, 5, 10, 6], "texture": "#front"}
			}
		},
		{
			"from": [4, 4.01519, -1.00475],
			"to": [12, 11.01519, 0.99525],
			"rotation": {"angle": 22.5, "axis": "x", "origin": [8, 3.98956, 0.93994]},
			"faces": {
				"north": {"uv": [16, 16, 16, 16], "texture": "#front"},
				"east": {"uv": [4, 7.5, 5, 11], "texture": "#front"},
				"south": {"uv": [0, 7.5, 4, 11], "texture": "#front"},
				"west": {"uv": [4, 7.5, 5, 11], "texture": "#front"},
				"up": {"uv": [0, 6.5, 4, 7.5], "texture": "#front"},
				"down": {"uv": [16, 16, 16, 16], "texture": "#front"}
			}
		},
		{
			"from": [4, 8.01519, -2.00475],
			"to": [12, 11.01519, -1.00475],
			"rotation": {"angle": 22.5, "axis": "x", "origin": [8, 3.98956, 0.93994]},
			"faces": {
				"north": {"uv": [16, 16, 16, 16], "texture": "#front"},
				"east": {"uv": [4, 6, 4.5, 7.5], "texture": "#front"},
				"south": {"uv": [16, 16, 16, 16], "texture": "#front"},
				"west": {"uv": [4, 6, 4.5, 7.5], "texture": "#front"},
				"up": {"uv": [0, 6, 4, 6.5], "texture": "#front"},
				"down": {"uv": [16, 16, 16, 16], "texture": "#front"}
			}
		}
	],
	"gui_light": "front",
	"display": {
		"thirdperson_righthand": {
			"rotation": [75, 45, 0],
			"translation": [2, -1, 0],
			"scale": [0.375, 0.375, 0.375]
		},
		"thirdperson_lefthand": {
			"rotation": [75, 45, 0],
			"translation": [2, -1, 0],
			"scale": [0.375, 0.375, 0.375]
		},
		"firstperson_righthand": {
			"rotation": [0, 21, 0],
			"translation": [1.25, 0, 1.5],
			"scale": [0.4, 0.4, 0.4]
		},
		"firstperson_lefthand": {
			"rotation": [0, 21, 0],
			"translation": [1.25, 0, 1.5],
			"scale": [0.4, 0.4, 0.4]
		},
		"ground": {
			"translation": [0, 3, 1.75],
			"scale": [0.25, 0.25, 0.25]
		},
		"gui": {
			"rotation": [30, 45, 0],
			"translation": [6, -3.25, 0],
			"scale": [1.12891, 1.12891, 1.12891]
		},
		"head": {
			"rotation": [-90, 0, 0],
			"translation": [0, 15.25, 0]
		},
		"fixed": {
			"rotation": [0, -180, 0],
			"translation": [0, 0, -7.5]
		}
	}
}