{"elements":[{"from":[0,8,-3.25],"to":[16,9,17.25],"rotation":{"origin":[8,8,8],"axis":"x","angle":45},"faces":{"down":{"texture":"#conveyor","uv":[0,16,16,0]},"up":{"texture":"#conveyor","uv":[0,16,16,0]},"north":{"texture":"#conveyor","uv":[0,0,16,1]},"south":{"texture":"#conveyor","uv":[0,1,16,0]},"west":{"texture":"#wall","uv":[0,0,16,1]},"east":{"texture":"#wall","uv":[0,0,16,1]}}},{"from":[0,9,-4.125],"to":[16,10,18.5],"rotation":{"origin":[8,8,8],"axis":"x","angle":45},"faces":{"down":{"texture":"#conveyor","uv":[0,16,16,0]},"up":{"texture":"#conveyor","uv":[0,16,16,0]},"north":{"texture":"#conveyor","uv":[0,1,16,2]},"south":{"texture":"#conveyor","uv":[0,2,16,1]},"west":{"texture":"#wall","uv":[0,1,16,2]},"east":{"texture":"#wall","uv":[0,1,16,2]}}},{"from":[0,10,-4.5],"to":[1,11,16.375],"rotation":{"origin":[8,8,8],"axis":"x","angle":45},"faces":{"down":{"texture":"#wall","uv":[0,0,1,15.25]},"up":{"texture":"#wall","uv":[0,0,1,15.25]},"north":{"texture":"#wall","uv":[0,2,1,3]},"south":{"texture":"#wall","uv":[0,2,1,3]},"west":{"texture":"#wall","uv":[0,2,15.25,3]},"east":{"texture":"#wall","uv":[0,2,15.25,3]}}},{"from":[15,10,-4.5],"to":[16,11,16.375],"rotation":{"origin":[8,8,8],"axis":"x","angle":45},"faces":{"down":{"texture":"#wall","uv":[15,0,16,15.25]},"up":{"texture":"#wall","uv":[15,0,16,15.25]},"north":{"texture":"#wall","uv":[15,2,16,3]},"south":{"texture":"#wall","uv":[15,2,16,3]},"west":{"texture":"#wall","uv":[0,2,15.25,3]},"east":{"texture":"#wall","uv":[0,2,15.25,3]}}},{"from":[0,0,14.5],"to":[16,2.75,16],"faces":{"down":{"texture":"#conveyor","uv":[0,16,16,14.5]},"up":{"texture":"#conveyor","uv":[0,16,16,14.5]},"north":{"texture":"#conveyor","uv":[0,13.25,16,16]},"south":{"texture":"#conveyor","uv":[0,16,16,13.25]},"west":{"texture":"#wall","uv":[14.5,0,16,2.75]},"east":{"texture":"#wall","uv":[14.5,0,16,2.75]}}},{"from":[0,2.75,15],"to":[1,4.25,16],"faces":{"down":{"texture":"#wall","uv":[0,16,1,15]},"up":{"texture":"#wall","uv":[0,16,1,15]},"north":{"texture":"#wall","uv":[15,2.75,16,3]},"south":{"texture":"#wall","uv":[15,2.75,16,3]},"west":{"texture":"#wall","uv":[15,2.75,16,3]},"east":{"texture":"#wall","uv":[15,2.75,16,3]}}},{"from":[15,2.75,15],"to":[16,4.25,16],"faces":{"down":{"texture":"#wall","uv":[0,16,1,15]},"up":{"texture":"#wall","uv":[0,16,1,15]},"north":{"texture":"#wall","uv":[15,2.75,16,3]},"south":{"texture":"#wall","uv":[15,2.75,16,3]},"west":{"texture":"#wall","uv":[15,2.75,16,3]},"east":{"texture":"#wall","uv":[15,2.75,16,3]}}},{"from":[0,16,0],"to":[16,18,0.875],"faces":{"down":{"texture":"#conveyor","uv":[0,0.875,16,0]},"up":{"texture":"#conveyor","uv":[0,0.875,16,0]},"north":{"texture":"#conveyor","uv":[0,14,16,16]},"south":{"texture":"#conveyor","uv":[0,16,16,14]},"west":{"texture":"#wall","uv":[0,0,0.875,2]},"east":{"texture":"#wall","uv":[0,0,0.875,2]}}},{"from":[0,18,0],"to":[1,19,1.25],"faces":{"down":{"texture":"#wall","uv":[0,1,1,0]},"up":{"texture":"#wall","uv":[0,1,1,0]},"north":{"texture":"#wall","uv":[0,2,1,3]},"south":{"texture":"#wall","uv":[0,2,1,3]},"west":{"texture":"#wall","uv":[0,2,1,3]},"east":{"texture":"#wall","uv":[0,2,1,3]}}},{"from":[15,18,0],"to":[16,19,1.25],"faces":{"down":{"texture":"#wall","uv":[0,1,1,0]},"up":{"texture":"#wall","uv":[0,1,1,0]},"north":{"texture":"#wall","uv":[0,2,1,3]},"south":{"texture":"#wall","uv":[0,2,1,3]},"west":{"texture":"#wall","uv":[0,2,1,3]},"east":{"texture":"#wall","uv":[0,2,1,3]}}}],"textures":{"particle":"#conveyor"}}