{
	"credit": "Made with Blockbench",
	"render_type": "cutout",
	"texture_size": [32, 32],
	"textures": {
		"2": "createdieselgenerators:block/diesel_engine",
		"3": "createdieselgenerators:block/diesel_engine_big",
		"particle": "createdieselgenerators:block/diesel_engine"
	},
	"elements": [
		{
			"from": [8, 0, 0],
			"to": [18, 4, 16],
			"rotation": {"angle": 0, "axis": "y", "origin": [8, 8, 8]},
			"faces": {
				"north": {"uv": [0, 12, 5, 14], "texture": "#3"},
				"east": {"uv": [8, 8, 16, 10], "texture": "#2"},
				"south": {"uv": [5, 12, 0, 14], "texture": "#3"},
				"up": {"uv": [6, 8, 11, 16], "rotation": 180, "texture": "#3"},
				"down": {"uv": [6, 8, 11, 16], "rotation": 180, "texture": "#3"}
			}
		},
		{
			"from": [-2, 0, 0],
			"to": [8, 4, 16],
			"rotation": {"angle": 0, "axis": "y", "origin": [8, 8, 8]},
			"faces": {
				"north": {"uv": [5, 12, 0, 14], "texture": "#3"},
				"south": {"uv": [0, 12, 5, 14], "texture": "#3"},
				"west": {"uv": [8, 8, 16, 10], "texture": "#2"},
				"up": {"uv": [11, 8, 6, 16], "rotation": 180, "texture": "#3"},
				"down": {"uv": [11, 8, 16, 16], "rotation": 180, "texture": "#3"}
			}
		},
		{
			"from": [0, 12, 0],
			"to": [16, 16, 16],
			"rotation": {"angle": 0, "axis": "y", "origin": [8, 8, 8]},
			"faces": {
				"north": {"uv": [0, 6, 8, 8], "texture": "#3"},
				"east": {"uv": [0, 0, 8, 2], "texture": "#3"},
				"south": {"uv": [0, 6, 8, 8], "texture": "#3"},
				"west": {"uv": [0, 0, 8, 2], "texture": "#3"},
				"up": {"uv": [8, 0, 16, 8], "rotation": 270, "texture": "#3"},
				"down": {"uv": [6, 8, 14, 16], "rotation": 180, "texture": "#3"}
			}
		},
		{
			"from": [12, 4, 0],
			"to": [16, 12, 16],
			"rotation": {"angle": 0, "axis": "y", "origin": [8, 8, 8]},
			"faces": {
				"north": {"uv": [6, 8, 4, 12], "texture": "#3"},
				"east": {"uv": [0, 2, 8, 6], "texture": "#3"},
				"south": {"uv": [4, 8, 6, 12], "texture": "#3"},
				"west": {"uv": [7, 10, 15, 14], "texture": "#3"},
				"up": {"uv": [0, 0, 2, 8], "rotation": 180, "texture": "#3"},
				"down": {"uv": [0, 0, 2, 8], "rotation": 180, "texture": "#3"}
			}
		},
		{
			"from": [0, 4, 0],
			"to": [4, 12, 16],
			"rotation": {"angle": 0, "axis": "y", "origin": [8, 8, 8]},
			"faces": {
				"north": {"uv": [4, 8, 6, 12], "texture": "#3"},
				"east": {"uv": [7, 10, 15, 14], "texture": "#3"},
				"south": {"uv": [6, 8, 4, 12], "texture": "#3"},
				"west": {"uv": [0, 2, 8, 6], "texture": "#3"},
				"up": {"uv": [0, 0, 2, 8], "rotation": 180, "texture": "#3"},
				"down": {"uv": [0, 0, 2, 8], "rotation": 180, "texture": "#3"}
			}
		},
		{
			"from": [4, 4, 1],
			"to": [12, 12, 15],
			"rotation": {"angle": 0, "axis": "y", "origin": [8, 8, 8]},
			"faces": {
				"north": {"uv": [0, 8, 4, 12], "texture": "#3"},
				"east": {"uv": [0, 4, 7, 8], "texture": "#3"},
				"south": {"uv": [0, 8, 4, 12], "texture": "#3"},
				"west": {"uv": [0, 0, 7, 4], "texture": "#3"},
				"up": {"uv": [11, 7, 7, 0], "rotation": 180, "texture": "#3"},
				"down": {"uv": [11, 7, 7, 14], "rotation": 180, "texture": "#3"}
			}
		},
		{
			"from": [3, 16.01, 3],
			"to": [13, 16.01, 13],
			"rotation": {"angle": 0, "axis": "y", "origin": [8, 8, 8]},
			"faces": {
				"up": {"uv": [9.5, 1.5, 14.5, 6.5], "rotation": 180, "texture": "#2"}
			}
		},
		{
			"from": [-1, 11, 9],
			"to": [3, 18, 13],
			"rotation": {"angle": 45, "axis": "z", "origin": [6, 11, 8]},
			"faces": {
				"north": {"uv": [0, 9.5, 2, 13], "texture": "#2"},
				"east": {"uv": [2, 9.5, 0, 13], "texture": "#2"},
				"south": {"uv": [0, 9.5, 2, 13], "texture": "#2"},
				"west": {"uv": [2, 9.5, 0, 13], "texture": "#2"},
				"up": {"uv": [2, 9.5, 4, 11.5], "texture": "#2"}
			}
		},
		{
			"from": [-1, 11, 3],
			"to": [3, 18, 7],
			"rotation": {"angle": 45, "axis": "z", "origin": [6, 11, 8]},
			"faces": {
				"north": {"uv": [0, 9.5, 2, 13], "texture": "#2"},
				"east": {"uv": [2, 9.5, 0, 13], "texture": "#2"},
				"south": {"uv": [0, 9.5, 2, 13], "texture": "#2"},
				"west": {"uv": [2, 9.5, 0, 13], "texture": "#2"},
				"up": {"uv": [2, 9.5, 4, 11.5], "texture": "#2"}
			}
		},
		{
			"from": [13, 11, 9],
			"to": [17, 18, 13],
			"rotation": {"angle": -45, "axis": "z", "origin": [10, 11, 8]},
			"faces": {
				"north": {"uv": [0, 9.5, 2, 13], "texture": "#2"},
				"east": {"uv": [2, 9.5, 0, 13], "texture": "#2"},
				"south": {"uv": [0, 9.5, 2, 13], "texture": "#2"},
				"west": {"uv": [2, 9.5, 0, 13], "texture": "#2"},
				"up": {"uv": [2, 9.5, 4, 11.5], "texture": "#2"}
			}
		},
		{
			"from": [13, 11, 3],
			"to": [17, 18, 7],
			"rotation": {"angle": -45, "axis": "z", "origin": [10, 11, 8]},
			"faces": {
				"north": {"uv": [0, 9.5, 2, 13], "texture": "#2"},
				"east": {"uv": [2, 9.5, 0, 13], "texture": "#2"},
				"south": {"uv": [0, 9.5, 2, 13], "texture": "#2"},
				"west": {"uv": [2, 9.5, 0, 13], "texture": "#2"},
				"up": {"uv": [2, 9.5, 4, 11.5], "texture": "#2"}
			}
		}
	]
}