{
	"credit": "Made with Blockbench",
	"render_type": "cutout",
	"textures": {
		"2": "createdieselgenerators:block/diesel_engine_on",
		"3": "createdieselgenerators:block/diesel_engine_big",
		"4": "createdieselgenerators:block/engine_silencer",
		"particle": "createdieselgenerators:block/diesel_engine"
	},
	"elements": [
		{
			"from": [8, 0, 0],
			"to": [18, 4, 16],
			"rotation": {"angle": 0, "axis": "y", "origin": [8, 8, 8]},
			"faces": {
				"north": {"uv": [0, 12, 5, 14], "texture": "#3"},
				"east": {"uv": [8, 8, 16, 10], "texture": "#particle"},
				"south": {"uv": [5, 12, 0, 14], "texture": "#3"},
				"up": {"uv": [6, 8, 11, 16], "rotation": 180, "texture": "#3"},
				"down": {"uv": [6, 8, 11, 16], "rotation": 180, "texture": "#3"}
			}
		},
		{
			"from": [-2, 0, 0],
			"to": [8, 4, 16],
			"rotation": {"angle": 0, "axis": "y", "origin": [8, 8, 8]},
			"faces": {
				"north": {"uv": [5, 12, 0, 14], "texture": "#3"},
				"south": {"uv": [0, 12, 5, 14], "texture": "#3"},
				"west": {"uv": [8, 8, 16, 10], "texture": "#particle"},
				"up": {"uv": [11, 8, 6, 16], "rotation": 180, "texture": "#3"},
				"down": {"uv": [11, 8, 16, 16], "rotation": 180, "texture": "#3"}
			}
		},
		{
			"from": [0, 12, 0],
			"to": [16, 16, 16],
			"rotation": {"angle": 0, "axis": "y", "origin": [8, 8, 8]},
			"faces": {
				"north": {"uv": [0, 6, 8, 8], "texture": "#3"},
				"east": {"uv": [0, 0, 8, 2], "texture": "#3"},
				"south": {"uv": [0, 6, 8, 8], "texture": "#3"},
				"west": {"uv": [0, 0, 8, 2], "texture": "#3"},
				"up": {"uv": [8, 0, 16, 8], "rotation": 270, "texture": "#3"},
				"down": {"uv": [6, 8, 14, 16], "rotation": 180, "texture": "#3"}
			}
		},
		{
			"from": [12, 4, 0],
			"to": [16, 12, 16],
			"rotation": {"angle": 0, "axis": "y", "origin": [8, 8, 8]},
			"faces": {
				"north": {"uv": [6, 8, 4, 12], "texture": "#3"},
				"east": {"uv": [0, 2, 8, 6], "texture": "#3"},
				"south": {"uv": [4, 8, 6, 12], "texture": "#3"},
				"west": {"uv": [7, 10, 15, 14], "texture": "#3"},
				"up": {"uv": [0, 0, 2, 8], "rotation": 180, "texture": "#3"},
				"down": {"uv": [0, 0, 2, 8], "rotation": 180, "texture": "#3"}
			}
		},
		{
			"from": [0, 4, 0],
			"to": [4, 12, 16],
			"rotation": {"angle": 0, "axis": "y", "origin": [8, 8, 8]},
			"faces": {
				"north": {"uv": [4, 8, 6, 12], "texture": "#3"},
				"east": {"uv": [7, 10, 15, 14], "texture": "#3"},
				"south": {"uv": [6, 8, 4, 12], "texture": "#3"},
				"west": {"uv": [0, 2, 8, 6], "texture": "#3"},
				"up": {"uv": [0, 0, 2, 8], "rotation": 180, "texture": "#3"},
				"down": {"uv": [0, 0, 2, 8], "rotation": 180, "texture": "#3"}
			}
		},
		{
			"from": [4, 4, 1],
			"to": [12, 12, 15],
			"rotation": {"angle": 0, "axis": "y", "origin": [8, 8, 8]},
			"faces": {
				"north": {"uv": [0, 8, 4, 12], "texture": "#3"},
				"east": {"uv": [0, 4, 7, 8], "texture": "#3"},
				"south": {"uv": [0, 8, 4, 12], "texture": "#3"},
				"west": {"uv": [0, 0, 7, 4], "texture": "#3"},
				"up": {"uv": [11, 7, 7, 0], "rotation": 180, "texture": "#3"},
				"down": {"uv": [11, 7, 7, 14], "rotation": 180, "texture": "#3"}
			}
		},
		{
			"from": [-2.75, 7.5, 3],
			"to": [1.25, 13.5, 7],
			"rotation": {"angle": 45, "axis": "z", "origin": [-0.75, 10.5, 5]},
			"faces": {
				"north": {"uv": [0, 9.5, 2, 12.5], "texture": "#2"},
				"east": {"uv": [0, 9.5, 2, 12.5], "texture": "#2"},
				"south": {"uv": [0, 9.5, 2, 12.5], "texture": "#2"},
				"west": {"uv": [0, 9.5, 2, 12.5], "texture": "#2"},
				"up": {"uv": [2, 9.5, 4, 11.5], "texture": "#2"}
			}
		},
		{
			"from": [-2.75, 7.5, 9],
			"to": [1.25, 13.5, 13],
			"rotation": {"angle": 45, "axis": "z", "origin": [-0.75, 10.5, 11]},
			"faces": {
				"north": {"uv": [0, 9.5, 2, 12.5], "texture": "#2"},
				"east": {"uv": [0, 9.5, 2, 12.5], "texture": "#2"},
				"south": {"uv": [0, 9.5, 2, 12.5], "texture": "#2"},
				"west": {"uv": [0, 9.5, 2, 12.5], "texture": "#2"},
				"up": {"uv": [10, 12, 12, 14], "texture": "#2"}
			}
		},
		{
			"from": [14.75, 7.5, 3],
			"to": [18.75, 13.5, 7],
			"rotation": {"angle": -45, "axis": "z", "origin": [16.75, 10.5, 5]},
			"faces": {
				"north": {"uv": [0, 9.5, 2, 12.5], "texture": "#2"},
				"east": {"uv": [0, 9.5, 2, 12.5], "texture": "#2"},
				"south": {"uv": [0, 9.5, 2, 12.5], "texture": "#2"},
				"west": {"uv": [0, 9.5, 2, 12.5], "texture": "#2"},
				"up": {"uv": [10, 12, 12, 14], "texture": "#2"}
			}
		},
		{
			"from": [14.75, 7.5, 9],
			"to": [18.75, 13.5, 13],
			"rotation": {"angle": -45, "axis": "z", "origin": [16.75, 10.5, 11]},
			"faces": {
				"north": {"uv": [0, 9.5, 2, 12.5], "texture": "#2"},
				"east": {"uv": [0, 9.5, 2, 12.5], "texture": "#2"},
				"south": {"uv": [0, 9.5, 2, 12.5], "texture": "#2"},
				"west": {"uv": [0, 9.5, 2, 12.5], "texture": "#2"},
				"up": {"uv": [2, 9.5, 4, 11.5], "texture": "#2"}
			}
		},
		{
			"from": [3, 16.01, 3],
			"to": [13, 16.01, 13],
			"rotation": {"angle": 0, "axis": "y", "origin": [8, 8, 8]},
			"faces": {
				"up": {"uv": [9.5, 1.5, 14.5, 6.5], "rotation": 180, "texture": "#particle"}
			}
		},
		{
			"from": [-2, 4, 4],
			"to": [0, 6, 12],
			"rotation": {"angle": 0, "axis": "y", "origin": [-2, 6, 4]},
			"faces": {
				"north": {"uv": [14, 0, 16, 2], "texture": "#4"},
				"east": {"uv": [6, 0, 14, 2], "texture": "#4"},
				"south": {"uv": [14, 2, 16, 0], "texture": "#4"},
				"west": {"uv": [6, 2, 14, 0], "texture": "#4"},
				"up": {"uv": [6, 0, 14, 2], "rotation": 90, "texture": "#4"},
				"down": {"uv": [6, 0, 14, 2], "rotation": 90, "texture": "#4"}
			}
		},
		{
			"from": [-1, 4, 0],
			"to": [-1, 11, 9],
			"rotation": {"angle": 0, "axis": "y", "origin": [-3, 6, -1]},
			"faces": {
				"east": {"uv": [14, 2, 5, 9], "texture": "#4"},
				"west": {"uv": [5, 2, 14, 9], "texture": "#4"}
			}
		},
		{
			"from": [-3.1, 10, 2.5],
			"to": [1.9, 13, 7.5],
			"rotation": {"angle": 45, "axis": "z", "origin": [-1.5, 10, 3]},
			"faces": {
				"north": {"uv": [0, 2, 5, 5], "texture": "#4"},
				"east": {"uv": [5, 2, 0, 5], "texture": "#4"},
				"south": {"uv": [0, 2, 5, 5], "texture": "#4"},
				"west": {"uv": [5, 2, 0, 5], "texture": "#4"},
				"up": {"uv": [0, 0, 5, 5], "texture": "#4"}
			}
		},
		{
			"from": [-3.1, 10, 8.5],
			"to": [1.9, 13, 13.5],
			"rotation": {"angle": 45, "axis": "z", "origin": [-1.5, 10, 3]},
			"faces": {
				"north": {"uv": [0, 2, 5, 5], "texture": "#4"},
				"east": {"uv": [5, 2, 0, 5], "texture": "#4"},
				"south": {"uv": [0, 2, 5, 5], "texture": "#4"},
				"west": {"uv": [5, 2, 0, 5], "texture": "#4"},
				"up": {"uv": [0, 0, 5, 5], "texture": "#4"}
			}
		},
		{
			"from": [14.2, 10, 2.5],
			"to": [19.2, 13, 7.5],
			"rotation": {"angle": -45, "axis": "z", "origin": [17.5, 10, 3]},
			"faces": {
				"north": {"uv": [0, 2, 5, 5], "texture": "#4"},
				"east": {"uv": [5, 2, 0, 5], "texture": "#4"},
				"south": {"uv": [0, 2, 5, 5], "texture": "#4"},
				"west": {"uv": [5, 2, 0, 5], "texture": "#4"},
				"up": {"uv": [0, 0, 5, 5], "texture": "#4"}
			}
		},
		{
			"from": [14.2, 10, 8.5],
			"to": [19.2, 13, 13.5],
			"rotation": {"angle": -45, "axis": "z", "origin": [17.5, 10, 3]},
			"faces": {
				"north": {"uv": [0, 2, 5, 5], "texture": "#4"},
				"east": {"uv": [5, 2, 0, 5], "texture": "#4"},
				"south": {"uv": [0, 2, 5, 5], "texture": "#4"},
				"west": {"uv": [5, 2, 0, 5], "texture": "#4"},
				"up": {"uv": [0, 0, 5, 5], "texture": "#4"}
			}
		},
		{
			"from": [16, 4, 4],
			"to": [18, 6, 12],
			"rotation": {"angle": 0, "axis": "y", "origin": [16, 4, 4]},
			"faces": {
				"north": {"uv": [10, 0, 12, 2], "texture": "#4"},
				"east": {"uv": [6, 0, 14, 2], "texture": "#4"},
				"south": {"uv": [14, 2, 16, 0], "texture": "#4"},
				"west": {"uv": [6, 2, 14, 0], "texture": "#4"},
				"up": {"uv": [6, 0, 14, 2], "rotation": 90, "texture": "#4"},
				"down": {"uv": [6, 0, 14, 2], "rotation": 90, "texture": "#4"}
			}
		},
		{
			"from": [17, 4, 0],
			"to": [17, 11, 9],
			"rotation": {"angle": 0, "axis": "y", "origin": [15, 4, -1]},
			"faces": {
				"east": {"uv": [14, 2, 5, 9], "texture": "#4"},
				"west": {"uv": [5, 2, 14, 9], "texture": "#4"}
			}
		}
	]
}