{
	"credit": "Made with Blockbench",
	"parent": "block/block",
	"texture_size": [64, 64],
	
	"elements": [
		{
			"from": [4, 9.25, 4],
			"to": [15, 10.25, 12],
			"rotation": {"angle": 0, "axis": "y", "origin": [0, 0.25, 0]},
			"faces": {
				"north": {"uv": [6.75, 3.75, 9.5, 4], "texture": "#all"},
				"east": {"uv": [7, 1.25, 9, 1.5], "texture": "#all"},
				"south": {"uv": [6.75, 4, 9.5, 4.25], "texture": "#all"},
				"west": {"uv": [7, 5, 9, 5.25], "texture": "#all"},
				"up": {"uv": [2.75, 2, 0, 0], "texture": "#all"},
				"down": {"uv": [2.75, 2, 0, 4], "texture": "#all"}
			}
		},
		{
			"from": [11.51, 8.51, 5.01],
			"to": [14.49, 9.49, 10.99],
			"rotation": {"angle": 22.5, "axis": "z", "origin": [12.5, 9, 8]},
			"faces": {
				"north": {"uv": [5.75, 7.5, 6.5, 7.75], "texture": "#all"},
				"east": {"uv": [7.25, 2, 8.75, 2.25], "texture": "#all"},
				"south": {"uv": [6.5, 7.5, 7.25, 7.75], "texture": "#all"},
				"down": {"uv": [6, 5.25, 5.25, 6.75], "texture": "#all"}
			}
		},
		{
			"from": [2, 6.8, 5],
			"to": [4, 9.8, 11],
			"rotation": {"angle": 0, "axis": "y", "origin": [0, -0.2, 0]},
			"faces": {
				"north": {"uv": [7.25, 2.25, 7.75, 3], "texture": "#all"},
				"south": {"uv": [3, 7.25, 3.5, 8], "texture": "#all"},
				"west": {"uv": [0, 5.75, 1.5, 6.5], "texture": "#all"},
				"up": {"uv": [7, 1.5, 6.5, 0], "texture": "#all"},
				"down": {"uv": [1.25, 6.5, 0.75, 8], "texture": "#all"}
			}
		},
		{
			"from": [1.5, 5.65, 7],
			"to": [6.5, 8.65, 9],
			"rotation": {"angle": -22.5, "axis": "z", "origin": [3.5, 7.15, 8]},
			"faces": {
				"north": {"uv": [6, 5.25, 7.25, 6], "texture": "#all"},
				"south": {"uv": [6, 6, 7.25, 6.75], "texture": "#all"},
				"west": {"uv": [4.75, 7.25, 5.25, 8], "texture": "#all"},
				"up": {"uv": [7, 7.25, 5.75, 6.75], "texture": "#all"},
				"down": {"uv": [8.25, 0, 7, 0.5], "texture": "#all"}
			}
		},
		{
			"from": [-1.5, 6.41, 5.85],
			"to": [5.5, 9.41, 8.85],
			"rotation": {"angle": 22.5, "axis": "y", "origin": [3.5, 7.4, 8.85]},
			"faces": {
				"north": {"uv": [0, 5, 1.75, 5.75], "texture": "#all"},
				"east": {"uv": [3.5, 7, 4.25, 7.75], "texture": "#all"},
				"west": {"uv": [7, 4.25, 7.75, 5], "texture": "#all"},
				"up": {"uv": [5.25, 6, 3.5, 5.25], "texture": "#all"},
				"down": {"uv": [7, 4.5, 5.25, 5.25], "texture": "#all"}
			}
		},
		{
			"from": [-1.5, 6.4, 7.5],
			"to": [-0.5, 9.41, 8.5],
			"rotation": {"angle": 0, "axis": "y", "origin": [3.5, 7.4, 8.5]},
			"faces": {
				"north": {"uv": [1.75, 5, 2, 5.75], "texture": "#all"},
				"east": {"uv": [1.25, 7.75, 1.5, 8.5], "texture": "#all"},
				"south": {"uv": [1.5, 7.75, 1.75, 8.5], "texture": "#all"},
				"west": {"uv": [1.75, 7.75, 2, 8.5], "texture": "#all"},
				"up": {"uv": [7, 4.5, 6.75, 4.25], "texture": "#all"},
				"down": {"uv": [2.25, 7, 2, 7.25], "texture": "#all"}
			}
		},
		{
			"from": [-1.5, 6.4, 7.15],
			"to": [5.5, 9.4, 10.15],
			"rotation": {"angle": -22.5, "axis": "y", "origin": [3.5, 7.4, 7.15]},
			"faces": {
				"east": {"uv": [7, 0.5, 7.75, 1.25], "texture": "#all"},
				"south": {"uv": [3.5, 4.5, 5.25, 5.25], "texture": "#all"},
				"west": {"uv": [1.25, 7, 2, 7.75], "texture": "#all", "cullface": "west"},
				"up": {"uv": [6.5, 0.75, 4.75, 0], "texture": "#all"},
				"down": {"uv": [6.5, 0.75, 4.75, 1.5], "texture": "#all"}
			}
		},
		{
			"from": [4, 5.5, 5],
			"to": [12, 9.5, 11],
			"rotation": {"angle": 0, "axis": "y", "origin": [0, -0.5, 0]},
			"faces": {
				"north": {"uv": [0, 4, 2, 5], "texture": "#all"},
				"east": {"uv": [4.25, 2.5, 5.75, 3.5], "texture": "#all"},
				"south": {"uv": [4.25, 1.5, 6.25, 2.5], "texture": "#all"},
				"west": {"uv": [4.25, 3.5, 5.75, 4.5], "texture": "#all"},
				"down": {"uv": [4.75, 0, 2.75, 1.5], "texture": "#all"}
			}
		},
		{
			"from": [2.99, -0.01, 3.99],
			"to": [6.01, 1.01, 12.01],
			"rotation": {"angle": 0, "axis": "y", "origin": [-6, 0, 0]},
			"faces": {
				"north": {"uv": [7.25, 7.5, 8, 7.75], "texture": "#all"},
				"east": {"uv": [7, 6.75, 9, 7], "texture": "#all"},
				"south": {"uv": [0, 7.75, 0.75, 8], "texture": "#all"},
				"west": {"uv": [7, 7, 9, 7.25], "texture": "#all"},
				"up": {"uv": [2.75, 6, 2, 4], "texture": "#all"},
				"down": {"uv": [3.5, 4.5, 2.75, 6.5], "texture": "#all"}
			}
		},
		{
			"from": [9.99, -0.01, 3.99],
			"to": [13.01, 1.01, 12.01],
			"faces": {
				"north": {"uv": [7.25, 7.5, 8, 7.75], "texture": "#all"},
				"east": {"uv": [7, 6.75, 9, 7], "texture": "#all"},
				"south": {"uv": [0, 7.75, 0.75, 8], "texture": "#all"},
				"west": {"uv": [7, 7, 9, 7.25], "texture": "#all"},
				"up": {"uv": [2, 4, 2.75, 6], "texture": "#all"},
				"down": {"uv": [2.75, 4.5, 3.5, 6.5], "texture": "#all"}
			}
		},
		{
			"from": [4.99, 0.99, 4.99],
			"to": [11.01, 2.01, 11.01],
			"rotation": {"angle": 0, "axis": "y", "origin": [8, 1.5, 8]},
			"faces": {
				"north": {"uv": [7.25, 5.25, 8.75, 5.5], "texture": "#all"},
				"east": {"uv": [7.25, 5.5, 8.75, 5.75], "texture": "#all"},
				"south": {"uv": [5.75, 7.25, 7.25, 7.5], "texture": "#all"},
				"west": {"uv": [7.25, 5.75, 8.75, 6], "texture": "#all"},
				"up": {"uv": [4.25, 3, 2.75, 1.5], "texture": "#all"},
				"down": {"uv": [4.25, 3, 2.75, 4.5], "texture": "#all"}
			}
		},
		{
			"from": [3.5, 0.79289, 5],
			"to": [5.5, 1.79289, 11],
			"rotation": {"angle": 45, "axis": "z", "origin": [5, 1.29289, 8]},
			"faces": {
				"north": {"uv": [1.5, 5.75, 2, 6], "texture": "#all"},
				"east": {"uv": [7.25, 6, 8.75, 6.25], "texture": "#all"},
				"south": {"uv": [6.25, 2.25, 6.75, 2.5], "texture": "#all"},
				"west": {"uv": [7.25, 6.25, 8.75, 6.5], "texture": "#all"},
				"up": {"uv": [7.25, 3.75, 6.75, 2.25], "texture": "#all"},
				"down": {"uv": [5.75, 6.75, 5.25, 8.25], "texture": "#all"}
			}
		},
		{
			"from": [10.5, 0.79289, 5],
			"to": [12.5, 1.79289, 11],
			"rotation": {"angle": -45, "axis": "z", "origin": [11, 1.29289, 8]},
			"faces": {
				"north": {"uv": [1.5, 5.75, 2, 6], "texture": "#all"},
				"east": {"uv": [7.25, 6, 8.75, 6.25], "texture": "#all"},
				"south": {"uv": [6.25, 2.25, 6.75, 2.5], "texture": "#all"},
				"west": {"uv": [7.25, 6.25, 8.75, 6.5], "texture": "#all"},
				"up": {"uv": [6.75, 2.25, 7.25, 3.75], "texture": "#all"},
				"down": {"uv": [5.25, 6.75, 5.75, 8.25], "texture": "#all"}
			}
		},
		{
			"from": [5.99, 1.99, 5.99],
			"to": [10.01, 6.01, 10.01],
			"faces": {
				"north": {"uv": [5.75, 2.5, 6.75, 3.5], "texture": "#all"},
				"east": {"uv": [5.75, 3.5, 6.75, 4.5], "texture": "#all"},
				"south": {"uv": [1.5, 6, 2.5, 7], "texture": "#all"},
				"west": {"uv": [3.5, 6, 4.5, 7], "texture": "#all"}
			}
		},
		{
			"from": [6, 1.5, 5.20711],
			"to": [10, 3.5, 6.20711],
			"rotation": {"angle": 45, "axis": "x", "origin": [8, 2, 5.70711]},
			"faces": {
				"north": {"uv": [7.25, 1.5, 8.25, 2], "texture": "#all"},
				"east": {"uv": [2.5, 6, 2.75, 6.5], "texture": "#all"},
				"south": {"uv": [2, 7.25, 3, 7.75], "texture": "#all"},
				"west": {"uv": [1.25, 6.5, 1.5, 7], "texture": "#all"}
			}
		},
		{
			"from": [6, 1.20711, 9.08579],
			"to": [10, 3.20711, 10.08579],
			"rotation": {"angle": -45, "axis": "x", "origin": [8, 2.70711, 9.58579]},
			"faces": {
				"north": {"uv": [7.25, 1.5, 8.25, 2], "texture": "#all"},
				"east": {"uv": [2.5, 6, 2.75, 6.5], "texture": "#all"},
				"south": {"uv": [2, 7.25, 3, 7.75], "texture": "#all"},
				"west": {"uv": [1.25, 6.5, 1.5, 7], "texture": "#all"}
			}
		},
		{
			"from": [8.75, 4, 6],
			"to": [10.75, 7, 10],
			"rotation": {"angle": -22.5, "axis": "z", "origin": [8.75, 5.5, 8]},
			"faces": {
				"north": {"uv": [7.25, 3, 7.75, 3.75], "texture": "#all"},
				"east": {"uv": [6.25, 1.5, 7.25, 2.25], "texture": "#all"},
				"south": {"uv": [4.25, 7.25, 4.75, 8], "texture": "#all"},
				"west": {"uv": [2.5, 6.5, 3.5, 7.25], "texture": "#all"}
			}
		},
		{
			"from": [5.25, 4, 6],
			"to": [7.25, 7, 10],
			"rotation": {"angle": 22.5, "axis": "z", "origin": [7.25, 5.5, 8]},
			"faces": {
				"north": {"uv": [7.25, 3, 7.75, 3.75], "texture": "#all"},
				"east": {"uv": [6.25, 1.5, 7.25, 2.25], "texture": "#all"},
				"south": {"uv": [4.25, 7.25, 4.75, 8], "texture": "#all"},
				"west": {"uv": [2.5, 6.5, 3.5, 7.25], "texture": "#all"}
			}
		},
		{
			"from": [5.20711, 0, 4.32843],
			"to": [8.20711, 1, 9.32843],
			"rotation": {"angle": 45, "axis": "y", "origin": [6.70711, 0.5, 6.82843]},
			"faces": {
				"north": {"uv": [7.75, 0.5, 8.5, 0.75], "texture": "#all"},
				"east": {"uv": [7.25, 6.5, 8.5, 6.75], "texture": "#all"},
				"south": {"uv": [7.75, 0.75, 8.5, 1], "texture": "#all"},
				"west": {"uv": [7.25, 7.25, 8.5, 7.5], "texture": "#all"},
				"up": {"uv": [5.25, 7.25, 4.5, 6], "texture": "#all"},
				"down": {"uv": [0.75, 6.5, 0, 7.75], "texture": "#all"}
			}
		},
		{
			"from": [7.79289, 0, 6.67157],
			"to": [10.79289, 1, 11.67157],
			"rotation": {"angle": 45, "axis": "y", "origin": [9.29289, 0.5, 9.17157]},
			"faces": {
				"north": {"uv": [7.75, 0.5, 8.5, 0.75], "texture": "#all"},
				"east": {"uv": [7.25, 6.5, 8.5, 6.75], "texture": "#all"},
				"south": {"uv": [7.75, 0.75, 8.5, 1], "texture": "#all"},
				"west": {"uv": [7.25, 7.25, 8.5, 7.5], "texture": "#all"},
				"up": {"uv": [4.5, 6, 5.25, 7.25], "texture": "#all"},
				"down": {"uv": [0, 6.5, 0.75, 7.75], "texture": "#all"}
			}
		},
		{
			"from": [5.20711, 0, 6.67157],
			"to": [8.20711, 1, 11.67157],
			"rotation": {"angle": -45, "axis": "y", "origin": [6.70711, 0.5, 9.17157]},
			"faces": {
				"north": {"uv": [7.75, 0.5, 8.5, 0.75], "texture": "#all"},
				"east": {"uv": [7.25, 6.5, 8.5, 6.75], "texture": "#all"},
				"south": {"uv": [7.75, 0.75, 8.5, 1], "texture": "#all"},
				"west": {"uv": [7.25, 7.25, 8.5, 7.5], "texture": "#all"},
				"up": {"uv": [4.5, 6, 5.25, 7.25], "texture": "#all"},
				"down": {"uv": [0, 6.5, 0.75, 7.75], "texture": "#all"}
			}
		},
		{
			"from": [7.79289, 0, 4.32843],
			"to": [10.79289, 1, 9.32843],
			"rotation": {"angle": -45, "axis": "y", "origin": [9.29289, 0.5, 6.82843]},
			"faces": {
				"north": {"uv": [7.75, 0.5, 8.5, 0.75], "texture": "#all"},
				"east": {"uv": [7.25, 6.5, 8.5, 6.75], "texture": "#all"},
				"south": {"uv": [7.75, 0.75, 8.5, 1], "texture": "#all"},
				"west": {"uv": [7.25, 7.25, 8.5, 7.5], "texture": "#all"},
				"up": {"uv": [4.5, 6, 5.25, 7.25], "texture": "#all"},
				"down": {"uv": [0, 6.5, 0.75, 7.75], "texture": "#all"}
			}
		}
	],
	"display": {
		"thirdperson_righthand": {
			"rotation": [75, -45, 0],
			"translation": [0, 2.5, 0],
			"scale": [0.375, 0.375, 0.375]
		},
		"thirdperson_lefthand": {
			"rotation": [75, 135, 0],
			"translation": [0, 2.5, 0],
			"scale": [0.375, 0.375, 0.375]
		},
		"firstperson_righthand": {
			"rotation": [0, 135, 0],
			"scale": [0.5, 0.5, 0.5]
		},
		"firstperson_lefthand": {
			"rotation": [0, -45, 0],
			"scale": [0.5, 0.5, 0.5]
		},
		"ground": {
			"translation": [0, 3, 0],
			"scale": [0.3, 0.3, 0.3]
		},
		"gui": {
			"rotation": [30, 225, 0],
			"translation": [0.5, 1, 0],
			"scale": [0.75, 0.75, 0.75]
		},
		"head": {
			"rotation": [0, -90, 0],
			"translation": [0, 14.5, 0]
		},
		"fixed": {
			"scale": [0.6, 0.6, 0.6]
		}
	}
}