{
	"credit": "Made with Blockbench",
	"render_type": "cutout",
	"texture_size": [32, 32],
	"textures": {
		"2": "createdieselgenerators:block/diesel_engine",
		"3": "createdieselgenerators:block/diesel_engine_big",
		"4": "create:block/axis",
		"5": "create:block/axis_top",
		"particle": "createdieselgenerators:block/diesel_engine"
	},
	"elements": [
		{
			"from": [-2, 0, 0],
			"to": [8, 4, 16],
			"faces": {
				"north": {"uv": [5, 12, 0, 14], "texture": "#3"},
				"east": {"uv": [6.5, 8, 14.5, 10], "texture": "#3"},
				"south": {"uv": [0, 12, 5, 14], "texture": "#3"},
				"west": {"uv": [8, 10, 16, 8], "texture": "#2"},
				"up": {"uv": [16, 8, 11, 16], "texture": "#3"},
				"down": {"uv": [6, 8, 11, 16], "texture": "#3"}
			}
		},
		{
			"from": [8, 0, 0],
			"to": [18, 4, 16],
			"faces": {
				"north": {"uv": [0, 12, 5, 14], "texture": "#3"},
				"east": {"uv": [8, 8, 16, 10], "texture": "#2"},
				"south": {"uv": [5, 12, 0, 14], "texture": "#3"},
				"west": {"uv": [16, 8, 14, 16], "rotation": 90, "texture": "#3"},
				"up": {"uv": [11, 8, 6, 16], "texture": "#3"},
				"down": {"uv": [11, 8, 16, 16], "texture": "#3"}
			}
		},
		{
			"from": [0, 12, 0],
			"to": [16, 16, 16],
			"faces": {
				"north": {"uv": [0, 6, 8, 8], "texture": "#3"},
				"east": {"uv": [0, 0, 8, 2], "texture": "#3"},
				"south": {"uv": [0, 6, 8, 8], "texture": "#3"},
				"west": {"uv": [0, 0, 8, 2], "texture": "#3"},
				"up": {"uv": [8, 0, 16, 8], "texture": "#3"},
				"down": {"uv": [6, 8, 14, 16], "texture": "#3"}
			}
		},
		{
			"from": [0, 4, 0],
			"to": [4, 12, 16],
			"faces": {
				"north": {"uv": [4, 8, 6, 12], "texture": "#3"},
				"east": {"uv": [7, 10, 15, 14], "texture": "#3"},
				"south": {"uv": [6, 8, 4, 12], "texture": "#3"},
				"west": {"uv": [0, 2, 8, 6], "texture": "#3"},
				"up": {"uv": [0, 0, 2, 8], "texture": "#3"},
				"down": {"uv": [0, 0, 2, 8], "texture": "#3"}
			}
		},
		{
			"from": [12, 4, 0],
			"to": [16, 12, 16],
			"faces": {
				"north": {"uv": [6, 8, 4, 12], "texture": "#3"},
				"east": {"uv": [0, 2, 8, 6], "texture": "#3"},
				"south": {"uv": [4, 8, 6, 12], "texture": "#3"},
				"west": {"uv": [7, 10, 15, 14], "texture": "#3"},
				"up": {"uv": [0, 0, 2, 8], "texture": "#3"},
				"down": {"uv": [0, 0, 2, 8], "texture": "#3"}
			}
		},
		{
			"from": [4, 4, 1],
			"to": [12, 12, 15],
			"faces": {
				"north": {"uv": [0, 8, 4, 12], "texture": "#3"},
				"east": {"uv": [0, 0, 7, 4], "texture": "#3"},
				"south": {"uv": [0, 8, 4, 12], "texture": "#3"},
				"west": {"uv": [0, 4, 7, 8], "texture": "#3"},
				"up": {"uv": [11, 7, 7, 0], "texture": "#3"},
				"down": {"uv": [11, 7, 7, 14], "texture": "#3"}
			}
		},
		{
			"from": [-2.75, 7.5, 3],
			"to": [1.25, 13.5, 7],
			"rotation": {"angle": 45, "axis": "z", "origin": [-0.75, 10.5, 5]},
			"faces": {
				"north": {"uv": [0, 9.5, 2, 12.5], "texture": "#2"},
				"east": {"uv": [0, 9.5, 2, 12.5], "texture": "#2"},
				"south": {"uv": [0, 9.5, 2, 12.5], "texture": "#2"},
				"west": {"uv": [0, 9.5, 2, 12.5], "texture": "#2"},
				"up": {"uv": [10, 12, 12, 14], "texture": "#2"}
			}
		},
		{
			"from": [-2.75, 7.5, 9],
			"to": [1.25, 13.5, 13],
			"rotation": {"angle": 45, "axis": "z", "origin": [-0.75, 10.5, 11]},
			"faces": {
				"north": {"uv": [0, 9.5, 2, 12.5], "texture": "#2"},
				"east": {"uv": [0, 9.5, 2, 12.5], "texture": "#2"},
				"south": {"uv": [0, 9.5, 2, 12.5], "texture": "#2"},
				"west": {"uv": [0, 9.5, 2, 12.5], "texture": "#2"},
				"up": {"uv": [10, 12, 12, 14], "texture": "#2"}
			}
		},
		{
			"from": [14.75, 7.5, 3],
			"to": [18.75, 13.5, 7],
			"rotation": {"angle": -45, "axis": "z", "origin": [16.75, 10.5, 5]},
			"faces": {
				"north": {"uv": [0, 9.5, 2, 12.5], "texture": "#2"},
				"east": {"uv": [0, 9.5, 2, 12.5], "texture": "#2"},
				"south": {"uv": [0, 9.5, 2, 12.5], "texture": "#2"},
				"west": {"uv": [0, 9.5, 2, 12.5], "texture": "#2"},
				"up": {"uv": [10, 12, 12, 14], "texture": "#2"}
			}
		},
		{
			"from": [14.75, 7.5, 9],
			"to": [18.75, 13.5, 13],
			"rotation": {"angle": -45, "axis": "z", "origin": [16.75, 10.5, 11]},
			"faces": {
				"north": {"uv": [0, 9.5, 2, 12.5], "texture": "#2"},
				"east": {"uv": [0, 9.5, 2, 12.5], "texture": "#2"},
				"south": {"uv": [0, 9.5, 2, 12.5], "texture": "#2"},
				"west": {"uv": [0, 9.5, 2, 12.5], "texture": "#2"},
				"up": {"uv": [10, 12, 12, 14], "texture": "#2"}
			}
		},
		{
			"from": [6, 6, 0],
			"to": [10, 10, 16],
			"rotation": {"angle": 22.5, "axis": "z", "origin": [8, 8, 15]},
			"faces": {
				"north": {"uv": [6, 6, 10, 10], "texture": "#5"},
				"east": {"uv": [6, 0, 10, 16], "rotation": 90, "texture": "#4"},
				"south": {"uv": [6, 6, 10, 10], "texture": "#5"},
				"west": {"uv": [6, 0, 10, 16], "rotation": 90, "texture": "#4"},
				"up": {"uv": [6, 0, 10, 16], "texture": "#4"},
				"down": {"uv": [6, 0, 10, 16], "texture": "#4"}
			}
		}
	],
	"display": {
		"thirdperson_righthand": {
			"rotation": [75, 45, 0],
			"translation": [0, 2.5, 0],
			"scale": [0.375, 0.375, 0.375]
		},
		"thirdperson_lefthand": {
			"rotation": [75, 45, 0],
			"translation": [0, 2.5, 0],
			"scale": [0.375, 0.375, 0.375]
		},
		"firstperson_righthand": {
			"rotation": [0, 45, 0],
			"scale": [0.4, 0.4, 0.4]
		},
		"firstperson_lefthand": {
			"rotation": [0, 225, 0],
			"scale": [0.4, 0.4, 0.4]
		},
		"ground": {
			"translation": [0, 3, 0],
			"scale": [0.25, 0.25, 0.25]
		},
		"gui": {
			"rotation": [30, 45, 0],
			"scale": [0.5, 0.5, 0.5]
		},
		"head": {
			"rotation": [0, 180, 0]
		},
		"fixed": {
			"rotation": [-90, 90, 0],
			"translation": [0, 0, -7]
		}
	}
}