{
	"parent":"minecraft:block/block",
	"dynamic":true,"inner_model":{
		"parent":"minecraft:block/block",
		"callbacks":"immersiveengineering:workbench",
		"loader":"immersiveengineering:ie_obj",
		"model":"immersiveengineering:models/block/wooden_device/workbench.obj.ie",
		"textures":{
			"particle":"immersiveengineering:block/wooden_decoration/treated_wood_vertical"
		}
	},
	"loader":"immersiveengineering:basic_split",
	"split_parts":[[0,0,0],[1,0,0]],"textures":{
		"particle":"immersiveengineering:block/wooden_decoration/treated_wood_vertical"
	}
}