{
	"format_version": "1.21.6",
	"credit": "Made with Blockbench",
	"render_type": "cutout",
	"textures": {
		"0": "createdieselgenerators:block/engine_piston_block",
		"1": "createdieselgenerators:block/engine_silencer",
		"particle": "createdieselgenerators:block/engine_piston_block"
	},
	"elements": [
		{
			"from": [3.5, 3.5, 13],
			"to": [12.5, 12.5, 19.5],
			"rotation": {"angle": 0, "axis": "y", "origin": [8, 8, 9]},
			"faces": {
				"east": {"uv": [13.5, 7, 16, 11], "rotation": 180, "texture": "#0"},
				"south": {"uv": [9.5, 7, 13.5, 11], "rotation": 90, "texture": "#0"},
				"west": {"uv": [16, 7, 13.5, 11], "rotation": 180, "texture": "#0"},
				"up": {"uv": [13.5, 11, 16, 7], "rotation": 90, "texture": "#0"},
				"down": {"uv": [13.5, 7, 16, 11], "rotation": 90, "texture": "#0"}
			}
		},
		{
			"from": [14.5, 0, 4],
			"to": [16.5, 2, 12],
			"rotation": {"angle": 0, "axis": "y", "origin": [8, 7, 8]},
			"faces": {
				"north": {"uv": [13.8, 2, 16, 0], "texture": "#1"},
				"east": {"uv": [6, 2, 13.8, 0], "texture": "#1"},
				"south": {"uv": [13.8, 0, 16, 2], "texture": "#1"},
				"west": {"uv": [6, 0, 13.8, 2], "texture": "#1"},
				"up": {"uv": [6, 0, 13.8, 2], "rotation": 270, "texture": "#1"},
				"down": {"uv": [6, 0, 13.8, 2], "rotation": 270, "texture": "#1"}
			}
		},
		{
			"from": [0.5, 0, 6.5],
			"to": [0.5, 5, 15.5],
			"rotation": {"angle": 0, "axis": "y", "origin": [8, 7, 8]},
			"faces": {
				"east": {"uv": [5, 4, 14, 9], "texture": "#1"},
				"west": {"uv": [14, 4, 5, 9], "texture": "#1"}
			}
		},
		{
			"from": [0.5, 0, 15.5],
			"to": [7.5, 5, 15.5],
			"rotation": {"angle": 0, "axis": "y", "origin": [8, 7, 8]},
			"faces": {
				"north": {"uv": [7, 2, 14, 7], "texture": "#1"},
				"south": {"uv": [14, 2, 7, 7], "texture": "#1"}
			}
		},
		{
			"from": [-0.5, 0, 4],
			"to": [1.5, 2, 12],
			"rotation": {"angle": 0, "axis": "y", "origin": [8, 7, 8]},
			"faces": {
				"north": {"uv": [13.8, 2, 16, 0], "texture": "#1"},
				"east": {"uv": [6, 2, 13.8, 0], "texture": "#1"},
				"south": {"uv": [13.8, 0, 16, 2], "texture": "#1"},
				"west": {"uv": [6, 0, 13.8, 2], "texture": "#1"},
				"up": {"uv": [6, 0, 13.8, 2], "rotation": 270, "texture": "#1"},
				"down": {"uv": [6, 0, 13.8, 2], "rotation": 270, "texture": "#1"}
			}
		},
		{
			"from": [15.5, 0, 6.5],
			"to": [15.5, 5, 15.5],
			"rotation": {"angle": 0, "axis": "y", "origin": [8, 7, 8]},
			"faces": {
				"east": {"uv": [5, 4, 14, 9], "texture": "#1"},
				"west": {"uv": [14, 4, 5, 9], "texture": "#1"}
			}
		},
		{
			"from": [8.5, 0, 15.5],
			"to": [15.5, 5, 15.5],
			"rotation": {"angle": 0, "axis": "y", "origin": [8, 7, 8]},
			"faces": {
				"north": {"uv": [14, 2, 7, 7], "texture": "#1"},
				"south": {"uv": [14, 2, 7, 7], "texture": "#1"}
			}
		}
	]
}