{
	"ambientocclusion": true,
	"parent": "minecraft:block/cube_bottom_top",
	"textures": {
		"1": "ae2:block/cell_workbench",
		"2": "ae2:block/cell_workbench_bottom",
		"3": "ae2:block/cell_workbench_side",
		"top": "ae2:block/cell_workbench",
		"bottom": "ae2:block/cell_workbench_bottom",
		"side": "ae2:block/cell_workbench_side"
	},
	"elements": [
		{
			"from": [1, 0, 1],
			"to": [15, 15, 15],
			"faces": {
				"north": {"uv": [1, 1, 15, 16], "texture": "#3"},
				"east": {"uv": [1, 1, 15, 16], "texture": "#3"},
				"south": {"uv": [1, 1, 15, 16], "texture": "#3"},
				"west": {"uv": [1, 1, 15, 16], "texture": "#3"},
				"up": {"uv": [1, 1, 15, 15], "texture": "#1"},
				"down": {"uv": [1, 1, 15, 15], "texture": "#2"}
			}
		},
		{
			"from": [0, 0, 0],
			"to": [15, 4, 1],
			"faces": {
				"north": {"uv": [1, 12, 16, 16], "texture": "#3"},
				"east": {"uv": [0, 0, 1, 4], "texture": "#missing"},
				"south": {"uv": [0, 0, 15, 4], "texture": "#missing"},
				"west": {"uv": [0, 12, 1, 16], "texture": "#3"},
				"up": {"uv": [0, 0, 15, 1], "texture": "#2"},
				"down": {"uv": [1, 0, 16, 1], "texture": "#2"}
			}
		},
		{
			"from": [0, 6, 0],
			"to": [15, 15, 1],
			"rotation": {"angle": 0, "axis": "y", "origin": [0, 12, 0]},
			"faces": {
				"north": {"uv": [1, 1, 16, 10], "texture": "#3"},
				"east": {"uv": [0, 0, 1, 9], "texture": "#missing"},
				"south": {"uv": [0, 0, 15, 9], "texture": "#missing"},
				"west": {"uv": [0, 1, 1, 10], "texture": "#3"},
				"up": {"uv": [0, 0, 15, 1], "texture": "#missing"},
				"down": {"uv": [0, 0, 15, 1], "texture": "#2"}
			}
		},
		{
			"from": [0, 0, 1],
			"to": [1, 4, 16],
			"rotation": {"angle": 0, "axis": "y", "origin": [0, 12, 16]},
			"faces": {
				"north": {"uv": [0, 0, 1, 4], "texture": "#missing"},
				"east": {"uv": [0, 0, 15, 4], "texture": "#missing"},
				"south": {"uv": [0, 12, 1, 16], "texture": "#3"},
				"west": {"uv": [1, 12, 16, 16], "texture": "#3"},
				"up": {"uv": [0, 0, 15, 1], "rotation": 270, "texture": "#2"},
				"down": {"uv": [1, 0, 16, 1], "rotation": 90, "texture": "#2"}
			}
		},
		{
			"from": [0, 4, 1],
			"to": [1, 6, 5],
			"rotation": {"angle": 0, "axis": "y", "origin": [0, 0, 4]},
			"faces": {
				"north": {"uv": [0, 0, 1, 2], "texture": "#missing"},
				"east": {"uv": [0, 0, 4, 2], "texture": "#missing"},
				"south": {"uv": [0, 0, 1, 2], "texture": "#2"},
				"west": {"uv": [1, 10, 5, 12], "texture": "#3"},
				"up": {"uv": [0, 0, 4, 1], "rotation": 270, "texture": "#missing"},
				"down": {"uv": [0, 0, 4, 1], "rotation": 90, "texture": "#missing"}
			}
		},
		{
			"from": [11, 4, 15],
			"to": [16, 6, 16],
			"rotation": {"angle": 0, "axis": "y", "origin": [16, 12, 16]},
			"faces": {
				"north": {"uv": [0, 0, 5, 2], "texture": "#missing"},
				"east": {"uv": [0, 10, 1, 12], "texture": "#3"},
				"south": {"uv": [11, 10, 16, 12], "texture": "#3"},
				"west": {"uv": [0, 0, 1, 2], "texture": "#2"},
				"up": {"uv": [0, 0, 5, 1], "rotation": 180, "texture": "#missing"},
				"down": {"uv": [0, 0, 5, 1], "rotation": 180, "texture": "#missing"}
			}
		},
		{
			"from": [1, 6, 15],
			"to": [16, 15, 16],
			"rotation": {"angle": 0, "axis": "y", "origin": [16, 12, 16]},
			"faces": {
				"north": {"uv": [0, 0, 15, 9], "texture": "#missing"},
				"east": {"uv": [0, 1, 1, 10], "texture": "#3"},
				"south": {"uv": [1, 1, 16, 10], "texture": "#3"},
				"west": {"uv": [0, 0, 1, 9], "texture": "#missing"},
				"up": {"uv": [0, 0, 15, 1], "rotation": 180, "texture": "#missing"},
				"down": {"uv": [0, 0, 15, 1], "rotation": 180, "texture": "#2"}
			}
		},
		{
			"from": [15, 0, 0],
			"to": [16, 4, 15],
			"rotation": {"angle": 0, "axis": "y", "origin": [16, 12, 0]},
			"faces": {
				"north": {"uv": [0, 12, 1, 16], "texture": "#3"},
				"east": {"uv": [1, 12, 16, 16], "texture": "#3"},
				"south": {"uv": [0, 0, 1, 4], "texture": "#missing"},
				"west": {"uv": [0, 0, 15, 4], "texture": "#missing"},
				"up": {"uv": [0, 0, 15, 1], "rotation": 90, "texture": "#2"},
				"down": {"uv": [1, 0, 16, 1], "rotation": 270, "texture": "#2"}
			}
		},
		{
			"from": [15, 4, 11],
			"to": [16, 6, 15],
			"rotation": {"angle": 0, "axis": "y", "origin": [16, 0, 12]},
			"faces": {
				"north": {"uv": [0, 0, 1, 2], "texture": "#2"},
				"east": {"uv": [1, 10, 5, 12], "texture": "#3"},
				"south": {"uv": [0, 0, 1, 2], "texture": "#missing"},
				"west": {"uv": [0, 0, 4, 2], "texture": "#missing"},
				"up": {"uv": [0, 0, 4, 1], "rotation": 90, "texture": "#missing"},
				"down": {"uv": [0, 0, 4, 1], "rotation": 270, "texture": "#missing"}
			}
		},
		{
			"from": [15, 4, 0],
			"to": [16, 6, 5],
			"rotation": {"angle": 0, "axis": "y", "origin": [16, 12, 0]},
			"faces": {
				"north": {"uv": [0, 10, 1, 12], "texture": "#3"},
				"east": {"uv": [11, 10, 16, 12], "texture": "#3"},
				"south": {"uv": [0, 0, 1, 2], "texture": "#2"},
				"west": {"uv": [0, 0, 5, 2], "texture": "#missing"},
				"up": {"uv": [0, 0, 5, 1], "rotation": 90, "texture": "#missing"},
				"down": {"uv": [0, 0, 5, 1], "rotation": 270, "texture": "#missing"}
			}
		},
		{
			"from": [15, 6, 0],
			"to": [16, 15, 15],
			"rotation": {"angle": 0, "axis": "y", "origin": [16, 12, 0]},
			"faces": {
				"north": {"uv": [0, 1, 1, 10], "texture": "#3"},
				"east": {"uv": [1, 1, 16, 10], "texture": "#3"},
				"south": {"uv": [0, 0, 1, 9], "texture": "#missing"},
				"west": {"uv": [0, 0, 15, 9], "texture": "#missing"},
				"up": {"uv": [0, 0, 15, 1], "rotation": 90, "texture": "#missing"},
				"down": {"uv": [0, 0, 15, 1], "rotation": 270, "texture": "#2"}
			}
		},
		{
			"from": [1, 0, 15],
			"to": [16, 4, 16],
			"rotation": {"angle": 0, "axis": "y", "origin": [16, 12, 16]},
			"faces": {
				"north": {"uv": [0, 0, 15, 4], "texture": "#missing"},
				"east": {"uv": [0, 12, 1, 16], "texture": "#3"},
				"south": {"uv": [1, 12, 16, 16], "texture": "#3"},
				"west": {"uv": [0, 0, 1, 4], "texture": "#missing"},
				"up": {"uv": [0, 0, 15, 1], "rotation": 180, "texture": "#2"},
				"down": {"uv": [1, 0, 16, 1], "rotation": 180, "texture": "#2"}
			}
		},
		{
			"from": [1, 4, 15],
			"to": [5, 6, 16],
			"rotation": {"angle": 0, "axis": "y", "origin": [4, 0, 16]},
			"faces": {
				"north": {"uv": [0, 0, 4, 2], "texture": "#missing"},
				"east": {"uv": [0, 0, 1, 2], "texture": "#2"},
				"south": {"uv": [1, 10, 5, 12], "texture": "#3"},
				"west": {"uv": [0, 0, 1, 2], "texture": "#missing"},
				"up": {"uv": [0, 0, 4, 1], "rotation": 180, "texture": "#missing"},
				"down": {"uv": [0, 0, 4, 1], "rotation": 180, "texture": "#missing"}
			}
		},
		{
			"from": [0, 4, 11],
			"to": [1, 6, 16],
			"rotation": {"angle": 0, "axis": "y", "origin": [0, 12, 16]},
			"faces": {
				"north": {"uv": [0, 0, 1, 2], "texture": "#2"},
				"east": {"uv": [0, 0, 5, 2], "texture": "#missing"},
				"south": {"uv": [0, 10, 1, 12], "texture": "#3"},
				"west": {"uv": [11, 10, 16, 12], "texture": "#3"},
				"up": {"uv": [0, 0, 5, 1], "rotation": 270, "texture": "#missing"},
				"down": {"uv": [0, 0, 5, 1], "rotation": 90, "texture": "#missing"}
			}
		},
		{
			"from": [0, 6, 1],
			"to": [1, 15, 16],
			"rotation": {"angle": 0, "axis": "y", "origin": [0, 12, 16]},
			"faces": {
				"north": {"uv": [0, 0, 1, 9], "texture": "#missing"},
				"east": {"uv": [0, 0, 15, 9], "texture": "#missing"},
				"south": {"uv": [0, 1, 1, 10], "texture": "#3"},
				"west": {"uv": [1, 1, 16, 10], "texture": "#3"},
				"up": {"uv": [0, 0, 15, 1], "rotation": 270, "texture": "#missing"},
				"down": {"uv": [0, 0, 15, 1], "rotation": 90, "texture": "#2"}
			}
		},
		{
			"from": [0, 4, 0],
			"to": [5, 6, 1],
			"faces": {
				"north": {"uv": [11, 10, 16, 12], "texture": "#3"},
				"east": {"uv": [0, 0, 1, 2], "texture": "#2"},
				"south": {"uv": [0, 0, 5, 2], "texture": "#missing"},
				"west": {"uv": [0, 10, 1, 12], "texture": "#3"},
				"up": {"uv": [0, 0, 5, 1], "texture": "#missing"},
				"down": {"uv": [0, 0, 5, 1], "texture": "#missing"}
			}
		},
		{
			"from": [11, 4, 0],
			"to": [15, 6, 1],
			"rotation": {"angle": 0, "axis": "y", "origin": [12, 0, 0]},
			"faces": {
				"north": {"uv": [1, 10, 5, 12], "texture": "#3"},
				"east": {"uv": [0, 0, 1, 2], "texture": "#missing"},
				"south": {"uv": [0, 0, 4, 2], "texture": "#missing"},
				"west": {"uv": [0, 0, 1, 2], "texture": "#2"},
				"up": {"uv": [0, 0, 4, 1], "texture": "#missing"},
				"down": {"uv": [0, 0, 4, 1], "texture": "#missing"}
			}
		},
		{
			"from": [0, 15, 0],
			"to": [16, 16, 3],
			"rotation": {"angle": 0, "axis": "y", "origin": [0, 15, 0]},
			"faces": {
				"north": {"uv": [0, 0, 16, 1], "texture": "#1"},
				"east": {"uv": [13, 0, 16, 1], "texture": "#1"},
				"south": {"uv": [0, 0, 16, 1], "texture": "#2"},
				"west": {"uv": [0, 0, 3, 1], "texture": "#1"},
				"up": {"uv": [0, 0, 16, 3], "texture": "#1"},
				"down": {"uv": [0, 0, 16, 3], "texture": "#missing"}
			}
		},
		{
			"from": [0, 15, 13],
			"to": [16, 16, 16],
			"rotation": {"angle": 0, "axis": "y", "origin": [0, 15, 13]},
			"faces": {
				"north": {"uv": [0, 0, 16, 1], "texture": "#2"},
				"east": {"uv": [0, 0, 3, 1], "texture": "#1"},
				"south": {"uv": [0, 0, 16, 1], "texture": "#1"},
				"west": {"uv": [13, 0, 16, 1], "texture": "#1"},
				"up": {"uv": [0, 13, 16, 16], "texture": "#1"},
				"down": {"uv": [0, 0, 16, 3], "texture": "#missing"}
			}
		},
		{
			"from": [0, 15, 3],
			"to": [3, 16, 13],
			"rotation": {"angle": 0, "axis": "y", "origin": [0, 15, 3]},
			"faces": {
				"north": {"uv": [0, 0, 3, 1], "texture": "#missing"},
				"east": {"uv": [0, 0, 10, 1], "texture": "#2"},
				"south": {"uv": [0, 0, 3, 1], "texture": "#missing"},
				"west": {"uv": [3, 0, 13, 1], "texture": "#1"},
				"up": {"uv": [0, 3, 3, 13], "texture": "#1"},
				"down": {"uv": [0, 0, 3, 10], "texture": "#missing"}
			}
		},
		{
			"from": [13, 15, 3],
			"to": [16, 16, 13],
			"rotation": {"angle": 0, "axis": "y", "origin": [13, 15, 3]},
			"faces": {
				"north": {"uv": [0, 0, 3, 1], "texture": "#missing"},
				"east": {"uv": [3, 0, 13, 1], "texture": "#1"},
				"south": {"uv": [0, 0, 3, 1], "texture": "#missing"},
				"west": {"uv": [0, 0, 10, 1], "texture": "#2"},
				"up": {"uv": [13, 3, 16, 13], "texture": "#1"},
				"down": {"uv": [0, 0, 3, 10], "texture": "#missing"}
			}
		},
		{
			"from": [12, 15, 3],
			"to": [13, 16, 4],
			"rotation": {"angle": 0, "axis": "y", "origin": [12, 15, 3]},
			"faces": {
				"north": {"uv": [0, 0, 1, 1], "texture": "#missing"},
				"east": {"uv": [0, 0, 1, 1], "texture": "#missing"},
				"south": {"uv": [0, 0, 1, 1], "texture": "#2"},
				"west": {"uv": [0, 0, 1, 1], "texture": "#2"},
				"up": {"uv": [0, 0, 1, 1], "texture": "#2"},
				"down": {"uv": [0, 0, 1, 1], "texture": "#missing"}
			}
		},
		{
			"from": [3, 15, 3],
			"to": [4, 16, 4],
			"rotation": {"angle": 0, "axis": "y", "origin": [3, 15, 3]},
			"faces": {
				"north": {"uv": [0, 0, 1, 1], "texture": "#missing"},
				"east": {"uv": [0, 0, 1, 1], "texture": "#2"},
				"south": {"uv": [0, 0, 1, 1], "texture": "#2"},
				"west": {"uv": [0, 0, 1, 1], "texture": "#missing"},
				"up": {"uv": [0, 0, 1, 1], "texture": "#2"},
				"down": {"uv": [0, 0, 1, 1], "texture": "#missing"}
			}
		},
		{
			"from": [3, 15, 12],
			"to": [4, 16, 13],
			"rotation": {"angle": 0, "axis": "y", "origin": [3, 15, 12]},
			"faces": {
				"north": {"uv": [0, 0, 1, 1], "texture": "#2"},
				"east": {"uv": [0, 0, 1, 1], "texture": "#2"},
				"south": {"uv": [0, 0, 1, 1], "texture": "#missing"},
				"west": {"uv": [0, 0, 1, 1], "texture": "#missing"},
				"up": {"uv": [0, 0, 1, 1], "texture": "#2"},
				"down": {"uv": [0, 0, 1, 1], "texture": "#missing"}
			}
		},
		{
			"from": [12, 15, 12],
			"to": [13, 16, 13],
			"rotation": {"angle": 0, "axis": "y", "origin": [12, 15, 12]},
			"faces": {
				"north": {"uv": [0, 0, 1, 1], "texture": "#2"},
				"east": {"uv": [0, 0, 1, 1], "texture": "#missing"},
				"south": {"uv": [0, 0, 1, 1], "texture": "#missing"},
				"west": {"uv": [0, 0, 1, 1], "texture": "#2"},
				"up": {"uv": [0, 0, 1, 1], "texture": "#2"},
				"down": {"uv": [0, 0, 1, 1], "texture": "#missing"}
			}
		},
		{
			"from": [4, 15, 5],
			"to": [12, 16, 11],
			"rotation": {"angle": 0, "axis": "y", "origin": [11, 15, 7]},
			"faces": {
				"north": {"uv": [0, 0, 8, 1], "texture": "#2"},
				"east": {"uv": [0, 0, 6, 1], "texture": "#2"},
				"south": {"uv": [0, 0, 8, 1], "texture": "#2"},
				"west": {"uv": [0, 0, 6, 1], "texture": "#2"},
				"up": {"uv": [4, 5, 12, 11], "texture": "#1"},
				"down": {"uv": [0, 0, 8, 6], "texture": "#missing"}
			}
		},
		{
			"from": [5, 15, 11],
			"to": [11, 16, 12],
			"rotation": {"angle": 0, "axis": "y", "origin": [11, 15, 8]},
			"faces": {
				"north": {"uv": [0, 0, 6, 1], "texture": "#missing"},
				"east": {"uv": [0, 0, 1, 1], "texture": "#2"},
				"south": {"uv": [0, 0, 6, 1], "texture": "#2"},
				"west": {"uv": [0, 0, 1, 1], "texture": "#2"},
				"up": {"uv": [5, 4, 11, 5], "texture": "#1"},
				"down": {"uv": [0, 0, 6, 1], "texture": "#missing"}
			}
		},
		{
			"from": [5, 15, 4],
			"to": [11, 16, 5],
			"rotation": {"angle": 0, "axis": "y", "origin": [11, 15, 1]},
			"faces": {
				"north": {"uv": [0, 0, 6, 1], "texture": "#2"},
				"east": {"uv": [0, 0, 1, 1], "texture": "#2"},
				"south": {"uv": [0, 0, 6, 1], "texture": "#missing"},
				"west": {"uv": [0, 0, 1, 1], "texture": "#2"},
				"up": {"uv": [5, 4, 11, 5], "texture": "#1"},
				"down": {"uv": [0, 0, 6, 1], "texture": "#missing"}
			}
		}
	]
}