{
	"credit": "Made with Blockbench",
	"textures": {
		"0": "createdieselgenerators:block/andesite_girder",
		"particle": "create:block/industrial_iron_block"
	},
	"elements": [
		{
			"from": [3, 11, 3],
			"to": [13, 16, 13],
			"faces": {
				"north": {"uv": [13, 8, 15.5, 13], "rotation": 90, "texture": "#0"},
				"east": {"uv": [13, 8, 15.5, 13], "rotation": 90, "texture": "#0"},
				"south": {"uv": [13, 8, 15.5, 13], "rotation": 90, "texture": "#0"},
				"west": {"uv": [13, 8, 15.5, 13], "rotation": 90, "texture": "#0"},
				"up": {"uv": [8, 8, 13, 13], "rotation": 180, "texture": "#0"},
				"down": {"uv": [8, 8, 13, 13], "texture": "#0"}
			}
		}
	],
	"groups": [
		{
			"name": "Brace",
			"origin": [0, 0, 0],
			"color": 0,
			"children": [0]
		}
	]
}