{
	"parent": "minecraft:block/orientable_with_bottom",
	"textures": {
		"0": "ae2:block/drive/drive_top",
		"1": "ae2:block/drive/drive_bottom",
		"2": "ae2:block/drive/drive_inside",
		"3": "ae2:block/drive/drive_side",
		"4": "ae2:block/drive/drive_front",
		"top": "ae2:block/drive/drive_top",
		"bottom": "ae2:block/drive/drive_bottom",
		"inside": "ae2:block/drive/drive_inside",
		"side": "ae2:block/drive/drive_side",
		"front": "ae2:block/drive/drive_front"
		
	},
	"elements": [
		{
			"from": [0, 0, 0],
			"to": [16, 1, 16],
			"rotation": {"angle": 0, "axis": "y", "origin": [0, 0, 14]},
			"faces": {
				"north": {"uv": [0, 15, 16, 16], "texture": "#4"},
				"east": {"uv": [0, 15, 16, 16], "texture": "#3"},
				"south": {"uv": [0, 15, 16, 16], "texture": "#3"},
				"west": {"uv": [0, 15, 16, 16], "texture": "#3"},
				"up": {"uv": [0, 16, 16, 0], "rotation": 90, "texture": "#2"},
				"down": {"uv": [0, 0, 16, 16], "texture": "#1"}
			}
		},
		{
			"from": [1, 3, 2],
			"to": [15, 4, 15],
			"rotation": {"angle": 0, "axis": "y", "origin": [0, 3, 14]},
			"faces": {
				"north": {"uv": [0, 15, 16, 16], "texture": "#4"},
				"east": {"uv": [0, 15, 16, 16], "texture": "#missing"},
				"south": {"uv": [0, 15, 16, 16], "texture": "#missing"},
				"west": {"uv": [0, 15, 16, 16], "texture": "#missing"},
				"up": {"uv": [0, 16, 13, 0], "rotation": 90, "texture": "#2"},
				"down": {"uv": [13, 0, 0, 16], "rotation": 90, "texture": "#2"}
			}
		},
		{
			"from": [1, 6, 2],
			"to": [15, 7, 15],
			"rotation": {"angle": 0, "axis": "y", "origin": [0, 6, 14]},
			"faces": {
				"north": {"uv": [0, 15, 16, 16], "texture": "#4"},
				"east": {"uv": [0, 15, 16, 16], "texture": "#missing"},
				"south": {"uv": [0, 15, 16, 16], "texture": "#missing"},
				"west": {"uv": [0, 15, 16, 16], "texture": "#missing"},
				"up": {"uv": [0, 16, 13, 0], "rotation": 90, "texture": "#2"},
				"down": {"uv": [13, 0, 0, 16], "rotation": 90, "texture": "#2"}
			}
		},
		{
			"from": [1, 9, 2],
			"to": [15, 10, 15],
			"rotation": {"angle": 0, "axis": "y", "origin": [0, 9, 14]},
			"faces": {
				"north": {"uv": [0, 15, 16, 16], "texture": "#4"},
				"east": {"uv": [0, 15, 16, 16], "texture": "#missing"},
				"south": {"uv": [0, 15, 16, 16], "texture": "#missing"},
				"west": {"uv": [0, 15, 16, 16], "texture": "#missing"},
				"up": {"uv": [0, 16, 13, 0], "rotation": 90, "texture": "#2"},
				"down": {"uv": [13, 0, 0, 16], "rotation": 90, "texture": "#2"}
			}
		},
		{
			"from": [1, 12, 2],
			"to": [15, 13, 15],
			"rotation": {"angle": 0, "axis": "y", "origin": [0, 12, 14]},
			"faces": {
				"north": {"uv": [0, 15, 16, 16], "texture": "#4"},
				"east": {"uv": [0, 15, 16, 16], "texture": "#missing"},
				"south": {"uv": [0, 15, 16, 16], "texture": "#missing"},
				"west": {"uv": [0, 15, 16, 16], "texture": "#missing"},
				"up": {"uv": [0, 16, 13, 0], "rotation": 90, "texture": "#2"},
				"down": {"uv": [13, 0, 0, 16], "rotation": 90, "texture": "#2"}
			}
		},
		{
			"from": [15, 1, 0],
			"to": [16, 15, 16],
			"rotation": {"angle": 0, "axis": "y", "origin": [0, 0, 14]},
			"faces": {
				"north": {"uv": [0, 1, 1, 15], "texture": "#4"},
				"east": {"uv": [0, 1, 16, 15], "texture": "#3"},
				"south": {"uv": [15, 1, 16, 15], "texture": "#3"},
				"west": {"uv": [0, 1, 16, 15], "texture": "#2"},
				"up": {"uv": [0, 0, 1, 16], "texture": "#missing"},
				"down": {"uv": [0, 0, 1, 16], "texture": "#missing"}
			}
		},
		{
			"from": [0, 1, 0],
			"to": [1, 15, 16],
			"rotation": {"angle": 0, "axis": "y", "origin": [-15, 0, 14]},
			"faces": {
				"north": {"uv": [15, 1, 16, 15], "texture": "#4"},
				"east": {"uv": [16, 1, 0, 15], "texture": "#2"},
				"south": {"uv": [0, 1, 1, 15], "texture": "#3"},
				"west": {"uv": [0, 1, 16, 15], "texture": "#3"},
				"up": {"uv": [0, 0, 1, 16], "texture": "#missing"},
				"down": {"uv": [0, 0, 1, 16], "texture": "#missing"}
			}
		},
		{
			"from": [1, 1, 15],
			"to": [15, 15, 16],
			"rotation": {"angle": 0, "axis": "y", "origin": [-15, 0, 14]},
			"faces": {
				"north": {"uv": [1, 1, 15, 15], "texture": "#4"},
				"east": {"uv": [0, 0, 1, 14], "texture": "#missing"},
				"south": {"uv": [1, 1, 15, 15], "texture": "#3"},
				"west": {"uv": [0, 0, 1, 14], "texture": "#missing"},
				"up": {"uv": [0, 0, 14, 1], "texture": "#missing"},
				"down": {"uv": [0, 0, 14, 1], "texture": "#missing"}
			}
		},
		{
			"from": [0, 15, 0],
			"to": [16, 16, 16],
			"rotation": {"angle": 0, "axis": "y", "origin": [0, 15, 14]},
			"faces": {
				"north": {"uv": [0, 0, 16, 1], "texture": "#4"},
				"east": {"uv": [0, 0, 16, 1], "texture": "#3"},
				"south": {"uv": [0, 0, 16, 1], "texture": "#3"},
				"west": {"uv": [0, 0, 16, 1], "texture": "#3"},
				"up": {"uv": [0, 0, 16, 16], "texture": "#0"},
				"down": {"uv": [16, 0, 0, 16], "rotation": 90, "texture": "#2"}
			}
		},
		{
			"from": [7, 1, 1],
			"to": [9, 15, 15],
			"rotation": {"angle": 0, "axis": "y", "origin": [7, 12, 0]},
			"faces": {
				"north": {"uv": [7, 1, 9, 15], "texture": "#4"},
				"east": {"uv": [15, 15, 1, 1], "texture": "#2"},
				"south": {"uv": [0, 0, 2, 14], "texture": "#missing"},
				"west": {"uv": [1, 1, 15, 15], "texture": "#2"},
				"up": {"uv": [0, 0, 2, 14], "texture": "#missing"},
				"down": {"uv": [0, 0, 2, 14], "texture": "#missing"}
			}
		}
	]
}