{
	"credit": "Made with Blockbench",
	"texture_size": [32, 32],
	"textures": {
		"0": "createdieselgenerators:item/chemical_sprayer",
		"particle": "createdieselgenerators:item/chemical_sprayer"
	},
	"elements": [
		{
			"from": [-1, -4, -1.5],
			"to": [1, 4, 1.5],
			"faces": {
				"north": {"uv": [3.5, 8, 7.5, 9], "rotation": 90, "texture": "#0"},
				"east": {"uv": [3.5, 8.5, 7.5, 10], "rotation": 270, "texture": "#0"},
				"south": {"uv": [3.5, 8, 7.5, 9], "rotation": 270, "texture": "#0"},
				"west": {"uv": [3.5, 10, 7.5, 8.5], "rotation": 270, "texture": "#0"},
				"up": {"uv": [9, 9, 7.5, 8], "rotation": 270, "texture": "#0"},
				"down": {"uv": [7.5, 9, 9, 8], "rotation": 270, "texture": "#0"}
			}
		},
		{
			"from": [-4, -1, -1.5],
			"to": [4, 1, 1.5],
			"faces": {
				"north": {"uv": [3.5, 8, 7.5, 9], "texture": "#0"},
				"east": {"uv": [9, 9, 7.5, 8], "texture": "#0"},
				"south": {"uv": [3.5, 8, 7.5, 9], "texture": "#0"},
				"west": {"uv": [7.5, 9, 9, 8], "texture": "#0"},
				"up": {"uv": [3.5, 10, 7.5, 8.5], "texture": "#0"},
				"down": {"uv": [3.5, 8.5, 7.5, 10], "texture": "#0"}
			}
		},
		{
			"from": [-0.99, -3.99, -1.49],
			"to": [0.99, 3.99, 1.49],
			"rotation": {"angle": 45, "axis": "z", "origin": [0, 0, 0]},
			"faces": {
				"north": {"uv": [3.5, 8, 7.5, 9], "rotation": 90, "texture": "#0"},
				"east": {"uv": [3.5, 8.5, 7.5, 10], "rotation": 270, "texture": "#0"},
				"south": {"uv": [3.5, 8, 7.5, 9], "rotation": 270, "texture": "#0"},
				"west": {"uv": [3.5, 10, 7.5, 8.5], "rotation": 270, "texture": "#0"},
				"up": {"uv": [9, 9, 7.5, 8], "rotation": 270, "texture": "#0"},
				"down": {"uv": [7.5, 9, 9, 8], "rotation": 270, "texture": "#0"}
			}
		},
		{
			"from": [-3.99, -0.99, -1.49],
			"to": [3.99, 0.99, 1.49],
			"rotation": {"angle": 45, "axis": "z", "origin": [0, 0, 0]},
			"faces": {
				"north": {"uv": [3.5, 8, 7.5, 9], "texture": "#0"},
				"east": {"uv": [9, 9, 7.5, 8], "texture": "#0"},
				"south": {"uv": [3.5, 8, 7.5, 9], "texture": "#0"},
				"west": {"uv": [7.5, 9, 9, 8], "texture": "#0"},
				"up": {"uv": [3.5, 10, 7.5, 8.5], "texture": "#0"},
				"down": {"uv": [3.5, 8.5, 7.5, 10], "texture": "#0"}
			}
		}
	],
	"display": {
		"thirdperson_righthand": {
			"translation": [-0.25, 1.25, -0.75],
			"scale": [0.55, 0.55, 0.55]
		},
		"thirdperson_lefthand": {
			"translation": [-0.25, 1.25, -0.75],
			"scale": [0.55, 0.55, 0.55]
		},
		"ground": {
			"translation": [0, 2, 0],
			"scale": [0.5, 0.5, 0.5]
		},
		"gui": {
			"rotation": [30, 225, 0],
			"translation": [-0.5, -0.75, 0],
			"scale": [0.625, 0.625, 0.625]
		},
		"head": {
			"translation": [0, 9, 0]
		},
		"fixed": {
			"rotation": [90, -90, 180],
			"translation": [0, 0, -0.25],
			"scale": [0.5, 0.5, 0.5]
		}
	}
}