{
	"credit": "Made with Blockbench",
	"texture_size": [32, 32],
	"textures": {
		"0": "createdieselgenerators:item/chemical_sprayer",
		"particle": "createdieselgenerators:item/chemical_sprayer"
	},
	"elements": [
		{
			"from": [6, 6, -11],
			"to": [10, 10, -8],
			"rotation": {"angle": 0, "axis": "y", "origin": [0, 0, -10]},
			"faces": {
				"east": {"uv": [1.5, 2, 0, 0], "texture": "#0"},
				"west": {"uv": [0, 0, 1.5, 2], "texture": "#0"},
				"up": {"uv": [0, 0, 1.5, 2], "rotation": 90, "texture": "#0"},
				"down": {"uv": [1.5, 2, 0, 0], "rotation": 90, "texture": "#0"}
			}
		},
		{
			"from": [10, 6, -11],
			"to": [6, 10, -8],
			"rotation": {"angle": 0, "axis": "y", "origin": [0, 0, -10]},
			"faces": {
				"east": {"uv": [7, 3, 5.5, 5], "texture": "#0"},
				"west": {"uv": [5.5, 5, 7, 3], "texture": "#0"},
				"up": {"uv": [5.5, 5, 7, 3], "rotation": 90, "texture": "#0"},
				"down": {"uv": [7, 3, 5.5, 5], "rotation": 90, "texture": "#0"}
			}
		},
		{
			"from": [5, 5, -8],
			"to": [11, 11, -6],
			"rotation": {"angle": 0, "axis": "y", "origin": [0, 0, -10]},
			"faces": {
				"north": {"uv": [1.5, 0, 4.5, 3], "texture": "#0"},
				"east": {"uv": [5.5, 0, 4.5, 3], "texture": "#0"},
				"south": {"uv": [5.5, 0, 8.5, 3], "texture": "#0"},
				"west": {"uv": [4.5, 0, 5.5, 3], "texture": "#0"},
				"up": {"uv": [4.5, 0, 5.5, 3], "rotation": 90, "texture": "#0"},
				"down": {"uv": [5.5, 0, 4.5, 3], "rotation": 90, "texture": "#0"}
			}
		},
		{
			"from": [5, 7, 15],
			"to": [11, 11, 17],
			"faces": {
				"north": {"uv": [0, 0, 3, 2], "texture": "#0"},
				"east": {"uv": [8.5, 0, 9.5, 2], "texture": "#0"},
				"south": {"uv": [12, 0, 14, 3], "rotation": 90, "texture": "#0"},
				"west": {"uv": [9.5, 0, 8.5, 2], "texture": "#0"},
				"up": {"uv": [6, 5, 7, 8], "rotation": 90, "texture": "#0"},
				"down": {"uv": [0, 0, 3, 1], "texture": "#0"}
			}
		},
		{
			"from": [5.001, 5.001, 13.001],
			"to": [10.999, 7.827, 14.999],
			"rotation": {"angle": 45, "axis": "x", "origin": [0, 5, 15]},
			"faces": {
				"north": {"uv": [0, 0, 3, 1.414], "texture": "#0"},
				"east": {"uv": [0, 3, 1.414, 2], "rotation": 90, "texture": "#0"},
				"south": {"uv": [9.5, 3, 10.914, 6], "rotation": 90, "texture": "#0"},
				"west": {"uv": [0, 2, 1.414, 3], "rotation": 90, "texture": "#0"},
				"up": {"uv": [0, 0, 3, 1], "texture": "#0"},
				"down": {"uv": [0, 0, 3, 1], "texture": "#0"}
			}
		},
		{
			"from": [5, 5, 10],
			"to": [11, 11, 15],
			"faces": {
				"north": {"uv": [11, 3, 14, 6], "texture": "#0"},
				"east": {"uv": [11, 0, 8.5, 3], "texture": "#0"},
				"south": {"uv": [0, 0, 3, 3], "texture": "#0"},
				"west": {"uv": [8.5, 0, 11, 3], "texture": "#0"},
				"up": {"uv": [3.5, 5, 6, 8], "rotation": 90, "texture": "#0"},
				"down": {"uv": [11, 3, 8.5, 6], "rotation": 90, "texture": "#0"}
			}
		},
		{
			"from": [5, 5, 5],
			"to": [11, 11, 7],
			"faces": {
				"north": {"uv": [1.5, 0, 4.5, 3], "texture": "#0"},
				"east": {"uv": [12, 0, 11, 3], "texture": "#0"},
				"south": {"uv": [5.5, 0, 8.5, 3], "texture": "#0"},
				"west": {"uv": [4.5, 0, 5.5, 3], "texture": "#0"},
				"up": {"uv": [4.5, 0, 5.5, 3], "rotation": 90, "texture": "#0"},
				"down": {"uv": [5.5, 0, 4.5, 3], "rotation": 90, "texture": "#0"}
			}
		},
		{
			"from": [6, 6, -6],
			"to": [10, 10, 5],
			"rotation": {"angle": 0, "axis": "y", "origin": [0, 0, -5]},
			"faces": {
				"north": {"uv": [0, 0, 2, 2], "texture": "#0"},
				"east": {"uv": [0, 5, 5.5, 3], "texture": "#0"},
				"south": {"uv": [0, 0, 2, 2], "texture": "#0"},
				"west": {"uv": [0, 3, 5.5, 5], "texture": "#0"},
				"up": {"uv": [0, 5, 5.5, 3], "rotation": 90, "texture": "#0"},
				"down": {"uv": [0, 3, 5.5, 5], "rotation": 90, "texture": "#0"}
			}
		},
		{
			"from": [4, 9, 14],
			"to": [5, 16, 16],
			"rotation": {"angle": 0, "axis": "x", "origin": [4, 11, 15]},
			"faces": {
				"north": {"uv": [7.5, 3, 8, 6.5], "texture": "#0"},
				"east": {"uv": [7.5, 3, 8.5, 6.5], "texture": "#0"},
				"south": {"uv": [7.5, 3, 8, 6.5], "texture": "#0"},
				"west": {"uv": [7.5, 3, 8.5, 6.5], "texture": "#0"},
				"up": {"uv": [7.5, 3, 8, 4], "texture": "#0"},
				"down": {"uv": [7.5, 3, 8, 4], "texture": "#0"}
			}
		},
		{
			"from": [11, 9, 14],
			"to": [12, 16, 16],
			"rotation": {"angle": 0, "axis": "y", "origin": [11, 11, 15]},
			"faces": {
				"north": {"uv": [7.5, 3, 8, 6.5], "texture": "#0"},
				"east": {"uv": [7.5, 3, 8.5, 6.5], "texture": "#0"},
				"south": {"uv": [7.5, 3, 8, 6.5], "texture": "#0"},
				"west": {"uv": [7.5, 3, 8.5, 6.5], "texture": "#0"},
				"up": {"uv": [7.5, 3, 8, 4], "texture": "#0"},
				"down": {"uv": [7.5, 3, 8, 4], "texture": "#0"}
			}
		},
		{
			"from": [5, 14, 14],
			"to": [11, 16, 16],
			"rotation": {"angle": 0, "axis": "y", "origin": [10, 11, 15]},
			"faces": {
				"north": {"uv": [11.5, 6, 8.5, 7], "texture": "#0"},
				"south": {"uv": [8.5, 6, 11.5, 7], "texture": "#0"},
				"up": {"uv": [8.5, 7, 11.5, 6], "texture": "#0"},
				"down": {"uv": [8.5, 6, 11.5, 7], "texture": "#0"}
			}
		},
		{
			"from": [-1, 7, 3],
			"to": [6, 9, 5],
			"rotation": {"angle": 0, "axis": "y", "origin": [4, 7, 3]},
			"faces": {
				"north": {"uv": [8.5, 7, 12, 8], "texture": "#0"},
				"south": {"uv": [8.5, 7, 12, 8], "texture": "#0"},
				"west": {"uv": [12, 7, 13, 8], "texture": "#0"},
				"up": {"uv": [8.5, 7, 12, 8], "texture": "#0"},
				"down": {"uv": [8.5, 7, 12, 8], "texture": "#0"}
			}
		},
		{
			"from": [10, 3, 0],
			"to": [13, 11, 5],
			"rotation": {"angle": -22.5, "axis": "z", "origin": [12, 9, 4]},
			"faces": {
				"north": {"uv": [2, 10, 3.5, 6], "rotation": 180, "texture": "#0"},
				"east": {"uv": [0, 6, 2.5, 10], "texture": "#0"},
				"south": {"uv": [2, 6, 3.5, 10], "texture": "#0"},
				"west": {"uv": [0, 6, 2.5, 10], "texture": "#0"},
				"up": {"uv": [0, 5, 2.5, 6.5], "rotation": 270, "texture": "#0"},
				"down": {"uv": [0, 5, 2.5, 6.5], "rotation": 270, "texture": "#0"}
			}
		}
	],
	"display": {
		"thirdperson_righthand": {
			"translation": [-0.25, 1.25, -0.75],
			"scale": [0.55, 0.55, 0.55]
		},
		"thirdperson_lefthand": {
			"translation": [-0.25, 1.25, -0.75],
			"scale": [0.55, 0.55, 0.55]
		},
		"ground": {
			"translation": [0, 2, 0],
			"scale": [0.5, 0.5, 0.5]
		},
		"gui": {
			"rotation": [30, 225, 0],
			"translation": [-2, -0.75, 0],
			"scale": [0.625, 0.625, 0.625]
		},
		"head": {
			"translation": [0, 9, 0]
		},
		"fixed": {
			"rotation": [90, -90, 180],
			"translation": [-2, 0, -0.25],
			"scale": [0.5, 0.5, 0.5]
		}
	}
}