{
	"credit": "Made with Blockbench",
	"texture_size": [32, 32],
	"textures": {
		"1": "create:block/pipes",
		"2": "createdieselgenerators:block/diesel_engine_on",
		"particle": "createdieselgenerators:block/diesel_engine"
	},
	"elements": [
		{
			"from": [2, 4, 4],
			"to": [14, 12, 12],
			"rotation": {"angle": 0, "axis": "y", "origin": [13, 4, 4]},
			"faces": {
				"north": {"uv": [10, 7, 14, 10], "rotation": 90, "texture": "#2"},
				"south": {"uv": [10, 7, 14, 10], "rotation": 90, "texture": "#2"},
				"up": {"uv": [10, 7, 14, 10], "rotation": 90, "texture": "#2"},
				"down": {"uv": [10, 7, 14, 10], "rotation": 90, "texture": "#2"}
			}
		},
		{
			"from": [8.5, 3, -0.75],
			"to": [12.5, 7, 6.25],
			"rotation": {"angle": -45, "axis": "y", "origin": [10.5, 5, 2.75]},
			"faces": {
				"north": {"uv": [2, 9.5, 4, 11.5], "rotation": 180, "texture": "#2"},
				"east": {"uv": [2, 9.5, 0, 13], "rotation": 90, "texture": "#2"},
				"west": {"uv": [2, 9.5, 0, 13], "rotation": 270, "texture": "#2"},
				"up": {"uv": [0, 9.5, 2, 13], "texture": "#2"},
				"down": {"uv": [0, 9.5, 2, 13], "rotation": 180, "texture": "#2"}
			}
		},
		{
			"from": [8.5, 9, -0.75],
			"to": [12.5, 13, 6.25],
			"rotation": {"angle": -45, "axis": "y", "origin": [10.5, 11, 2.75]},
			"faces": {
				"north": {"uv": [10, 12, 12, 14], "rotation": 180, "texture": "#2"},
				"east": {"uv": [2, 9.5, 0, 13], "rotation": 90, "texture": "#2"},
				"west": {"uv": [2, 9.5, 0, 13], "rotation": 270, "texture": "#2"},
				"up": {"uv": [0, 9.5, 2, 13], "texture": "#2"},
				"down": {"uv": [0, 9.5, 2, 13], "rotation": 180, "texture": "#2"}
			}
		},
		{
			"from": [3.6, 3, -0.75],
			"to": [7.6, 7, 6.25],
			"rotation": {"angle": 45, "axis": "y", "origin": [5.6, 5, 2.75]},
			"faces": {
				"north": {"uv": [2, 9.5, 4, 11.5], "rotation": 180, "texture": "#2"},
				"east": {"uv": [2, 9.5, 0, 13], "rotation": 90, "texture": "#2"},
				"west": {"uv": [2, 9.5, 0, 13], "rotation": 270, "texture": "#2"},
				"up": {"uv": [0, 9.5, 2, 13], "texture": "#2"},
				"down": {"uv": [0, 9.5, 2, 13], "rotation": 180, "texture": "#2"}
			}
		},
		{
			"from": [3.6, 9, -0.75],
			"to": [7.6, 13, 6.25],
			"rotation": {"angle": 45, "axis": "y", "origin": [5.6, 11, 2.75]},
			"faces": {
				"north": {"uv": [10, 12, 12, 14], "rotation": 180, "texture": "#2"},
				"east": {"uv": [2, 9.5, 0, 13], "rotation": 90, "texture": "#2"},
				"west": {"uv": [2, 9.5, 0, 13], "rotation": 270, "texture": "#2"},
				"up": {"uv": [0, 9.5, 2, 13], "texture": "#2"},
				"down": {"uv": [0, 9.5, 2, 13], "rotation": 180, "texture": "#2"}
			}
		},
		{
			"from": [3, 0, 11],
			"to": [13, 16, 13],
			"faces": {
				"north": {"uv": [8, 1.5, 16, 6.5], "rotation": 90, "texture": "#2"},
				"east": {"uv": [0, 8.5, 8, 9.5], "rotation": 90, "texture": "#2"},
				"south": {"uv": [0, 4.5, 8, 9.5], "rotation": 90, "texture": "#2"},
				"west": {"uv": [0, 4.5, 8, 5.5], "rotation": 90, "texture": "#2"},
				"up": {"uv": [2, 12.5, 7, 11.5], "texture": "#2"},
				"down": {"uv": [2, 11.5, 7, 12.5], "texture": "#2"}
			}
		},
		{
			"from": [3, 0, 3],
			"to": [13, 16, 5],
			"faces": {
				"north": {"uv": [0, 4.5, 8, 9.5], "rotation": 90, "texture": "#2"},
				"east": {"uv": [0, 4.5, 8, 5.5], "rotation": 90, "texture": "#2"},
				"south": {"uv": [8, 1.5, 16, 6.5], "rotation": 90, "texture": "#2"},
				"west": {"uv": [0, 8.5, 8, 9.5], "rotation": 90, "texture": "#2"},
				"up": {"uv": [2, 11.5, 7, 12.5], "texture": "#2"},
				"down": {"uv": [2, 12.5, 7, 11.5], "texture": "#2"}
			}
		},
		{
			"from": [3, 0, 5],
			"to": [5, 16, 11],
			"faces": {
				"north": {"uv": [0, 0, 1, 8], "texture": "#2"},
				"east": {"uv": [8, 2.5, 16, 5.5], "rotation": 90, "texture": "#2"},
				"south": {"uv": [0, 0, 1, 8], "texture": "#2"},
				"west": {"uv": [0, 5.5, 8, 8.5], "rotation": 90, "texture": "#2"},
				"up": {"uv": [2, 12.5, 3, 15.5], "texture": "#2"},
				"down": {"uv": [2, 12.5, 3, 15.5], "texture": "#2"}
			}
		},
		{
			"from": [11, 0, 5],
			"to": [13, 16, 11],
			"faces": {
				"north": {"uv": [0, 0, 1, 8], "texture": "#2"},
				"east": {"uv": [0, 5.5, 8, 8.5], "rotation": 90, "texture": "#2"},
				"south": {"uv": [0, 0, 1, 8], "texture": "#2"},
				"west": {"uv": [8, 2.5, 16, 5.5], "rotation": 90, "texture": "#2"},
				"up": {"uv": [6, 12.5, 7, 15.5], "texture": "#2"},
				"down": {"uv": [6, 12.5, 7, 15.5], "texture": "#2"}
			}
		},
		{
			"from": [5, 1, 5],
			"to": [11, 14, 11],
			"faces": {
				"north": {"uv": [0, 0, 3, 7], "texture": "#2"},
				"east": {"uv": [0, 0, 3, 7], "texture": "#2"},
				"south": {"uv": [0, 0, 3, 7], "texture": "#2"},
				"west": {"uv": [0, 0, 3, 7], "texture": "#2"},
				"up": {"uv": [7, 13, 10, 16], "texture": "#2"},
				"down": {"uv": [7, 13, 10, 16], "texture": "#2"}
			}
		},
		{
			"from": [14, 3, 3],
			"to": [16, 13, 13],
			"rotation": {"angle": 0, "axis": "y", "origin": [14, 11, 3]},
			"faces": {
				"north": {"uv": [12, 2.5, 13, 7.5], "texture": "#1"},
				"east": {"uv": [11, 11, 16, 16], "texture": "#1"},
				"south": {"uv": [13, 2.5, 12, 7.5], "texture": "#1"},
				"west": {"uv": [6, 11, 11, 16], "texture": "#1"},
				"up": {"uv": [13, 2.5, 12, 7.5], "texture": "#1"},
				"down": {"uv": [13, 2.5, 12, 7.5], "texture": "#1"}
			}
		},
		{
			"from": [0, 3, 3],
			"to": [2, 13, 13],
			"rotation": {"angle": 0, "axis": "y", "origin": [0, 11, 3]},
			"faces": {
				"north": {"uv": [13, 2.5, 12, 7.5], "texture": "#1"},
				"east": {"uv": [6, 11, 11, 16], "texture": "#1"},
				"south": {"uv": [12, 2.5, 13, 7.5], "texture": "#1"},
				"west": {"uv": [11, 11, 16, 16], "texture": "#1"},
				"up": {"uv": [12, 2.5, 13, 7.5], "texture": "#1"},
				"down": {"uv": [12, 2.5, 13, 7.5], "texture": "#1"}
			}
		}
	],
	"display": {
		"thirdperson_righthand": {
			"rotation": [75, 45, 0],
			"translation": [0, 2.5, 0],
			"scale": [0.375, 0.375, 0.375]
		},
		"thirdperson_lefthand": {
			"rotation": [75, 45, 0],
			"translation": [0, 2.5, 0],
			"scale": [0.375, 0.375, 0.375]
		},
		"firstperson_righthand": {
			"rotation": [0, 45, 0],
			"scale": [0.4, 0.4, 0.4]
		},
		"firstperson_lefthand": {
			"rotation": [0, 225, 0],
			"scale": [0.4, 0.4, 0.4]
		},
		"ground": {
			"translation": [0, 3, 0],
			"scale": [0.25, 0.25, 0.25]
		},
		"gui": {
			"rotation": [30, 225, 0],
			"scale": [0.625, 0.625, 0.625]
		},
		"fixed": {
			"rotation": [0, -90, 0],
			"scale": [0.5, 0.5, 0.5]
		}
	}
}