{
	"credit": "Made with Blockbench",
	"texture_size": [48, 32],
	"textures": {
		"0": "createdieselgenerators:block/pumpjack_crank",
		"1": "createdieselgenerators:block/pumpjack_bearing_back",
		"particle": "createdieselgenerators:block/pumpjack_crank"
	},
	"elements": [
		{
			"from": [4, 4, -2],
			"to": [12, 12, 0],
			"rotation": {"angle": 0, "axis": "y", "origin": [8, 0, -3]},
			"faces": {
				"north": {"uv": [9.33333, 4, 12, 8], "rotation": 180, "texture": "#0"},
				"east": {"uv": [12.66667, 4, 12, 8], "rotation": 180, "texture": "#0"},
				"south": {"uv": [9.33333, 4, 12, 8], "rotation": 180, "texture": "#0"},
				"west": {"uv": [12, 4, 12.66667, 8], "rotation": 180, "texture": "#0"},
				"up": {"uv": [12.66667, 4, 12, 8], "rotation": 90, "texture": "#0"},
				"down": {"uv": [12, 4, 12.66667, 8], "rotation": 90, "texture": "#0"}
			}
		},
		{
			"from": [4, 4, 16],
			"to": [12, 12, 18],
			"rotation": {"angle": 0, "axis": "y", "origin": [8, 0, -3]},
			"faces": {
				"north": {"uv": [9.33333, 4, 12, 8], "rotation": 180, "texture": "#0"},
				"east": {"uv": [12.66667, 4, 12, 8], "rotation": 180, "texture": "#0"},
				"south": {"uv": [9.33333, 4, 12, 8], "rotation": 180, "texture": "#0"},
				"west": {"uv": [12, 4, 12.66667, 8], "rotation": 180, "texture": "#0"},
				"up": {"uv": [12.66667, 4, 12, 8], "rotation": 90, "texture": "#0"},
				"down": {"uv": [12, 4, 12.66667, 8], "rotation": 90, "texture": "#0"}
			}
		},
		{
			"from": [0, 0, 0],
			"to": [16, 16, 16],
			"faces": {
				"north": {"uv": [0, 0, 16, 16], "texture": "#1"},
				"east": {"uv": [0, 8, 5.33333, 16], "texture": "#0"},
				"south": {"uv": [0, 0, 16, 16], "texture": "#1"},
				"west": {"uv": [0, 8, 5.33333, 16], "texture": "#0"},
				"up": {"uv": [0, 8, 5.33333, 16], "rotation": 90, "texture": "#0"},
				"down": {"uv": [0, 8, 5.33333, 16], "rotation": 90, "texture": "#0"}
			}
		}
	]
}